timestamp,device_id,temperature,power_consumption,user_activity,device_mode,anomaly_flag,decision_label
26/06/2022 03:00,1261,20.76563523,468.7201795,Sleep,Auto,0,Normal
14/07/2022 20:00,1542,20.40033919,205.7720049,Active,Standby,0,Normal
03/02/2022 08:00,1898,27.93032835,353.8448107,Active,Manual,0,Normal
02/06/2022 23:00,1582,25.29536529,301.2350607,Active,Auto,0,Warning
24/06/2022 17:00,1991,26.56901534,487.7179305,Active,Auto,0,Normal
04/05/2022 16:00,1007,19.40026003,143.7608133,Sleep,Auto,0,Warning
19/07/2022 17:00,1028,29.09974713,123.2780858,Active,Manual,0,Normal
02/07/2022 00:00,1838,24.67469682,494.2022546,Idle,Manual,0,Normal
26/04/2022 16:00,1650,25.21342866,204.5441872,Sleep,Manual,1,Normal
04/05/2022 18:00,1323,20.83580375,185.5145744,Sleep,Standby,0,Normal
11/06/2022 03:00,1430,28.4997684,48.39405922,Active,Auto,0,Normal
14/03/2022 15:00,1349,20.70714778,133.9087634,Active,Auto,0,Normal
14/06/2022 12:00,1050,26.55121476,98.54815556,Active,Auto,0,Normal
08/06/2022 10:00,1243,24.19237726,241.0247975,Active,Auto,0,Warning
26/03/2022 08:00,1762,28.73702782,436.7525674,Idle,Standby,0,Warning
05/04/2022 18:00,1720,22.76304663,130.9099477,Active,Manual,0,Normal
05/01/2022 03:00,1112,27.17691087,444.0160713,Sleep,Standby,0,Normal
25/07/2022 01:00,1443,21.68265658,494.3823506,Idle,Auto,0,Normal
22/05/2022 23:00,1565,22.03308949,89.10165496,Idle,Auto,0,Normal
26/06/2022 21:00,1862,28.7549411,460.0098319,Sleep,Auto,0,Normal
12/07/2022 11:00,1989,19.30411776,166.9097253,Active,Manual,0,Normal
24/07/2022 20:00,1462,19.5455003,50.28597409,Active,Manual,0,Normal
08/01/2022 23:00,1482,23.24871334,241.8537542,Sleep,Standby,0,Normal
15/07/2022 16:00,1138,23.20023156,486.3201577,Idle,Manual,0,Normal
16/03/2022 08:00,1038,22.08049141,337.0769833,Sleep,Standby,0,Normal
05/03/2022 20:00,1871,19.28818451,194.8181551,Sleep,Auto,0,Normal
29/04/2022 02:00,1183,25.59267114,449.7935859,Active,Manual,0,Normal
05/07/2022 04:00,1749,25.43593362,329.7087257,Sleep,Standby,0,Normal
24/07/2022 19:00,1440,19.22385234,182.2895051,Idle,Standby,0,Normal
08/03/2022 14:00,1465,26.38711493,304.7639802,Idle,Manual,0,Normal
16/03/2022 03:00,1588,20.22502539,427.2764208,Active,Manual,0,Normal
24/07/2022 04:00,1361,25.1530189,430.3085083,Idle,Auto,0,Warning
18/04/2022 06:00,1787,28.79609192,32.86569172,Active,Standby,0,Warning
22/05/2022 14:00,1554,20.60738675,256.7824609,Idle,Standby,0,Normal
15/06/2022 15:00,1368,24.18814853,473.6907095,Idle,Auto,0,Warning
07/06/2022 02:00,1812,20.34925515,78.89982659,Active,Manual,0,Normal
07/01/2022 22:00,1816,21.86441802,22.32972358,Active,Standby,0,Normal
14/03/2022 23:00,1566,19.24819915,276.3146088,Idle,Standby,0,Normal
03/03/2022 15:00,1643,20.34662628,309.6759321,Idle,Standby,0,Normal
12/02/2022 16:00,1114,24.66271151,211.5339022,Sleep,Auto,1,Warning
16/03/2022 12:00,1674,27.90159988,134.8836069,Active,Standby,0,Normal
05/04/2022 08:00,1056,23.12838428,22.0390797,Idle,Standby,0,Normal
14/04/2022 01:00,1812,18.60112791,465.4869312,Idle,Manual,0,Warning
17/03/2022 22:00,1716,19.90778294,160.3277569,Idle,Auto,0,Normal
20/02/2022 20:00,1773,18.57058666,224.5631162,Sleep,Auto,0,Normal
11/03/2022 10:00,1408,25.35553734,486.3176298,Active,Auto,0,Normal
04/05/2022 08:00,1041,29.24840489,152.6146375,Sleep,Manual,0,Normal
07/01/2022 08:00,1018,22.76582404,482.2724452,Sleep,Standby,0,Normal
16/04/2022 14:00,1587,28.34900178,210.2180034,Active,Manual,0,Normal
15/07/2022 08:00,1275,19.96759984,196.2345762,Idle,Auto,0,Normal
24/03/2022 10:00,1698,19.32023489,95.5515192,Active,Auto,0,Normal
03/03/2022 05:00,1599,24.84473023,66.45340224,Sleep,Standby,0,Normal
27/04/2022 23:00,1619,20.21974053,123.519196,Active,Manual,0,Normal
15/04/2022 16:00,1353,21.71452059,28.25879711,Idle,Auto,0,Normal
03/05/2022 15:00,1681,19.40645985,221.0086763,Idle,Standby,0,Normal
05/05/2022 04:00,1165,24.79930299,118.9268568,Active,Manual,0,Normal
20/07/2022 22:00,1984,25.82695769,122.7482308,Sleep,Manual,0,Normal
06/05/2022 17:00,1289,20.23604547,87.97052495,Idle,Auto,0,Normal
07/03/2022 06:00,1532,25.57384907,172.3308192,Active,Manual,0,Normal
02/01/2022 07:00,1162,22.24081144,174.0564184,Sleep,Auto,0,Normal
09/02/2022 01:00,1518,26.79246994,221.5647486,Sleep,Auto,0,Normal
20/02/2022 15:00,1734,26.58289212,208.5400909,Active,Standby,0,Normal
22/03/2022 17:00,1554,18.40344945,21.06199555,Active,Standby,0,Normal
17/02/2022 01:00,1978,29.09776233,494.5114693,Idle,Auto,0,Normal
13/01/2022 21:00,1986,19.83728123,450.6190213,Sleep,Auto,0,Normal
24/07/2022 05:00,1876,19.13417816,45.2206238,Sleep,Auto,0,Normal
01/04/2022 08:00,1732,27.86681509,71.42504643,Idle,Standby,0,Normal
10/05/2022 17:00,1240,18.77861456,330.0282946,Sleep,Standby,0,Normal
21/01/2022 15:00,1903,25.87415252,153.4726106,Active,Manual,0,Critical
09/01/2022 13:00,1362,19.84451122,374.1722176,Sleep,Standby,0,Normal
22/04/2022 09:00,1419,24.30297988,136.8835632,Active,Auto,0,Warning
20/05/2022 21:00,1533,18.80133525,61.43850734,Sleep,Manual,0,Warning
09/06/2022 14:00,1857,24.38527526,225.5090097,Active,Auto,0,Normal
13/01/2022 17:00,1612,24.16646605,437.5673661,Active,Standby,0,Normal
08/06/2022 01:00,1495,20.61039934,30.34606728,Active,Manual,0,Normal
02/04/2022 17:00,1987,25.31863117,150.2405508,Sleep,Standby,0,Normal
14/02/2022 05:00,1719,19.85215778,433.779514,Idle,Auto,0,Normal
05/02/2022 03:00,1214,23.00557102,184.5227151,Idle,Auto,0,Normal
11/06/2022 08:00,1774,21.72266816,341.234635,Active,Manual,0,Critical
04/04/2022 19:00,1540,25.68621835,249.2109021,Sleep,Auto,0,Normal
09/01/2022 19:00,1117,28.62274935,70.51866406,Active,Manual,0,Critical
16/06/2022 13:00,1049,19.05716458,135.7699931,Active,Manual,0,Warning
29/01/2022 07:00,1806,19.63035497,290.8880675,Active,Manual,0,Normal
24/01/2022 13:00,1799,27.96470764,127.296949,Idle,Standby,0,Normal
18/05/2022 02:00,1443,21.2792068,247.0425345,Idle,Standby,0,Normal
01/07/2022 10:00,1053,20.66077614,275.6475828,Sleep,Manual,0,Normal
29/01/2022 08:00,1739,19.07860751,174.6826129,Idle,Auto,0,Normal
08/01/2022 12:00,1056,21.9395821,328.5908394,Idle,Standby,0,Warning
28/06/2022 07:00,1402,20.77742773,181.5918398,Active,Standby,0,Normal
14/04/2022 23:00,1527,27.27470506,327.9156299,Active,Auto,0,Normal
07/04/2022 12:00,1118,24.61085608,469.7592052,Sleep,Auto,0,Normal
28/06/2022 01:00,1828,28.80396473,182.0095977,Sleep,Manual,0,Normal
12/01/2022 14:00,1169,26.88875505,263.0185966,Sleep,Auto,0,Normal
03/06/2022 11:00,1524,19.98398019,11.28790082,Sleep,Standby,0,Normal
18/07/2022 10:00,1565,21.61322724,304.1625266,Idle,Auto,0,Normal
19/01/2022 00:00,1224,23.93674496,24.05707753,Idle,Auto,0,Normal
13/01/2022 01:00,1062,22.29984693,120.0038547,Idle,Standby,0,Normal
12/02/2022 19:00,1020,29.50018669,76.74866068,Active,Manual,0,Normal
23/01/2022 07:00,1046,23.2721333,179.8643811,Sleep,Standby,0,Normal
01/06/2022 07:00,1399,18.28287091,285.1578357,Active,Manual,0,Warning
08/01/2022 20:00,1625,23.1589546,83.20405795,Idle,Manual,0,Warning
01/04/2022 14:00,1212,21.34874332,98.77378891,Sleep,Auto,0,Normal
13/06/2022 03:00,1874,19.14118877,102.1730517,Sleep,Manual,0,Normal
19/03/2022 14:00,1091,22.62774403,219.4668543,Active,Standby,0,Normal
12/01/2022 06:00,1284,18.6128747,389.9044674,Active,Standby,0,Normal
14/03/2022 00:00,1283,19.7053921,24.26854251,Sleep,Standby,0,Normal
19/06/2022 19:00,1072,20.60629318,469.0102361,Idle,Manual,0,Normal
31/03/2022 21:00,1398,22.28400114,356.3880738,Sleep,Auto,1,Warning
13/06/2022 19:00,1702,27.14768551,147.702888,Active,Auto,1,Normal
05/01/2022 15:00,1653,29.68095282,92.34030764,Idle,Manual,0,Normal
10/04/2022 08:00,1472,22.75431565,412.9116434,Sleep,Auto,0,Normal
10/01/2022 04:00,1391,20.04908944,83.67539148,Active,Manual,0,Normal
27/01/2022 03:00,1636,29.29597912,38.11867264,Sleep,Standby,0,Normal
19/02/2022 05:00,1368,18.05015841,418.2731317,Active,Manual,0,Normal
21/05/2022 21:00,1975,22.87296338,464.0573785,Sleep,Manual,0,Normal
11/04/2022 22:00,1173,19.87817111,411.7999137,Idle,Auto,0,Normal
02/02/2022 22:00,1062,22.11470003,41.01282499,Active,Manual,0,Normal
28/06/2022 03:00,1952,20.73606286,463.8011597,Sleep,Auto,0,Normal
20/01/2022 05:00,1920,22.70283965,198.2887159,Idle,Auto,0,Normal
03/07/2022 10:00,1347,21.20753267,234.0377993,Idle,Manual,0,Warning
23/01/2022 23:00,1385,19.27217345,45.47391396,Sleep,Standby,0,Normal
11/05/2022 09:00,1875,23.44961422,233.4014638,Idle,Standby,0,Normal
02/03/2022 04:00,1410,24.20358594,207.9511842,Active,Auto,0,Normal
09/01/2022 06:00,1902,23.68628173,307.5971702,Sleep,Standby,0,Warning
18/04/2022 21:00,1163,21.66448552,498.1821018,Idle,Auto,0,Warning
17/01/2022 18:00,1922,25.90143748,156.7909705,Active,Auto,0,Normal
14/06/2022 23:00,1384,20.31811128,179.8117895,Idle,Auto,0,Normal
24/06/2022 13:00,1794,26.98321633,175.638601,Sleep,Standby,0,Normal
18/07/2022 11:00,1652,24.43766325,348.1960964,Idle,Manual,0,Normal
29/03/2022 07:00,1419,21.97577149,237.5447382,Idle,Manual,0,Normal
01/05/2022 20:00,1034,18.36764624,45.6519945,Active,Standby,0,Normal
05/07/2022 22:00,1418,27.46012108,444.1055064,Active,Standby,0,Normal
28/01/2022 02:00,1851,27.53524788,166.2467719,Active,Auto,0,Normal
30/01/2022 12:00,1056,29.56462943,364.7423879,Active,Manual,0,Normal
03/03/2022 16:00,1963,22.92796806,253.823109,Idle,Manual,0,Critical
03/07/2022 22:00,1215,22.96530381,123.9606572,Sleep,Manual,0,Normal
08/05/2022 17:00,1595,23.30655582,19.66072838,Active,Manual,0,Normal
10/04/2022 19:00,1384,18.18726658,398.2653189,Idle,Manual,0,Normal
15/03/2022 17:00,1724,29.1756378,117.8481897,Idle,Manual,0,Normal
14/01/2022 02:00,1635,26.40091766,56.40781768,Sleep,Manual,0,Normal
06/06/2022 17:00,1184,18.48081898,58.1228921,Sleep,Standby,0,Normal
24/07/2022 13:00,1230,24.5491141,489.654559,Idle,Standby,0,Normal
05/01/2022 17:00,1967,28.8803615,389.2805734,Idle,Manual,0,Warning
10/02/2022 00:00,1203,24.12565649,421.4065846,Sleep,Standby,0,Normal
02/05/2022 06:00,1884,22.12423812,327.576443,Active,Auto,0,Warning
22/05/2022 21:00,1285,24.24021783,344.2730213,Active,Manual,0,Normal
09/03/2022 15:00,1000,27.19057704,106.0049656,Sleep,Auto,0,Normal
19/05/2022 10:00,1203,25.35937258,364.7230258,Active,Standby,0,Normal
28/07/2022 07:00,1649,20.98895577,94.64495368,Active,Manual,0,Normal
17/03/2022 18:00,1846,19.8516797,396.0436319,Idle,Manual,0,Normal
14/05/2022 02:00,1148,29.55096717,297.2272634,Active,Standby,0,Normal
06/05/2022 07:00,1224,27.42582354,345.800091,Sleep,Manual,0,Normal
23/05/2022 06:00,1154,22.85197418,181.5415119,Idle,Standby,0,Normal
08/07/2022 16:00,1629,25.31709319,362.9867971,Idle,Standby,0,Normal
21/03/2022 01:00,1636,24.4653323,364.3866101,Idle,Manual,0,Normal
21/03/2022 22:00,1976,27.64841076,226.8675375,Active,Standby,0,Normal
22/02/2022 22:00,1183,29.63720614,317.49993,Idle,Standby,0,Warning
24/06/2022 00:00,1164,20.40126663,156.0988736,Sleep,Manual,0,Normal
26/07/2022 18:00,1923,23.21209722,421.4839816,Idle,Standby,0,Normal
23/07/2022 11:00,1309,20.77495489,127.8250983,Sleep,Auto,0,Normal
20/06/2022 14:00,1853,24.96985517,332.4664778,Sleep,Standby,0,Warning
12/05/2022 15:00,1789,26.32946962,200.2325474,Idle,Standby,0,Normal
17/03/2022 13:00,1847,18.17813875,347.2257646,Sleep,Auto,0,Critical
12/04/2022 02:00,1074,21.48823648,282.6068325,Idle,Auto,0,Critical
14/06/2022 14:00,1496,26.59795002,465.6163532,Sleep,Standby,1,Normal
04/07/2022 12:00,1088,24.70454102,47.39037382,Active,Manual,0,Normal
31/03/2022 06:00,1725,22.17779669,78.04606353,Active,Manual,0,Normal
09/03/2022 18:00,1479,26.39836495,50.04615074,Active,Manual,0,Critical
02/02/2022 21:00,1782,29.60852597,345.6656608,Idle,Manual,0,Warning
07/06/2022 18:00,1538,22.93119415,243.7517217,Idle,Standby,0,Critical
19/03/2022 16:00,1214,28.45197237,358.2289433,Idle,Auto,0,Normal
30/04/2022 09:00,1680,26.00759898,206.966759,Sleep,Standby,0,Normal
06/02/2022 07:00,1788,26.19400944,145.2910177,Sleep,Standby,0,Normal
17/05/2022 07:00,1489,27.69603633,251.9372323,Sleep,Manual,0,Normal
09/06/2022 17:00,1450,19.3297971,486.6363653,Idle,Auto,0,Normal
04/01/2022 01:00,1125,24.08032483,65.05567294,Active,Standby,0,Normal
15/03/2022 00:00,1868,23.77905253,493.4142797,Active,Manual,0,Normal
01/03/2022 05:00,1848,26.24102799,417.4151382,Active,Auto,0,Normal
25/06/2022 21:00,1726,18.49593182,147.9556346,Active,Manual,0,Normal
15/07/2022 13:00,1264,18.21675541,49.66693192,Idle,Auto,0,Normal
02/07/2022 01:00,1453,19.75879099,58.04228235,Idle,Standby,0,Normal
10/07/2022 15:00,1022,29.31076697,304.4560841,Idle,Standby,0,Normal
08/06/2022 17:00,1957,20.41346359,24.19442348,Active,Auto,0,Normal
04/04/2022 12:00,1235,25.03677258,479.674648,Active,Manual,1,Normal
07/05/2022 23:00,1498,26.99191281,347.1404244,Idle,Manual,0,Normal
12/04/2022 21:00,1576,18.80440927,81.8837328,Active,Standby,0,Normal
21/01/2022 14:00,1151,25.07796153,138.7444442,Idle,Standby,0,Normal
11/05/2022 10:00,1863,19.20000922,382.5759431,Sleep,Auto,0,Normal
30/06/2022 01:00,1714,24.94432295,259.8095613,Idle,Auto,0,Normal
03/07/2022 05:00,1548,20.13514324,79.2941632,Idle,Standby,0,Warning
18/02/2022 12:00,1013,25.36631765,268.9912009,Active,Auto,0,Normal
05/06/2022 14:00,1470,20.8510466,330.0853874,Sleep,Standby,1,Normal
14/03/2022 02:00,1118,18.85493513,284.0302398,Sleep,Auto,0,Normal
20/07/2022 12:00,1092,29.8523653,131.3063519,Idle,Standby,0,Normal
11/04/2022 02:00,1537,21.66811984,97.82366014,Sleep,Auto,0,Warning
22/05/2022 19:00,1018,29.8311061,61.74972239,Idle,Auto,0,Normal
26/01/2022 18:00,1898,18.55173486,197.4079787,Active,Standby,0,Normal
12/03/2022 17:00,1386,18.9206642,463.4721197,Sleep,Manual,0,Normal
30/05/2022 17:00,1879,24.82518844,314.8315764,Idle,Auto,0,Normal
23/03/2022 13:00,1242,25.4427669,497.2175012,Idle,Manual,0,Normal
20/02/2022 21:00,1762,20.85374969,295.5202603,Idle,Manual,0,Normal
28/03/2022 09:00,1586,24.99892802,461.2737175,Active,Manual,0,Warning
23/05/2022 02:00,1038,24.56135521,361.4212887,Active,Standby,0,Normal
06/02/2022 05:00,1764,24.72251145,57.53640831,Active,Standby,0,Normal
24/04/2022 06:00,1570,21.47564372,23.59200355,Idle,Auto,0,Normal
13/02/2022 10:00,1301,28.40304621,96.41915989,Idle,Manual,0,Warning
26/02/2022 17:00,1806,29.87184603,138.3788979,Idle,Manual,0,Critical
15/01/2022 20:00,1511,26.19958342,338.4132651,Sleep,Manual,0,Normal
18/02/2022 10:00,1690,19.48293254,456.7274792,Active,Auto,0,Normal
26/04/2022 05:00,1066,20.44878715,484.2773848,Sleep,Standby,0,Warning
16/05/2022 12:00,1479,23.11848661,309.2078053,Sleep,Manual,0,Normal
01/03/2022 22:00,1137,24.27858838,195.2812588,Sleep,Standby,0,Normal
31/05/2022 03:00,1064,18.61493452,273.4253323,Active,Standby,0,Normal
25/07/2022 20:00,1018,29.52056305,487.0102578,Active,Manual,0,Normal
11/07/2022 09:00,1114,27.28399348,88.14262226,Active,Manual,0,Normal
01/06/2022 15:00,1729,25.88347781,331.273008,Sleep,Standby,0,Normal
22/02/2022 05:00,1068,23.16734506,136.9502684,Sleep,Manual,0,Normal
21/05/2022 05:00,1241,26.76502993,68.48772258,Idle,Manual,0,Normal
14/01/2022 20:00,1096,20.97721453,79.10478081,Sleep,Standby,0,Normal
03/06/2022 22:00,1640,24.95177857,225.8611935,Idle,Auto,0,Normal
29/05/2022 16:00,1474,25.44713704,99.2129505,Active,Auto,0,Normal
24/04/2022 16:00,1808,22.07114188,446.7766436,Sleep,Auto,0,Normal
02/06/2022 19:00,1733,22.77404897,407.2663681,Idle,Standby,0,Normal
09/03/2022 22:00,1479,28.71483182,58.61172472,Sleep,Manual,1,Warning
16/02/2022 12:00,1684,19.33541651,237.8975855,Idle,Manual,0,Warning
19/03/2022 01:00,1206,28.11665154,205.735806,Idle,Manual,0,Normal
29/05/2022 02:00,1347,29.44779654,365.18784,Sleep,Standby,0,Normal
12/05/2022 09:00,1504,20.92961427,57.10961096,Sleep,Auto,0,Normal
17/05/2022 01:00,1475,21.15636485,360.8354463,Sleep,Manual,0,Warning
11/03/2022 09:00,1077,26.81283888,63.36203087,Active,Auto,0,Normal
19/01/2022 13:00,1223,27.21352586,158.4905102,Idle,Auto,0,Normal
04/04/2022 13:00,1012,27.58334922,24.25381964,Sleep,Auto,0,Normal
19/01/2022 20:00,1543,29.86065116,280.7369497,Idle,Standby,0,Normal
06/03/2022 15:00,1048,20.05859675,101.7096105,Idle,Manual,0,Warning
04/07/2022 18:00,1720,18.1705853,177.038521,Idle,Manual,0,Normal
04/05/2022 02:00,1347,26.34442994,397.1556849,Sleep,Standby,0,Critical
01/01/2022 14:00,1485,29.47503186,454.5665492,Idle,Manual,0,Normal
01/06/2022 04:00,1565,21.49145854,24.71365075,Sleep,Manual,0,Normal
09/02/2022 09:00,1276,27.81260833,332.5482489,Idle,Standby,1,Normal
11/01/2022 07:00,1252,26.48437673,326.9182617,Active,Standby,0,Warning
15/07/2022 17:00,1482,27.91791423,157.2648281,Idle,Standby,0,Warning
16/01/2022 00:00,1741,21.39606307,299.2338342,Active,Manual,0,Normal
14/07/2022 00:00,1750,20.54096521,162.3999318,Active,Manual,0,Warning
09/03/2022 06:00,1331,20.05013808,364.1180248,Sleep,Standby,0,Normal
06/04/2022 23:00,1166,26.05767128,475.0304568,Idle,Auto,0,Warning
22/06/2022 13:00,1503,23.11517838,457.5127879,Active,Manual,0,Warning
13/05/2022 00:00,1021,22.85941629,270.311934,Sleep,Standby,0,Normal
14/04/2022 06:00,1267,24.52153687,401.2935618,Idle,Standby,0,Normal
25/06/2022 14:00,1822,21.46684208,259.8909625,Sleep,Manual,0,Normal
24/06/2022 04:00,1618,22.6896197,255.2529072,Sleep,Standby,0,Normal
23/07/2022 12:00,1745,25.98248457,332.0620147,Idle,Standby,0,Warning
12/05/2022 19:00,1933,18.91745432,247.2312529,Active,Manual,0,Normal
21/01/2022 10:00,1711,21.36498121,453.7866127,Active,Auto,0,Normal
05/02/2022 22:00,1872,20.9790357,408.9213082,Idle,Standby,0,Critical
14/03/2022 12:00,1566,20.27925709,194.1310669,Active,Standby,0,Warning
20/06/2022 19:00,1960,19.7825952,320.7757389,Active,Standby,0,Normal
02/07/2022 17:00,1349,25.91777235,467.6204879,Active,Auto,0,Normal
12/04/2022 23:00,1663,25.07699678,443.2246257,Active,Auto,0,Normal
26/06/2022 06:00,1786,18.49656047,420.0084993,Idle,Standby,0,Normal
22/01/2022 02:00,1262,23.4555891,423.6453284,Sleep,Standby,0,Normal
22/04/2022 13:00,1108,28.82159987,491.0296034,Idle,Manual,0,Normal
05/05/2022 19:00,1421,19.6893915,449.5807135,Sleep,Manual,0,Normal
22/03/2022 22:00,1038,22.06788117,138.617449,Sleep,Manual,0,Normal
20/02/2022 22:00,1831,20.2983581,56.41692792,Idle,Manual,0,Normal
16/02/2022 09:00,1005,18.83573746,300.4829644,Sleep,Manual,0,Critical
21/03/2022 09:00,1230,29.29588778,438.2017844,Idle,Auto,0,Normal
23/05/2022 15:00,1730,22.50529767,307.9165677,Active,Manual,0,Normal
20/03/2022 05:00,1938,28.63789423,148.2201513,Idle,Standby,0,Normal
14/07/2022 16:00,1649,18.34229798,178.7644713,Active,Standby,0,Critical
19/01/2022 01:00,1788,26.57212251,236.8826793,Idle,Standby,1,Warning
09/04/2022 12:00,1562,25.2525958,51.06137127,Sleep,Standby,0,Normal
12/05/2022 10:00,1440,27.68303102,268.6310979,Active,Standby,0,Normal
29/04/2022 03:00,1942,28.92571237,20.70676645,Sleep,Auto,0,Normal
29/03/2022 04:00,1908,28.84585479,253.3488486,Idle,Auto,0,Normal
06/05/2022 10:00,1030,19.40007843,200.3385176,Sleep,Standby,0,Normal
12/05/2022 18:00,1097,20.12757255,58.61126278,Idle,Standby,0,Normal
03/05/2022 17:00,1431,22.1977217,480.1627873,Sleep,Manual,0,Normal
13/06/2022 04:00,1109,20.47072793,307.3747888,Idle,Standby,0,Normal
02/05/2022 12:00,1440,29.26058194,281.3947507,Idle,Auto,0,Normal
15/02/2022 22:00,1661,28.29727771,270.630495,Idle,Standby,0,Warning
02/03/2022 08:00,1768,21.19096412,29.07254257,Idle,Manual,0,Warning
13/03/2022 16:00,1452,24.72746203,376.0322328,Active,Standby,0,Normal
08/07/2022 06:00,1141,24.76009929,160.8183462,Active,Standby,0,Critical
10/06/2022 02:00,1869,19.05282625,48.03391957,Active,Auto,0,Warning
07/01/2022 12:00,1609,19.35667163,173.3541082,Idle,Manual,0,Normal
05/05/2022 02:00,1546,28.09921689,168.0414594,Sleep,Auto,0,Normal
15/03/2022 21:00,1535,25.19258223,68.54446735,Sleep,Manual,0,Warning
26/01/2022 15:00,1980,25.05022706,309.2349186,Idle,Auto,0,Warning
27/01/2022 19:00,1251,20.05257107,320.0566911,Idle,Standby,0,Normal
22/03/2022 15:00,1000,19.14720062,260.5749626,Idle,Auto,0,Normal
28/06/2022 05:00,1523,23.92652966,168.8514927,Idle,Auto,0,Normal
14/02/2022 12:00,1649,29.27622329,191.2749827,Idle,Manual,0,Normal
05/07/2022 14:00,1513,22.70098791,102.3073093,Active,Standby,0,Warning
23/06/2022 02:00,1492,28.90945154,32.03007562,Active,Standby,0,Warning
26/06/2022 15:00,1923,26.61957641,262.1452368,Active,Auto,0,Normal
22/07/2022 20:00,1581,26.14816164,370.2502697,Idle,Standby,0,Warning
14/01/2022 18:00,1437,18.53799205,93.00506506,Idle,Manual,0,Normal
27/03/2022 17:00,1439,22.50787511,347.0508249,Active,Standby,0,Normal
21/04/2022 06:00,1387,22.3826936,112.2620706,Sleep,Standby,0,Warning
02/04/2022 07:00,1921,19.70169864,375.813392,Sleep,Manual,0,Normal
26/01/2022 22:00,1442,29.26284041,437.7310508,Idle,Manual,0,Normal
08/03/2022 11:00,1607,21.65019616,461.0780932,Sleep,Manual,0,Normal
02/05/2022 11:00,1140,18.00762514,382.7243549,Idle,Manual,0,Normal
20/07/2022 21:00,1108,28.3530042,441.8749798,Sleep,Manual,0,Normal
12/06/2022 10:00,1781,18.34647825,421.1831353,Active,Manual,0,Normal
21/03/2022 23:00,1202,27.24436038,406.0369277,Sleep,Auto,1,Normal
23/06/2022 21:00,1991,26.31178505,403.2345828,Sleep,Standby,0,Normal
06/07/2022 13:00,1036,28.532103,450.798615,Sleep,Manual,0,Normal
01/02/2022 11:00,1610,29.50749449,31.36558637,Sleep,Manual,0,Normal
22/01/2022 14:00,1502,28.23905787,50.85175781,Active,Auto,0,Normal
08/06/2022 11:00,1640,28.89135072,279.4694566,Sleep,Auto,0,Normal
02/01/2022 08:00,1913,29.92685313,11.45414847,Active,Standby,0,Normal
03/05/2022 09:00,1242,20.64805147,301.4978857,Active,Manual,1,Normal
18/02/2022 05:00,1091,29.63247451,111.9921987,Active,Auto,0,Normal
01/02/2022 00:00,1636,27.01003407,491.0359019,Idle,Standby,0,Warning
04/03/2022 09:00,1796,21.62864382,387.1399932,Active,Manual,0,Normal
25/05/2022 03:00,1016,25.27563551,147.4857464,Active,Manual,0,Normal
06/06/2022 11:00,1219,26.2578511,49.50469264,Idle,Manual,0,Normal
18/04/2022 23:00,1953,23.13136088,16.79105078,Active,Auto,0,Normal
02/02/2022 15:00,1853,28.35353358,260.919321,Idle,Auto,0,Critical
26/05/2022 13:00,1315,28.73895021,89.15048338,Idle,Standby,0,Normal
03/05/2022 21:00,1500,24.02421363,216.0119953,Idle,Manual,0,Warning
10/01/2022 13:00,1392,19.57184475,67.32911509,Idle,Standby,0,Normal
05/02/2022 17:00,1628,26.43903787,262.0256045,Idle,Standby,0,Normal
05/04/2022 10:00,1535,25.83765558,456.5354303,Active,Standby,0,Normal
28/06/2022 02:00,1867,25.13712572,462.8408007,Active,Standby,0,Normal
18/01/2022 00:00,1640,25.54243952,208.5208506,Sleep,Manual,0,Normal
08/01/2022 02:00,1098,29.42873709,232.0167743,Sleep,Auto,0,Warning
23/01/2022 12:00,1862,29.77871481,42.39648228,Sleep,Auto,0,Normal
03/04/2022 02:00,1062,20.90674405,444.1100728,Idle,Standby,0,Warning
07/04/2022 00:00,1589,20.69513,75.30232966,Sleep,Auto,0,Warning
17/04/2022 23:00,1548,22.30730748,145.0950569,Active,Manual,0,Normal
26/01/2022 13:00,1056,25.68307536,350.7274902,Active,Manual,0,Normal
29/03/2022 13:00,1158,19.18981948,235.8861514,Active,Manual,0,Normal
17/03/2022 08:00,1476,26.01371334,288.6855335,Idle,Standby,0,Normal
24/05/2022 06:00,1259,18.94632442,326.3579224,Idle,Manual,0,Normal
18/02/2022 09:00,1492,23.2398924,203.6675698,Sleep,Auto,0,Normal
26/06/2022 01:00,1878,26.70881306,230.6695317,Active,Standby,0,Normal
10/05/2022 23:00,1018,21.79525409,467.9441706,Sleep,Standby,0,Normal
02/06/2022 04:00,1224,21.08382967,252.8811469,Idle,Auto,0,Warning
09/03/2022 02:00,1888,28.76524075,414.2818792,Active,Standby,0,Normal
22/03/2022 12:00,1451,26.92718789,342.5981982,Sleep,Standby,1,Warning
07/05/2022 03:00,1388,29.87570433,352.5982747,Sleep,Auto,0,Normal
24/01/2022 12:00,1508,22.96500691,427.8483451,Active,Auto,0,Normal
29/05/2022 19:00,1036,23.92934701,123.0544864,Sleep,Auto,0,Normal
26/06/2022 23:00,1109,19.60247535,16.43147962,Sleep,Auto,0,Normal
10/04/2022 12:00,1077,18.37265293,367.8362101,Sleep,Standby,0,Warning
03/03/2022 07:00,1975,20.20588814,116.3748682,Sleep,Standby,0,Normal
20/04/2022 14:00,1017,25.62058348,126.6712476,Sleep,Standby,0,Normal
18/03/2022 11:00,1018,19.30263527,145.010171,Active,Manual,0,Normal
25/07/2022 08:00,1822,21.91977139,347.6629122,Sleep,Auto,0,Normal
25/05/2022 19:00,1301,29.69510844,342.6128954,Active,Auto,0,Normal
05/03/2022 21:00,1973,27.88123756,458.3150005,Sleep,Standby,0,Normal
30/06/2022 07:00,1724,19.37864594,456.8333995,Sleep,Auto,0,Normal
14/04/2022 12:00,1654,23.95158508,260.8085385,Sleep,Manual,0,Normal
25/06/2022 07:00,1878,27.27134256,354.7957879,Active,Manual,0,Critical
18/02/2022 20:00,1672,18.11906,220.5575649,Idle,Auto,0,Warning
01/03/2022 11:00,1675,23.5252102,65.40388762,Sleep,Standby,0,Normal
14/01/2022 13:00,1418,18.35735862,161.3341193,Sleep,Standby,0,Normal
13/02/2022 19:00,1425,26.21702903,115.6062675,Sleep,Manual,0,Normal
19/05/2022 07:00,1449,29.01285068,488.8599444,Active,Manual,0,Normal
16/07/2022 17:00,1390,25.26295356,223.4351574,Sleep,Manual,0,Critical
11/06/2022 00:00,1496,22.12456087,162.702728,Idle,Auto,0,Normal
19/04/2022 11:00,1144,25.979595,131.9407181,Sleep,Manual,0,Normal
14/03/2022 10:00,1840,20.50820827,68.712506,Active,Standby,1,Normal
19/02/2022 20:00,1163,25.84097323,389.2294182,Idle,Manual,0,Normal
26/01/2022 20:00,1997,26.64062716,197.7621306,Idle,Auto,0,Normal
27/02/2022 06:00,1310,19.26838199,161.007547,Idle,Manual,0,Normal
30/04/2022 23:00,1546,27.89974838,422.2212776,Idle,Auto,0,Warning
19/02/2022 13:00,1546,27.54471884,154.1576166,Sleep,Standby,0,Normal
14/01/2022 16:00,1572,22.44494307,12.30329055,Active,Auto,0,Normal
28/01/2022 00:00,1873,27.1796356,61.68474621,Active,Standby,0,Normal
07/02/2022 09:00,1958,28.90270353,71.76511235,Active,Standby,0,Normal
11/06/2022 18:00,1221,26.7397503,287.352906,Idle,Auto,0,Warning
16/02/2022 19:00,1629,21.76930783,29.52124906,Idle,Auto,0,Normal
20/03/2022 19:00,1965,19.82059984,487.0738215,Active,Manual,0,Normal
13/07/2022 11:00,1995,26.08485308,223.085026,Sleep,Auto,0,Warning
19/07/2022 15:00,1571,29.54622489,71.2219451,Sleep,Manual,0,Critical
08/07/2022 17:00,1926,21.54030387,411.4788738,Sleep,Standby,0,Normal
26/06/2022 10:00,1956,19.88592916,13.99869005,Idle,Standby,0,Normal
08/03/2022 09:00,1912,19.18963245,14.55040426,Active,Auto,0,Normal
19/05/2022 00:00,1974,28.13669643,57.36277731,Sleep,Standby,0,Normal
17/04/2022 03:00,1596,29.64313201,245.2891935,Active,Standby,0,Normal
06/03/2022 09:00,1316,24.45151269,382.6065489,Sleep,Manual,0,Normal
30/06/2022 16:00,1957,24.59995006,283.2520851,Idle,Auto,0,Normal
12/02/2022 15:00,1670,27.45876797,495.8905939,Sleep,Standby,0,Normal
24/03/2022 03:00,1827,18.47882381,267.9955705,Idle,Standby,0,Normal
27/07/2022 20:00,1843,27.34229937,150.0769373,Idle,Manual,0,Critical
13/03/2022 10:00,1232,28.92481522,11.11508683,Idle,Auto,0,Normal
13/03/2022 13:00,1912,22.46495691,245.5319645,Sleep,Auto,0,Normal
03/03/2022 13:00,1117,29.50948262,102.2426259,Idle,Manual,0,Normal
03/02/2022 17:00,1006,28.07915147,279.1942428,Sleep,Manual,0,Normal
29/04/2022 18:00,1261,27.02954353,342.5828348,Sleep,Standby,0,Normal
10/02/2022 18:00,1203,25.02470675,485.954456,Active,Auto,0,Normal
15/07/2022 07:00,1167,26.27404299,259.3945171,Active,Manual,0,Normal
23/07/2022 23:00,1226,19.77370344,311.8898361,Idle,Manual,0,Normal
12/03/2022 04:00,1462,19.35457567,351.878694,Idle,Manual,0,Normal
14/07/2022 04:00,1427,27.24843853,429.5457379,Active,Standby,0,Normal
05/03/2022 02:00,1084,26.34023377,120.227822,Idle,Standby,1,Normal
11/04/2022 04:00,1150,19.69380046,247.1038212,Idle,Auto,1,Warning
26/03/2022 05:00,1169,29.33041204,382.0080018,Sleep,Manual,0,Normal
09/07/2022 17:00,1313,19.4755986,66.94880982,Idle,Auto,0,Normal
15/03/2022 15:00,1883,20.79832978,413.1895467,Active,Auto,0,Normal
08/01/2022 06:00,1932,25.30330408,301.5774622,Idle,Auto,0,Normal
06/03/2022 18:00,1078,21.27730086,286.7291662,Sleep,Auto,0,Normal
25/06/2022 15:00,1415,24.22761977,466.5127478,Sleep,Auto,0,Normal
03/03/2022 18:00,1299,23.9674465,434.8225035,Sleep,Standby,0,Normal
05/07/2022 21:00,1109,20.46929937,387.5319574,Sleep,Manual,0,Normal
10/01/2022 01:00,1636,27.5914954,290.8714512,Idle,Manual,0,Normal
13/06/2022 02:00,1589,27.55149316,46.38947547,Active,Standby,0,Normal
05/06/2022 00:00,1973,29.34426556,202.2618318,Active,Manual,0,Warning
29/01/2022 18:00,1073,28.24372774,393.2632537,Active,Standby,0,Normal
18/04/2022 09:00,1187,20.38289102,393.2635736,Active,Standby,0,Normal
04/04/2022 01:00,1648,22.65621752,52.76488482,Active,Auto,0,Normal
04/04/2022 06:00,1339,23.94076285,110.3223181,Active,Auto,0,Normal
16/02/2022 02:00,1706,23.8697526,191.3295738,Sleep,Auto,0,Normal
16/03/2022 13:00,1340,21.61942951,401.8776807,Sleep,Auto,0,Warning
13/05/2022 20:00,1544,21.64376369,488.4120495,Sleep,Standby,0,Normal
12/04/2022 12:00,1600,27.86991441,103.1785492,Active,Manual,0,Critical
26/01/2022 11:00,1155,20.14814231,241.9928115,Sleep,Standby,0,Warning
02/06/2022 12:00,1118,21.93899817,345.1068817,Sleep,Manual,0,Normal
04/06/2022 15:00,1555,25.88884475,498.0221549,Idle,Auto,0,Warning
25/01/2022 00:00,1667,18.23979334,162.8651079,Idle,Standby,0,Normal
27/03/2022 23:00,1081,20.91221814,398.6494815,Active,Manual,0,Normal
04/07/2022 19:00,1075,21.77051122,240.6867509,Sleep,Standby,0,Normal
19/02/2022 04:00,1346,18.22277588,325.4211171,Idle,Manual,0,Normal
07/02/2022 00:00,1813,23.1136205,50.36829177,Idle,Standby,0,Normal
11/05/2022 08:00,1683,23.80328895,359.8411555,Idle,Manual,0,Normal
14/03/2022 04:00,1132,28.4856594,429.5026077,Active,Standby,0,Normal
21/04/2022 23:00,1084,22.46880547,365.9470378,Active,Standby,0,Normal
04/02/2022 01:00,1104,29.72385693,252.7444228,Sleep,Manual,0,Normal
17/05/2022 13:00,1824,28.12409971,54.0362006,Idle,Auto,0,Normal
19/03/2022 11:00,1942,21.93178521,22.46018003,Active,Manual,0,Normal
09/01/2022 16:00,1622,27.96899498,468.7479606,Idle,Manual,0,Warning
13/01/2022 05:00,1544,23.9198047,423.869437,Active,Standby,0,Warning
16/02/2022 15:00,1161,26.12583991,353.029305,Active,Auto,0,Normal
03/04/2022 05:00,1901,18.42906305,219.3311246,Sleep,Standby,0,Normal
09/03/2022 01:00,1269,27.62493433,417.8034118,Active,Manual,0,Warning
22/02/2022 16:00,1056,22.55971708,61.88273751,Sleep,Manual,0,Normal
11/02/2022 06:00,1452,18.97899311,54.11372473,Sleep,Auto,0,Normal
24/06/2022 21:00,1235,25.16568983,51.69729472,Idle,Standby,0,Normal
09/03/2022 08:00,1591,29.98307046,72.0237787,Idle,Manual,0,Normal
15/01/2022 17:00,1657,19.91870217,187.0230202,Idle,Manual,0,Normal
09/07/2022 21:00,1870,18.04174925,468.0269172,Sleep,Auto,0,Warning
26/03/2022 06:00,1075,26.32883192,375.174773,Idle,Manual,0,Normal
03/06/2022 18:00,1341,26.13793289,460.6644788,Sleep,Auto,0,Normal
17/04/2022 11:00,1986,27.63160134,167.4762701,Active,Standby,0,Normal
08/05/2022 00:00,1244,28.34752299,237.2489193,Idle,Standby,0,Normal
21/02/2022 04:00,1056,26.86448618,115.2966574,Idle,Auto,0,Normal
11/01/2022 19:00,1532,18.59625775,137.2036218,Active,Auto,0,Normal
05/03/2022 07:00,1604,22.87242608,352.7910791,Sleep,Standby,0,Normal
16/03/2022 01:00,1680,21.30663335,402.5799266,Sleep,Standby,0,Warning
17/07/2022 11:00,1058,25.06469647,494.3219955,Idle,Standby,0,Normal
15/03/2022 18:00,1995,24.51381617,441.5210184,Idle,Auto,0,Critical
01/07/2022 09:00,1282,21.8599472,371.4625562,Active,Standby,1,Critical
03/01/2022 04:00,1012,22.61929455,34.06667142,Active,Manual,0,Normal
25/05/2022 17:00,1658,27.73377681,435.521058,Sleep,Manual,0,Critical
15/07/2022 03:00,1799,24.90208637,62.07587336,Idle,Standby,0,Normal
03/07/2022 19:00,1734,22.74811653,328.5674321,Idle,Standby,0,Normal
11/04/2022 09:00,1101,21.17523627,305.8017732,Active,Manual,0,Normal
27/04/2022 03:00,1845,18.96148532,443.1369904,Idle,Auto,0,Normal
08/04/2022 16:00,1357,19.937566,385.4075511,Active,Auto,0,Normal
13/02/2022 01:00,1437,20.78443812,409.7117253,Idle,Standby,1,Normal
15/02/2022 17:00,1097,25.88434974,71.0218932,Idle,Manual,0,Normal
23/01/2022 15:00,1341,27.82646405,190.6240741,Active,Standby,0,Normal
13/02/2022 14:00,1854,26.20868931,257.2366234,Active,Auto,0,Normal
20/03/2022 22:00,1604,19.50207875,437.3204762,Sleep,Manual,0,Normal
02/07/2022 08:00,1749,25.54701122,330.103812,Idle,Auto,0,Normal
02/01/2022 06:00,1683,18.9507438,429.4127244,Idle,Manual,1,Critical
31/01/2022 05:00,1954,29.94134752,36.6385481,Active,Manual,0,Normal
26/07/2022 17:00,1901,28.31476581,390.9721935,Idle,Standby,0,Normal
16/07/2022 14:00,1645,21.00203337,203.6228231,Active,Auto,0,Normal
12/06/2022 15:00,1765,19.90173506,69.48570479,Active,Manual,0,Warning
01/03/2022 10:00,1444,25.83539947,422.1858137,Active,Manual,0,Warning
15/04/2022 01:00,1174,28.95495294,410.4753191,Sleep,Manual,0,Normal
19/01/2022 04:00,1389,26.57873505,434.7432952,Idle,Manual,0,Normal
13/04/2022 22:00,1023,19.47062405,219.5627301,Sleep,Manual,0,Normal
08/02/2022 00:00,1396,20.14731035,384.987289,Sleep,Manual,0,Normal
25/06/2022 22:00,1491,26.25727607,221.7884341,Idle,Standby,0,Normal
01/07/2022 08:00,1259,25.58761681,317.9810395,Sleep,Manual,0,Normal
08/07/2022 00:00,1025,26.50232257,29.82372686,Idle,Standby,0,Warning
05/07/2022 03:00,1755,27.38491445,203.4800321,Sleep,Auto,0,Critical
06/04/2022 07:00,1199,20.27809564,29.11160908,Active,Manual,0,Critical
11/07/2022 13:00,1378,20.75291578,431.0200675,Active,Auto,0,Normal
21/02/2022 14:00,1684,27.35290432,345.1820063,Sleep,Standby,0,Normal
07/02/2022 15:00,1689,24.94080707,403.7213485,Sleep,Manual,0,Normal
31/05/2022 20:00,1877,26.64759591,85.52420853,Idle,Manual,0,Normal
15/05/2022 15:00,1426,26.5866002,249.1197013,Idle,Standby,0,Normal
30/04/2022 03:00,1504,26.01351132,185.462537,Idle,Manual,0,Normal
22/01/2022 03:00,1158,20.22317155,401.677044,Active,Manual,0,Normal
15/05/2022 05:00,1699,22.19082566,461.4965281,Idle,Auto,0,Normal
08/01/2022 15:00,1134,21.69444301,66.037907,Idle,Manual,0,Normal
07/03/2022 04:00,1165,21.05390604,370.0570008,Active,Manual,0,Critical
23/04/2022 16:00,1111,24.52509939,293.764139,Sleep,Auto,0,Normal
14/01/2022 09:00,1076,29.85750055,417.1931683,Sleep,Manual,0,Normal
29/05/2022 11:00,1966,19.70244452,429.838405,Active,Standby,0,Normal
06/03/2022 02:00,1412,18.90366223,340.3711579,Active,Auto,0,Normal
18/03/2022 13:00,1394,29.023747,42.75183817,Active,Manual,0,Normal
10/04/2022 04:00,1274,26.48813892,305.4064106,Active,Auto,0,Warning
21/03/2022 16:00,1890,22.24370996,212.2621956,Active,Standby,0,Normal
18/03/2022 16:00,1040,21.90052297,296.4890734,Idle,Manual,0,Critical
30/03/2022 03:00,1776,21.66809741,63.29628846,Active,Manual,0,Normal
04/07/2022 21:00,1525,26.38981818,52.64121881,Sleep,Auto,0,Normal
17/02/2022 18:00,1165,24.64998855,170.6960722,Active,Standby,0,Normal
14/04/2022 14:00,1390,20.5761815,386.8494128,Sleep,Auto,0,Normal
02/01/2022 20:00,1231,26.74066727,24.28898107,Sleep,Manual,0,Normal
31/03/2022 18:00,1818,20.57712962,136.4403002,Idle,Manual,1,Normal
05/03/2022 14:00,1647,28.23612187,439.0423788,Sleep,Manual,0,Normal
22/07/2022 07:00,1198,25.34408842,367.742094,Active,Manual,0,Normal
27/02/2022 10:00,1607,24.56640998,38.79535429,Sleep,Manual,0,Normal
15/03/2022 13:00,1663,27.82809336,41.79957337,Active,Manual,0,Critical
06/05/2022 12:00,1637,29.32762399,174.1451448,Sleep,Standby,1,Warning
18/01/2022 05:00,1266,25.1273732,132.7127407,Idle,Manual,1,Normal
28/06/2022 12:00,1256,21.5250495,141.0199921,Active,Auto,0,Normal
28/02/2022 15:00,1851,28.74283188,299.4028526,Idle,Standby,0,Critical
11/03/2022 02:00,1457,24.95759175,55.13158519,Sleep,Auto,0,Warning
03/02/2022 09:00,1937,19.58783909,487.5595833,Sleep,Standby,0,Normal
23/02/2022 16:00,1224,19.89657654,153.0695009,Sleep,Standby,0,Normal
01/04/2022 22:00,1335,24.00135454,303.3680613,Active,Auto,0,Normal
18/04/2022 20:00,1861,24.61375414,219.3447117,Active,Manual,0,Warning
19/04/2022 23:00,1421,26.13287961,154.4289163,Sleep,Manual,0,Normal
07/04/2022 14:00,1315,27.65987563,457.2093332,Idle,Auto,0,Normal
11/01/2022 16:00,1259,27.69763715,295.2702819,Idle,Manual,0,Warning
09/07/2022 05:00,1091,22.82613073,446.2125214,Active,Manual,0,Normal
14/03/2022 01:00,1519,29.12902643,250.3048396,Active,Standby,0,Normal
17/02/2022 23:00,1826,22.40875883,198.4502173,Idle,Auto,0,Normal
22/06/2022 16:00,1292,18.30518683,164.4234022,Sleep,Manual,0,Normal
27/01/2022 23:00,1181,18.06886233,289.6040549,Idle,Manual,0,Normal
02/05/2022 04:00,1558,18.02535992,97.79069472,Sleep,Manual,0,Normal
12/03/2022 22:00,1976,23.62143938,80.50843115,Idle,Manual,0,Normal
20/03/2022 09:00,1264,22.55374323,424.0580972,Active,Standby,0,Normal
07/06/2022 00:00,1258,23.98993125,82.93789499,Sleep,Auto,0,Normal
24/02/2022 19:00,1371,24.51773186,67.98457747,Active,Auto,0,Warning
05/04/2022 13:00,1994,28.61365284,368.9877653,Sleep,Standby,0,Warning
23/03/2022 22:00,1338,22.5612302,242.6372457,Sleep,Auto,0,Normal
13/04/2022 17:00,1959,24.0816821,242.3297768,Active,Standby,0,Normal
10/06/2022 15:00,1207,29.19132344,72.38662665,Idle,Manual,0,Normal
26/02/2022 06:00,1561,22.92184087,431.5278868,Active,Standby,0,Normal
18/05/2022 08:00,1302,29.77785647,198.7214565,Sleep,Standby,0,Normal
05/01/2022 16:00,1829,29.84373099,107.7791429,Sleep,Standby,0,Normal
11/05/2022 13:00,1563,23.2658437,388.2365148,Idle,Manual,0,Normal
11/01/2022 23:00,1394,27.5505816,282.7935772,Sleep,Auto,0,Normal
28/02/2022 01:00,1134,26.88169363,77.03458096,Idle,Standby,0,Normal
20/03/2022 06:00,1807,24.29836071,212.5130577,Sleep,Standby,0,Normal
19/02/2022 10:00,1612,28.77646661,42.3928804,Active,Standby,0,Normal
08/05/2022 23:00,1171,24.50665515,29.00310342,Sleep,Standby,0,Normal
03/01/2022 08:00,1751,20.01538386,243.2689531,Active,Auto,0,Normal
24/02/2022 13:00,1602,18.56565184,261.4495145,Active,Manual,0,Normal
29/01/2022 23:00,1739,19.66727261,400.9323947,Idle,Standby,1,Normal
04/05/2022 00:00,1390,21.41879891,412.9905162,Idle,Standby,0,Normal
13/03/2022 22:00,1916,19.1095386,376.0226766,Sleep,Manual,0,Normal
29/03/2022 03:00,1110,21.79048183,395.1845253,Idle,Standby,0,Normal
11/06/2022 05:00,1539,26.59571668,487.4661214,Active,Standby,0,Normal
14/01/2022 07:00,1016,27.52441311,445.6693902,Active,Manual,0,Warning
30/06/2022 00:00,1715,24.16332271,392.1248096,Sleep,Standby,0,Normal
29/01/2022 10:00,1765,21.21995509,67.54743833,Sleep,Auto,0,Normal
10/06/2022 01:00,1873,19.5869007,192.619944,Idle,Auto,0,Normal
14/05/2022 21:00,1093,25.61368336,207.8906712,Sleep,Standby,0,Normal
25/03/2022 10:00,1712,20.53576424,227.2150343,Idle,Standby,0,Warning
19/07/2022 06:00,1068,20.77198117,29.48837484,Sleep,Standby,0,Normal
22/06/2022 22:00,1069,22.51780371,421.7238045,Active,Manual,0,Normal
12/01/2022 22:00,1964,18.33884938,251.7685618,Active,Standby,0,Normal
20/03/2022 16:00,1622,19.90390914,321.3378361,Sleep,Auto,0,Normal
08/04/2022 09:00,1647,18.93280817,74.80525863,Sleep,Auto,0,Normal
16/04/2022 00:00,1739,20.56533899,211.5264597,Active,Auto,0,Normal
05/04/2022 21:00,1496,18.20179076,286.2680072,Sleep,Manual,0,Normal
30/03/2022 15:00,1342,27.44185046,360.1102387,Sleep,Auto,0,Normal
26/05/2022 19:00,1087,29.68062859,26.38623825,Active,Manual,0,Warning
25/06/2022 11:00,1186,19.5329714,434.3669446,Idle,Auto,0,Normal
28/03/2022 19:00,1870,27.42422335,64.13619755,Idle,Auto,0,Normal
31/01/2022 16:00,1830,21.82083677,458.5922766,Idle,Manual,0,Critical
20/07/2022 01:00,1827,21.32706155,136.4355869,Sleep,Auto,0,Normal
15/01/2022 00:00,1450,21.42671801,416.8055293,Active,Manual,1,Normal
19/04/2022 04:00,1242,27.38341837,480.1811836,Active,Manual,0,Normal
26/04/2022 11:00,1028,19.19286115,395.6273001,Idle,Standby,0,Warning
04/06/2022 08:00,1117,28.56151933,267.2273706,Sleep,Auto,1,Normal
03/07/2022 12:00,1644,21.60274892,327.853146,Active,Standby,0,Normal
14/02/2022 15:00,1483,24.95673106,97.5803258,Idle,Manual,0,Normal
06/04/2022 10:00,1569,22.31955036,452.8702627,Idle,Standby,0,Normal
11/03/2022 16:00,1486,22.31705106,202.9147984,Active,Manual,0,Normal
20/06/2022 03:00,1633,27.0436109,267.3935059,Idle,Auto,0,Warning
27/06/2022 02:00,1923,18.37726201,446.4948321,Sleep,Auto,0,Normal
21/06/2022 09:00,1990,28.42951718,265.3688338,Active,Standby,0,Normal
03/07/2022 16:00,1338,26.04487559,38.24778671,Idle,Standby,0,Normal
21/05/2022 06:00,1759,29.25840774,87.77233674,Active,Auto,0,Warning
04/03/2022 00:00,1573,26.03713111,135.0336388,Sleep,Manual,0,Normal
21/01/2022 18:00,1536,27.81674149,28.32325076,Active,Auto,0,Critical
02/07/2022 14:00,1583,19.55945361,248.9170898,Active,Standby,0,Critical
25/05/2022 23:00,1619,24.17625235,448.8915124,Sleep,Auto,0,Normal
18/04/2022 13:00,1405,19.63539926,139.1953552,Active,Standby,0,Normal
11/05/2022 03:00,1591,24.5743892,193.2533946,Idle,Manual,0,Normal
02/05/2022 17:00,1505,24.2257172,408.0433576,Active,Auto,0,Normal
02/07/2022 09:00,1306,24.07975898,259.1615543,Sleep,Auto,0,Normal
21/04/2022 04:00,1607,25.43066823,217.9040544,Idle,Standby,0,Normal
28/06/2022 14:00,1274,26.66900158,403.1214151,Active,Manual,0,Normal
18/06/2022 08:00,1434,21.19144658,13.13847794,Sleep,Manual,0,Warning
26/03/2022 18:00,1024,18.87811846,319.44644,Sleep,Auto,0,Normal
12/02/2022 14:00,1916,28.01091597,493.0693741,Active,Standby,0,Normal
06/04/2022 02:00,1753,22.22101757,468.5181733,Active,Manual,0,Normal
23/07/2022 14:00,1976,26.03000319,154.0946468,Sleep,Manual,0,Normal
25/06/2022 19:00,1565,27.77008482,73.41471886,Sleep,Auto,0,Normal
08/05/2022 15:00,1202,25.26827236,353.7603045,Active,Standby,0,Normal
01/07/2022 21:00,1058,27.41903387,477.3241862,Sleep,Standby,0,Critical
28/01/2022 17:00,1070,27.31501528,367.842508,Idle,Auto,0,Normal
13/06/2022 20:00,1545,27.8825532,294.362874,Idle,Standby,0,Normal
20/04/2022 22:00,1415,28.46553585,241.7255328,Sleep,Standby,1,Warning
13/05/2022 08:00,1117,19.5929134,238.8142972,Active,Standby,0,Critical
27/06/2022 17:00,1378,19.02332551,18.87448939,Sleep,Standby,0,Normal
11/05/2022 01:00,1695,29.21760869,133.7407667,Active,Auto,1,Normal
12/02/2022 09:00,1934,21.4171451,257.283345,Active,Standby,0,Normal
24/01/2022 05:00,1341,27.28298105,10.45718181,Active,Standby,0,Normal
10/04/2022 23:00,1959,21.66587169,208.5878826,Idle,Auto,0,Normal
20/02/2022 07:00,1345,20.64175769,226.4023368,Idle,Auto,0,Normal
25/03/2022 13:00,1857,19.25835066,236.7539545,Active,Standby,0,Normal
21/04/2022 16:00,1956,21.44133544,145.3241158,Idle,Manual,0,Normal
30/03/2022 23:00,1533,22.71866798,133.2662634,Active,Manual,0,Normal
04/03/2022 22:00,1005,26.95078883,152.1922919,Sleep,Standby,0,Normal
14/03/2022 08:00,1108,18.90009506,223.3308535,Active,Standby,0,Normal
11/01/2022 05:00,1028,23.71645642,305.4693264,Active,Auto,0,Normal
18/02/2022 11:00,1916,29.28423758,111.684834,Sleep,Standby,0,Warning
21/05/2022 02:00,1905,19.39482613,143.6862947,Sleep,Standby,0,Normal
12/01/2022 02:00,1908,21.90677392,269.1809925,Idle,Auto,0,Normal
09/04/2022 14:00,1351,18.92853905,126.5093547,Sleep,Manual,0,Warning
16/02/2022 10:00,1393,28.10625364,447.5618207,Idle,Standby,1,Normal
03/01/2022 15:00,1546,22.10444023,71.41514806,Sleep,Standby,0,Normal
19/04/2022 00:00,1138,18.4648231,327.6784899,Idle,Auto,0,Normal
27/04/2022 04:00,1677,28.57225002,228.1608173,Idle,Standby,0,Critical
25/04/2022 21:00,1607,25.70362375,365.4093017,Idle,Standby,0,Normal
06/05/2022 11:00,1120,25.13341083,44.07891856,Idle,Standby,0,Normal
09/05/2022 04:00,1109,27.70370753,256.329085,Active,Standby,0,Normal
05/05/2022 22:00,1830,18.28495174,409.8348377,Idle,Auto,0,Normal
28/04/2022 07:00,1470,22.34995784,429.2842745,Idle,Standby,0,Normal
05/04/2022 03:00,1953,24.05820863,187.8036006,Idle,Standby,0,Warning
26/07/2022 14:00,1676,29.06341932,257.7529115,Active,Standby,0,Normal
14/05/2022 12:00,1692,21.5018317,334.4505457,Active,Auto,0,Normal
21/02/2022 13:00,1568,24.92704481,53.94145904,Idle,Manual,0,Normal
05/01/2022 07:00,1516,19.66178468,259.7643207,Active,Auto,0,Normal
21/04/2022 03:00,1292,23.93719028,116.3766372,Idle,Manual,0,Normal
12/01/2022 08:00,1404,25.54196844,388.3665207,Idle,Manual,0,Critical
22/01/2022 04:00,1050,22.11587594,478.6488366,Idle,Auto,0,Critical
03/04/2022 18:00,1692,26.27055008,352.2491944,Idle,Auto,0,Normal
25/07/2022 13:00,1539,28.08962707,195.644535,Idle,Standby,0,Normal
12/04/2022 17:00,1379,18.47029545,84.61140594,Idle,Auto,0,Normal
06/02/2022 01:00,1767,24.71555509,171.6931197,Sleep,Auto,0,Normal
19/05/2022 14:00,1802,22.30718227,63.54727052,Active,Auto,0,Normal
07/02/2022 20:00,1718,27.93847651,261.5283568,Active,Standby,0,Normal
30/03/2022 02:00,1673,21.0041004,380.0865329,Idle,Standby,0,Normal
12/06/2022 08:00,1342,29.10730869,317.0349678,Idle,Auto,0,Warning
09/03/2022 19:00,1901,21.8947597,440.2256542,Idle,Auto,0,Normal
30/04/2022 17:00,1933,18.76082556,473.6401612,Sleep,Standby,0,Normal
05/03/2022 10:00,1530,21.56387261,295.0919648,Sleep,Standby,0,Normal
04/02/2022 19:00,1407,19.9510174,276.4105632,Active,Auto,0,Normal
15/01/2022 22:00,1996,22.25298432,376.1820685,Active,Standby,0,Normal
06/01/2022 18:00,1015,23.38596033,242.3173425,Sleep,Standby,0,Normal
13/01/2022 11:00,1216,23.70815936,361.0447388,Sleep,Standby,0,Normal
06/03/2022 20:00,1191,19.80913192,293.4669239,Idle,Auto,0,Normal
11/02/2022 19:00,1657,25.95954233,26.29970389,Idle,Standby,0,Normal
16/01/2022 22:00,1354,20.09535297,74.50265614,Sleep,Standby,0,Warning
09/02/2022 05:00,1292,20.77836427,82.07247372,Active,Standby,0,Warning
05/07/2022 06:00,1486,21.22027336,445.3472124,Active,Manual,0,Normal
22/07/2022 06:00,1252,21.79340141,465.8041251,Idle,Auto,0,Normal
01/02/2022 17:00,1596,21.18977174,408.8563904,Sleep,Manual,0,Normal
13/03/2022 01:00,1798,19.34567351,71.48289158,Active,Standby,0,Normal
20/03/2022 01:00,1456,29.51202824,233.3821309,Sleep,Manual,0,Warning
17/04/2022 06:00,1944,29.71804592,267.7185502,Idle,Auto,0,Normal
28/03/2022 22:00,1992,27.82298576,468.1621038,Sleep,Auto,0,Normal
02/04/2022 13:00,1689,26.09036213,178.4426281,Active,Standby,0,Normal
07/02/2022 10:00,1599,29.98320394,404.771622,Active,Standby,1,Normal
16/06/2022 15:00,1284,28.53941459,328.1412798,Sleep,Manual,0,Warning
31/05/2022 15:00,1408,22.44417577,334.5788538,Active,Manual,0,Critical
28/02/2022 10:00,1654,22.24169159,473.9628303,Active,Standby,1,Critical
11/06/2022 09:00,1188,19.54746417,242.0324092,Idle,Standby,0,Normal
07/06/2022 17:00,1454,29.00557199,47.9263375,Sleep,Manual,0,Normal
02/07/2022 18:00,1304,26.04855358,387.4653935,Sleep,Manual,0,Normal
04/05/2022 03:00,1564,24.15218906,276.0829719,Sleep,Auto,0,Normal
05/03/2022 00:00,1301,23.37461593,57.96833717,Idle,Auto,0,Normal
19/02/2022 12:00,1691,24.16725193,145.4324598,Sleep,Auto,0,Normal
05/05/2022 13:00,1462,18.56462822,203.3213653,Active,Auto,0,Normal
28/03/2022 16:00,1443,22.76999943,323.616389,Idle,Auto,0,Normal
27/07/2022 15:00,1207,25.58063372,44.71105252,Sleep,Standby,0,Warning
24/05/2022 05:00,1658,21.62571906,207.6993714,Sleep,Auto,0,Normal
05/01/2022 12:00,1137,23.69409658,51.72847597,Sleep,Manual,0,Normal
15/07/2022 18:00,1534,25.86261822,449.53477,Active,Standby,0,Normal
28/04/2022 19:00,1852,29.78480815,480.3131675,Idle,Standby,0,Normal
17/07/2022 19:00,1935,18.3454962,194.6754616,Sleep,Auto,0,Normal
03/01/2022 10:00,1690,27.31452756,167.2310067,Idle,Manual,0,Normal
04/01/2022 04:00,1883,19.43360647,69.85498759,Active,Standby,0,Normal
03/02/2022 04:00,1757,19.58690291,255.1922268,Idle,Auto,0,Warning
16/01/2022 08:00,1757,19.23526286,269.4793004,Sleep,Auto,0,Warning
24/07/2022 09:00,1387,24.53537808,340.8870579,Active,Manual,0,Normal
02/02/2022 17:00,1179,29.33043044,29.95746915,Active,Manual,0,Normal
29/03/2022 00:00,1483,24.41045028,138.9825947,Active,Auto,0,Normal
07/04/2022 10:00,1585,19.18163577,373.0702291,Sleep,Manual,0,Normal
22/05/2022 00:00,1136,23.3851318,458.3300744,Sleep,Standby,0,Warning
31/05/2022 05:00,1921,21.71357443,176.8164515,Sleep,Manual,0,Normal
21/06/2022 07:00,1936,23.93627865,249.0916582,Sleep,Standby,0,Critical
21/03/2022 06:00,1200,28.73881527,302.5209015,Active,Manual,0,Normal
12/03/2022 23:00,1733,24.790586,87.71044594,Active,Manual,0,Normal
06/01/2022 01:00,1801,19.86938808,232.5906597,Active,Auto,0,Normal
18/03/2022 20:00,1981,24.2963174,261.7791865,Idle,Auto,0,Warning
09/04/2022 17:00,1406,20.46397505,384.9338345,Idle,Standby,0,Normal
05/06/2022 08:00,1643,27.27200227,91.82750764,Active,Auto,0,Warning
07/02/2022 22:00,1819,20.68256268,171.8978198,Idle,Standby,0,Normal
06/01/2022 04:00,1830,22.28679008,452.9617566,Idle,Standby,0,Normal
18/04/2022 04:00,1000,29.73527878,62.12016015,Sleep,Standby,0,Warning
08/03/2022 02:00,1693,29.75784946,207.3857337,Idle,Manual,0,Warning
22/02/2022 09:00,1717,21.17508953,263.9793706,Active,Auto,0,Normal
24/05/2022 09:00,1806,28.56684078,164.2953077,Active,Manual,0,Normal
26/05/2022 00:00,1352,20.37024869,243.2881178,Idle,Auto,0,Normal
21/06/2022 04:00,1244,21.04239375,273.1687862,Idle,Manual,0,Normal
19/02/2022 02:00,1237,27.0266773,479.2480018,Sleep,Manual,0,Normal
25/05/2022 07:00,1780,25.23838011,165.5990982,Sleep,Standby,0,Normal
25/05/2022 13:00,1572,21.67544238,416.9014157,Sleep,Manual,0,Warning
25/05/2022 11:00,1656,27.40148752,398.7627654,Active,Standby,0,Normal
29/03/2022 15:00,1579,18.79984206,278.8604939,Sleep,Auto,0,Normal
19/01/2022 10:00,1498,28.86424379,464.3448562,Sleep,Standby,0,Normal
03/04/2022 19:00,1202,21.39671692,340.6007342,Sleep,Auto,0,Warning
04/07/2022 00:00,1129,23.04244911,64.78919951,Active,Auto,1,Normal
08/02/2022 13:00,1904,22.79258521,115.1473417,Idle,Standby,0,Normal
17/06/2022 12:00,1746,28.24593775,21.95631529,Active,Manual,0,Normal
31/03/2022 09:00,1844,20.92822924,479.4888429,Sleep,Standby,0,Normal
18/07/2022 18:00,1109,23.72849191,114.196009,Sleep,Manual,0,Warning
28/02/2022 19:00,1970,26.30193899,217.8888397,Active,Auto,0,Normal
25/05/2022 10:00,1389,27.7779141,92.02750479,Sleep,Standby,0,Normal
28/03/2022 08:00,1469,29.45825054,261.0514076,Idle,Standby,0,Critical
04/03/2022 21:00,1452,20.27119204,430.2725842,Active,Standby,0,Warning
21/02/2022 03:00,1729,26.9290782,466.5062613,Sleep,Standby,0,Normal
19/06/2022 16:00,1129,23.77285794,395.4084084,Idle,Manual,0,Normal
18/04/2022 17:00,1596,19.60333217,95.76746089,Idle,Manual,0,Normal
05/07/2022 10:00,1909,27.1107184,490.2826673,Idle,Auto,0,Warning
03/05/2022 23:00,1637,26.36335614,385.5123191,Sleep,Standby,0,Normal
11/06/2022 21:00,1839,18.1488174,484.3441445,Active,Manual,0,Normal
14/01/2022 12:00,1042,21.0827528,78.92205133,Idle,Manual,0,Normal
15/06/2022 17:00,1461,27.77096184,311.2283945,Idle,Standby,0,Normal
30/05/2022 00:00,1257,20.17547863,190.4932139,Sleep,Standby,0,Normal
03/04/2022 03:00,1022,27.28380466,476.1675195,Idle,Manual,0,Normal
18/05/2022 10:00,1956,25.29398025,205.6235493,Sleep,Standby,0,Normal
07/05/2022 11:00,1338,28.48456921,145.7579131,Sleep,Standby,0,Normal
04/03/2022 10:00,1889,24.48594154,378.2607803,Active,Manual,0,Normal
04/03/2022 14:00,1771,18.17075394,454.3569431,Active,Auto,0,Critical
11/02/2022 22:00,1226,27.56673708,465.0155781,Active,Standby,0,Normal
24/06/2022 03:00,1849,23.51579508,327.4960695,Sleep,Auto,0,Warning
06/05/2022 13:00,1423,26.45807182,33.92973155,Sleep,Manual,0,Normal
27/05/2022 12:00,1434,20.20812275,315.0508668,Active,Auto,0,Normal
03/03/2022 03:00,1152,25.49642433,76.9248149,Sleep,Standby,0,Normal
21/02/2022 01:00,1388,19.59840456,326.9951463,Idle,Standby,0,Normal
12/05/2022 23:00,1021,21.22324693,309.6928552,Active,Manual,0,Normal
05/04/2022 11:00,1897,18.70059935,476.1429281,Idle,Standby,0,Warning
08/06/2022 16:00,1886,26.51788452,144.5924583,Idle,Manual,0,Normal
20/02/2022 16:00,1881,29.00117312,284.1507644,Idle,Standby,1,Normal
15/06/2022 16:00,1050,28.33521431,376.6119297,Active,Standby,0,Normal
11/07/2022 00:00,1096,24.99713874,39.64846324,Sleep,Standby,0,Normal
18/01/2022 12:00,1220,20.82680522,290.3004406,Idle,Manual,0,Warning
23/05/2022 14:00,1693,27.89237114,25.60265888,Active,Auto,0,Normal
01/01/2022 06:00,1020,28.87924756,10.2480244,Active,Manual,0,Normal
08/02/2022 20:00,1220,28.18882763,463.8925892,Active,Auto,0,Normal
12/03/2022 11:00,1447,25.24148294,320.1685952,Sleep,Auto,0,Normal
19/01/2022 07:00,1972,18.10084398,390.6243138,Sleep,Manual,1,Normal
24/02/2022 17:00,1452,23.50128636,476.1728169,Active,Auto,0,Normal
29/01/2022 06:00,1749,28.26647642,459.3980004,Sleep,Manual,0,Normal
22/03/2022 23:00,1443,29.87216717,294.5580828,Idle,Manual,0,Normal
12/07/2022 02:00,1590,23.46985825,213.9036089,Idle,Auto,0,Normal
18/05/2022 15:00,1317,18.22896115,57.39398546,Active,Manual,0,Normal
05/04/2022 12:00,1442,28.7096825,401.0435038,Idle,Manual,0,Normal
13/07/2022 01:00,1237,22.18783493,231.2595268,Active,Standby,0,Normal
20/06/2022 00:00,1246,25.71246144,458.4678224,Idle,Standby,0,Normal
15/04/2022 22:00,1798,27.28591347,399.2502149,Idle,Standby,0,Normal
12/04/2022 15:00,1261,24.63846472,47.43497887,Idle,Auto,1,Normal
18/06/2022 05:00,1053,21.8874437,230.2397897,Sleep,Manual,0,Normal
20/03/2022 21:00,1265,22.97946891,47.55728092,Active,Manual,0,Warning
26/06/2022 20:00,1148,28.61200797,337.1943293,Idle,Manual,0,Normal
21/07/2022 05:00,1104,28.01409378,358.1392625,Sleep,Auto,0,Normal
21/04/2022 00:00,1763,28.52045106,200.7123713,Idle,Standby,0,Critical
09/01/2022 02:00,1710,25.42127489,272.9179552,Active,Auto,0,Normal
03/03/2022 10:00,1271,26.37293669,422.1612216,Sleep,Manual,0,Normal
12/07/2022 08:00,1450,20.17259836,184.4955301,Active,Manual,0,Critical
20/02/2022 11:00,1669,21.72122544,45.4544808,Active,Manual,0,Warning
12/04/2022 14:00,1653,22.78227242,209.881679,Sleep,Manual,0,Normal
11/03/2022 01:00,1830,25.20237338,125.6982398,Active,Standby,0,Warning
23/04/2022 12:00,1149,19.50704048,381.8092558,Active,Manual,0,Normal
09/05/2022 10:00,1333,21.80779781,79.00142471,Active,Manual,0,Normal
23/04/2022 17:00,1387,23.54506858,297.9215183,Idle,Standby,0,Normal
26/06/2022 02:00,1911,25.38557117,136.7338881,Active,Manual,0,Warning
29/04/2022 10:00,1062,23.20960739,221.2302753,Active,Auto,0,Normal
06/04/2022 22:00,1700,18.75402524,362.9986368,Sleep,Auto,0,Normal
17/02/2022 02:00,1803,18.19525978,386.69751,Sleep,Manual,0,Normal
02/03/2022 21:00,1390,25.39946434,283.0932231,Idle,Auto,0,Normal
12/01/2022 12:00,1179,23.09958975,146.8836437,Sleep,Standby,0,Normal
03/04/2022 14:00,1291,21.87148617,404.8520867,Active,Manual,1,Normal
08/04/2022 03:00,1497,20.03223678,123.8004706,Idle,Manual,0,Normal
30/06/2022 02:00,1429,20.6662706,182.6737372,Idle,Standby,0,Normal
24/02/2022 06:00,1768,21.50401283,35.71296377,Idle,Standby,0,Warning
15/04/2022 21:00,1908,19.9783212,113.1433533,Idle,Manual,0,Normal
10/01/2022 06:00,1833,25.07038118,20.04580268,Active,Standby,0,Normal
26/03/2022 20:00,1870,24.04348783,453.2281142,Idle,Auto,0,Normal
22/03/2022 04:00,1628,19.39043357,376.7728014,Idle,Manual,0,Warning
24/01/2022 21:00,1473,19.56566496,107.6450163,Active,Manual,0,Normal
21/02/2022 12:00,1144,22.17041699,272.5498218,Sleep,Standby,0,Normal
28/05/2022 16:00,1841,18.37464669,370.6392212,Idle,Auto,0,Warning
30/03/2022 21:00,1656,23.01029042,378.0816104,Active,Manual,0,Normal
25/02/2022 14:00,1404,18.14710394,68.3770776,Sleep,Auto,0,Normal
13/04/2022 09:00,1821,18.67654208,34.55689949,Sleep,Manual,0,Normal
18/01/2022 10:00,1040,26.7484725,418.7825171,Active,Auto,0,Normal
24/07/2022 18:00,1277,26.21540394,390.8485194,Idle,Standby,0,Normal
16/02/2022 00:00,1507,25.64201206,27.75988995,Sleep,Manual,0,Normal
11/01/2022 17:00,1946,22.27503583,331.0047456,Idle,Auto,0,Normal
13/01/2022 07:00,1163,19.99780821,127.6689447,Idle,Auto,0,Normal
09/04/2022 09:00,1533,22.0036321,36.1462183,Active,Auto,0,Normal
17/01/2022 02:00,1342,25.87561968,391.4486784,Sleep,Manual,0,Normal
18/05/2022 20:00,1347,21.78219555,474.9356384,Sleep,Auto,0,Normal
17/06/2022 05:00,1118,28.09700996,405.8729416,Active,Auto,0,Normal
03/04/2022 23:00,1122,21.27975468,129.3898096,Active,Standby,0,Normal
17/04/2022 10:00,1026,23.91113369,190.5212471,Idle,Manual,0,Warning
30/06/2022 15:00,1233,21.82105304,346.7729804,Sleep,Standby,0,Normal
27/05/2022 11:00,1754,28.85282492,282.080875,Sleep,Manual,0,Normal
18/03/2022 15:00,1649,23.29033413,259.136836,Idle,Standby,0,Normal
02/07/2022 16:00,1233,21.75096787,75.35796568,Idle,Standby,0,Normal
07/03/2022 03:00,1338,23.55707353,137.1358,Sleep,Standby,0,Normal
25/03/2022 23:00,1293,25.64598943,415.7080389,Sleep,Manual,0,Normal
28/02/2022 08:00,1924,24.80064719,269.9999524,Active,Auto,0,Normal
30/01/2022 16:00,1761,18.85014229,326.9538903,Sleep,Standby,0,Normal
11/04/2022 20:00,1193,20.31693883,56.31569611,Idle,Auto,0,Normal
20/04/2022 03:00,1621,25.98453674,121.3764283,Idle,Standby,0,Normal
09/01/2022 17:00,1532,26.88326489,263.9579248,Active,Manual,0,Warning
26/07/2022 00:00,1554,23.62656484,363.8492995,Idle,Auto,0,Normal
23/02/2022 17:00,1414,20.98141751,223.3654791,Idle,Auto,0,Normal
19/01/2022 17:00,1843,25.27417631,448.2983998,Idle,Standby,0,Normal
20/06/2022 11:00,1723,29.61086064,481.9625958,Active,Auto,0,Normal
18/04/2022 01:00,1006,28.02773217,460.5543902,Sleep,Standby,0,Normal
17/03/2022 20:00,1893,29.51812524,400.7299451,Active,Manual,0,Normal
09/02/2022 22:00,1969,24.45422051,244.8684189,Active,Standby,0,Normal
16/03/2022 17:00,1246,25.26256586,166.5911977,Sleep,Standby,0,Normal
19/07/2022 10:00,1681,25.35873917,133.9537844,Sleep,Standby,0,Normal
28/01/2022 06:00,1771,27.91510025,310.6323151,Idle,Manual,0,Warning
11/04/2022 07:00,1549,24.59244997,222.6733287,Sleep,Standby,0,Normal
10/06/2022 12:00,1691,21.67261737,341.0040705,Sleep,Manual,0,Normal
25/03/2022 03:00,1332,19.06911926,375.3166105,Sleep,Manual,0,Normal
15/03/2022 08:00,1328,21.71244179,423.6371643,Sleep,Standby,0,Normal
09/04/2022 02:00,1846,20.91312941,256.1654428,Idle,Auto,0,Warning
25/04/2022 05:00,1847,19.06773811,431.9984618,Sleep,Auto,0,Warning
20/04/2022 01:00,1280,23.99053028,493.7910917,Active,Manual,1,Critical
18/01/2022 03:00,1111,18.5046592,265.6466115,Active,Manual,0,Normal
15/03/2022 22:00,1486,21.27626082,415.4266311,Active,Manual,0,Warning
15/06/2022 18:00,1629,29.89200327,366.5406923,Active,Standby,0,Normal
02/04/2022 02:00,1441,27.81558393,179.7723619,Active,Auto,0,Normal
10/04/2022 03:00,1546,28.89537507,439.0220596,Idle,Standby,0,Normal
15/06/2022 03:00,1717,20.88721534,25.46361723,Active,Standby,0,Warning
29/06/2022 15:00,1267,29.92865902,355.1347368,Idle,Standby,0,Normal
18/07/2022 22:00,1032,28.76350413,266.7957032,Active,Standby,0,Normal
04/06/2022 06:00,1377,27.68612441,88.8498125,Active,Auto,0,Normal
15/06/2022 12:00,1280,21.12652206,210.7640249,Sleep,Standby,0,Critical
18/07/2022 13:00,1088,29.81814176,327.5917516,Active,Manual,0,Normal
29/05/2022 06:00,1333,28.78378413,154.8441085,Sleep,Standby,0,Normal
21/06/2022 06:00,1221,21.77723172,380.5091201,Active,Auto,0,Warning
26/05/2022 17:00,1215,27.18325593,54.1127449,Idle,Standby,0,Normal
06/06/2022 21:00,1074,24.65744007,492.8387126,Active,Standby,0,Normal
18/01/2022 22:00,1449,27.83161126,336.8204976,Idle,Standby,0,Critical
06/07/2022 20:00,1858,24.44732271,281.9613355,Active,Manual,0,Normal
07/04/2022 17:00,1146,25.18337103,408.503877,Idle,Standby,0,Normal
26/02/2022 22:00,1225,28.5086513,78.62083012,Sleep,Manual,0,Normal
25/03/2022 00:00,1306,24.40357893,52.2929188,Idle,Manual,0,Warning
29/04/2022 19:00,1583,28.27996365,126.0220822,Idle,Auto,0,Normal
19/02/2022 00:00,1137,18.48441876,383.1523793,Active,Auto,0,Normal
28/05/2022 00:00,1727,22.31128746,374.2141347,Idle,Manual,0,Normal
03/03/2022 12:00,1217,26.80149081,445.0461982,Idle,Standby,0,Normal
05/06/2022 20:00,1443,28.28038584,71.96789809,Active,Manual,0,Normal
27/03/2022 05:00,1054,28.92939828,258.5732523,Active,Auto,0,Normal
05/01/2022 06:00,1751,24.64362959,484.483084,Sleep,Auto,0,Warning
30/06/2022 11:00,1316,28.9511111,243.7704387,Active,Standby,0,Normal
05/05/2022 16:00,1723,24.29341881,73.70992696,Active,Standby,0,Normal
22/02/2022 15:00,1480,20.70917261,497.1449909,Idle,Auto,0,Normal
01/05/2022 01:00,1102,20.44377401,463.2973583,Active,Auto,0,Warning
11/05/2022 18:00,1568,18.8533427,351.774216,Idle,Manual,1,Warning
31/05/2022 22:00,1753,25.83456375,384.0341614,Idle,Auto,0,Normal
14/05/2022 11:00,1525,20.70720794,399.6374283,Idle,Manual,0,Normal
28/06/2022 06:00,1820,23.93490406,423.8929746,Active,Auto,0,Normal
18/05/2022 11:00,1235,23.55411993,354.3277125,Idle,Auto,0,Normal
28/07/2022 01:00,1218,18.42084659,422.7868744,Idle,Auto,0,Normal
01/06/2022 09:00,1550,23.68010178,177.6022852,Active,Auto,0,Normal
10/03/2022 11:00,1185,19.26688422,325.1683264,Sleep,Manual,0,Warning
07/07/2022 17:00,1340,23.47564104,366.7105451,Idle,Manual,1,Normal
01/01/2022 00:00,1358,19.04025923,351.1787015,Sleep,Standby,1,Normal
07/03/2022 20:00,1805,25.4859721,155.1635669,Active,Standby,0,Warning
04/07/2022 06:00,1482,18.93148592,122.3442518,Sleep,Manual,0,Normal
21/06/2022 12:00,1992,22.60544621,350.2451865,Idle,Standby,0,Normal
26/02/2022 12:00,1478,29.11293654,100.1758767,Sleep,Manual,0,Normal
25/06/2022 01:00,1833,18.10403022,304.4182592,Idle,Manual,0,Warning
10/07/2022 14:00,1026,22.3234819,199.3575814,Active,Manual,0,Normal
05/06/2022 13:00,1810,27.32039299,203.5593259,Idle,Manual,0,Normal
26/03/2022 09:00,1660,22.62709616,166.8843522,Idle,Standby,1,Normal
03/04/2022 10:00,1204,22.01919689,138.7993291,Sleep,Manual,0,Normal
17/01/2022 12:00,1767,20.3711643,209.6202936,Sleep,Auto,0,Normal
25/07/2022 21:00,1302,29.77863425,71.35528246,Active,Standby,0,Warning
14/02/2022 08:00,1484,21.41516667,211.8403667,Idle,Manual,0,Normal
09/05/2022 08:00,1450,20.06955029,303.0776527,Idle,Auto,0,Normal
31/03/2022 17:00,1046,18.39894738,231.32952,Active,Manual,0,Normal
04/02/2022 02:00,1114,28.83241994,353.1653901,Idle,Auto,0,Normal
17/03/2022 12:00,1841,19.43268266,174.0310316,Idle,Standby,0,Normal
17/04/2022 08:00,1418,29.85402594,151.0433574,Idle,Auto,0,Normal
06/03/2022 16:00,1780,27.18509529,269.9381228,Sleep,Auto,0,Normal
18/06/2022 15:00,1584,23.59629515,35.04844778,Active,Auto,0,Normal
04/02/2022 00:00,1659,24.3911364,69.48953629,Idle,Auto,0,Warning
07/03/2022 12:00,1861,29.54602791,460.9555256,Active,Manual,0,Normal
09/07/2022 16:00,1445,26.58457934,252.9173681,Active,Standby,0,Normal
17/03/2022 00:00,1284,21.87325109,224.839867,Idle,Standby,0,Normal
28/06/2022 15:00,1110,19.56158893,145.1633372,Active,Standby,0,Normal
16/01/2022 21:00,1309,22.77858735,169.0966724,Sleep,Standby,0,Normal
30/04/2022 18:00,1340,18.82723599,348.2410617,Active,Auto,0,Normal
01/07/2022 03:00,1330,21.20356989,306.7950979,Sleep,Standby,0,Normal
12/07/2022 18:00,1636,27.91292906,366.0685176,Active,Manual,0,Normal
26/05/2022 23:00,1583,19.73682982,467.9344539,Active,Auto,0,Warning
07/04/2022 07:00,1633,21.8106125,335.0336578,Idle,Auto,0,Normal
16/03/2022 04:00,1629,24.44118125,170.3094264,Sleep,Standby,0,Normal
24/04/2022 14:00,1419,25.44275141,225.6217841,Idle,Manual,0,Normal
12/04/2022 13:00,1455,29.07320446,199.3550673,Idle,Auto,0,Normal
08/04/2022 05:00,1370,25.50621871,299.3974444,Idle,Standby,0,Warning
06/02/2022 00:00,1210,19.4242096,446.9210011,Active,Standby,0,Normal
01/06/2022 14:00,1544,26.36233206,155.0133437,Active,Standby,0,Normal
12/05/2022 20:00,1219,20.13069697,389.2702862,Idle,Auto,0,Normal
24/01/2022 02:00,1724,26.61538755,300.8743114,Sleep,Manual,0,Normal
18/02/2022 07:00,1080,25.35989512,97.18785435,Idle,Auto,0,Normal
20/02/2022 13:00,1933,27.18124026,188.4731942,Active,Manual,0,Normal
06/06/2022 16:00,1926,27.85112537,218.6798636,Sleep,Manual,0,Warning
25/06/2022 13:00,1729,24.05034822,44.68514154,Idle,Standby,0,Normal
03/01/2022 00:00,1661,24.19897853,190.354686,Sleep,Manual,0,Normal
09/04/2022 15:00,1527,26.00974047,42.6265707,Active,Manual,0,Normal
30/01/2022 04:00,1788,27.82963892,136.7769797,Active,Auto,0,Warning
28/01/2022 04:00,1647,25.86594657,456.6713176,Sleep,Auto,0,Normal
13/06/2022 21:00,1246,21.14284408,112.5559725,Sleep,Manual,0,Normal
03/07/2022 17:00,1604,23.73664152,358.4630918,Active,Standby,0,Normal
18/05/2022 23:00,1588,20.04989664,440.8523235,Sleep,Standby,0,Normal
01/02/2022 04:00,1169,23.85362101,491.8963099,Sleep,Auto,0,Warning
02/03/2022 15:00,1728,28.83714308,491.6254067,Idle,Auto,0,Warning
24/06/2022 19:00,1124,19.33968811,196.7769899,Active,Standby,0,Normal
10/04/2022 13:00,1594,26.52627848,288.6806424,Sleep,Auto,1,Normal
26/05/2022 14:00,1029,28.42376519,236.4812091,Sleep,Auto,0,Normal
06/02/2022 02:00,1279,28.2917012,314.2536604,Active,Auto,0,Normal
01/02/2022 08:00,1731,28.54516378,143.1295071,Idle,Standby,0,Normal
10/03/2022 12:00,1261,19.67038028,110.4395498,Idle,Manual,0,Normal
04/01/2022 20:00,1487,18.59603309,107.9618173,Active,Manual,0,Warning
21/07/2022 00:00,1121,21.17089972,168.91359,Idle,Manual,0,Normal
10/05/2022 05:00,1507,23.4674854,115.5018582,Sleep,Auto,0,Critical
12/04/2022 08:00,1480,20.4705214,375.0903448,Active,Standby,0,Normal
20/04/2022 13:00,1136,18.49135554,320.9563131,Sleep,Auto,0,Normal
04/03/2022 02:00,1364,26.87397905,35.91771001,Active,Standby,0,Normal
01/05/2022 15:00,1427,20.91393614,301.5071124,Sleep,Standby,0,Normal
01/04/2022 17:00,1150,29.72998565,431.1103148,Sleep,Auto,1,Normal
31/01/2022 09:00,1754,23.08786402,439.6467271,Sleep,Auto,0,Normal
18/07/2022 07:00,1596,20.39148164,15.04679184,Active,Manual,0,Normal
13/04/2022 23:00,1812,27.1130491,486.7491552,Active,Manual,0,Normal
04/04/2022 10:00,1450,25.58340699,141.6797929,Idle,Manual,0,Normal
22/03/2022 16:00,1411,24.56617123,223.0331093,Active,Auto,0,Normal
14/03/2022 17:00,1211,28.48178854,357.7416121,Active,Auto,0,Warning
17/07/2022 18:00,1386,18.3475733,368.5919299,Active,Manual,0,Warning
02/07/2022 05:00,1116,22.97664832,382.5922087,Active,Manual,0,Warning
26/05/2022 11:00,1554,28.61281878,393.618064,Idle,Auto,0,Normal
16/02/2022 06:00,1156,24.21085846,250.2648032,Active,Auto,0,Normal
20/05/2022 01:00,1519,28.85294012,427.6045774,Active,Manual,0,Normal
18/06/2022 00:00,1572,19.34318517,83.69375874,Active,Standby,0,Normal
06/07/2022 07:00,1641,18.5716537,402.9711799,Sleep,Standby,0,Normal
23/06/2022 05:00,1056,22.23627125,427.9819162,Active,Standby,0,Normal
15/01/2022 10:00,1194,26.86722549,112.264679,Active,Standby,0,Normal
19/02/2022 09:00,1445,18.78462286,197.7008841,Active,Manual,0,Normal
16/06/2022 22:00,1827,29.23782749,272.8703389,Sleep,Manual,0,Normal
05/03/2022 03:00,1212,28.78489119,40.04239636,Active,Standby,0,Normal
14/07/2022 13:00,1669,27.65821397,476.729261,Idle,Manual,0,Normal
25/01/2022 02:00,1514,21.80929378,331.7590628,Active,Manual,0,Normal
23/03/2022 20:00,1170,23.22270035,291.2659985,Idle,Auto,0,Normal
04/01/2022 03:00,1685,20.78017304,190.8079384,Sleep,Standby,0,Normal
01/03/2022 13:00,1597,27.40223533,75.75439824,Active,Manual,0,Normal
04/06/2022 16:00,1082,27.33895399,405.5680946,Sleep,Auto,0,Normal
04/07/2022 14:00,1488,24.0112921,483.9197282,Idle,Manual,0,Normal
25/04/2022 15:00,1075,29.86250236,85.48596115,Idle,Manual,0,Normal
26/07/2022 08:00,1757,18.51731832,219.0138011,Sleep,Auto,0,Normal
18/03/2022 22:00,1462,20.89395049,58.1586487,Active,Standby,0,Normal
06/01/2022 11:00,1884,21.84854046,134.0747958,Sleep,Auto,0,Normal
08/01/2022 10:00,1355,23.43025033,251.724114,Sleep,Standby,0,Normal
01/05/2022 19:00,1757,28.84500762,371.9355285,Sleep,Standby,0,Normal
06/07/2022 02:00,1942,23.71636974,481.9789725,Active,Standby,0,Normal
24/06/2022 18:00,1970,21.40020539,30.0552369,Idle,Standby,0,Normal
16/04/2022 02:00,1584,25.65211439,285.7164659,Sleep,Auto,0,Normal
18/03/2022 18:00,1446,28.75385159,127.1505213,Idle,Auto,1,Normal
29/03/2022 10:00,1813,25.94799459,421.9196121,Sleep,Standby,0,Normal
14/06/2022 13:00,1296,21.31992038,384.8032441,Sleep,Manual,0,Normal
09/04/2022 21:00,1965,18.73358602,384.046015,Sleep,Standby,0,Normal
26/01/2022 04:00,1620,20.51908035,479.8134456,Sleep,Auto,0,Normal
20/04/2022 11:00,1677,20.92485456,368.9237422,Active,Auto,0,Normal
02/01/2022 01:00,1796,23.39052025,147.9936666,Sleep,Manual,0,Normal
28/01/2022 10:00,1290,18.74567571,292.8808488,Sleep,Manual,0,Normal
27/07/2022 09:00,1853,26.86978666,53.84118618,Idle,Auto,0,Normal
19/05/2022 05:00,1480,23.73887182,306.0809455,Active,Auto,0,Warning
11/06/2022 04:00,1859,24.31037698,68.06989489,Sleep,Manual,0,Critical
08/01/2022 05:00,1812,29.48031261,305.6961806,Active,Manual,0,Warning
09/03/2022 03:00,1730,27.08790891,71.58996546,Sleep,Auto,0,Normal
19/01/2022 05:00,1827,25.3929753,16.85177776,Sleep,Manual,0,Normal
14/01/2022 19:00,1474,27.73786378,210.0447466,Sleep,Manual,0,Warning
10/05/2022 04:00,1571,20.03453943,477.7681028,Idle,Auto,0,Warning
02/03/2022 14:00,1804,19.61438335,323.5519494,Sleep,Manual,0,Normal
15/01/2022 06:00,1314,25.73302206,19.65888687,Active,Standby,0,Normal
14/05/2022 17:00,1974,18.45913016,163.0428691,Active,Manual,0,Normal
10/07/2022 16:00,1894,29.61462502,163.8943023,Idle,Manual,0,Normal
15/02/2022 08:00,1005,20.703485,496.1683809,Idle,Standby,0,Normal
20/01/2022 23:00,1925,25.2001826,316.1069168,Sleep,Standby,0,Normal
31/01/2022 07:00,1234,18.51169134,381.5989025,Sleep,Auto,0,Normal
07/06/2022 15:00,1053,21.89445846,330.1506223,Active,Standby,1,Warning
10/02/2022 16:00,1605,22.1018174,431.187933,Sleep,Standby,0,Normal
07/06/2022 16:00,1200,28.52405558,335.8622895,Active,Standby,0,Normal
05/05/2022 01:00,1084,24.67076532,259.9185557,Active,Auto,0,Normal
22/03/2022 08:00,1130,25.00735072,452.5868499,Active,Manual,0,Warning
03/03/2022 04:00,1322,29.85853686,56.56016173,Idle,Manual,0,Normal
21/02/2022 00:00,1826,26.49026057,407.4842125,Sleep,Standby,1,Normal
30/04/2022 00:00,1653,27.9249767,314.3368108,Idle,Manual,0,Normal
23/03/2022 08:00,1527,22.08090973,470.8628077,Sleep,Auto,0,Normal
21/07/2022 06:00,1226,19.20906551,224.5565497,Active,Standby,0,Normal
07/07/2022 12:00,1055,21.37288176,243.94958,Idle,Standby,0,Normal
20/03/2022 20:00,1900,24.99049776,182.4065131,Sleep,Manual,0,Critical
24/02/2022 03:00,1736,20.02471504,44.00576948,Active,Standby,0,Normal
05/05/2022 14:00,1074,26.88653869,100.6982198,Active,Standby,0,Normal
11/07/2022 15:00,1601,27.23240067,389.2616672,Idle,Standby,0,Warning
28/01/2022 12:00,1322,21.83156415,26.14033766,Sleep,Standby,0,Normal
10/07/2022 17:00,1152,21.52838605,262.6241846,Sleep,Standby,0,Normal
19/06/2022 17:00,1070,20.3373174,297.183247,Active,Standby,1,Normal
27/04/2022 00:00,1682,23.1177672,84.3971548,Sleep,Standby,0,Warning
25/07/2022 17:00,1879,23.89854565,219.3378038,Active,Manual,0,Warning
09/06/2022 11:00,1703,18.2844089,210.0200573,Idle,Auto,0,Warning
24/04/2022 02:00,1712,26.87118826,479.4463507,Idle,Auto,0,Normal
14/07/2022 01:00,1834,27.36965484,61.23171915,Active,Standby,0,Normal
12/01/2022 03:00,1348,22.88382085,230.4614715,Sleep,Manual,0,Normal
05/07/2022 02:00,1315,27.80223755,472.9980498,Idle,Manual,0,Normal
26/07/2022 15:00,1319,20.42996417,79.29877636,Sleep,Auto,0,Normal
21/05/2022 12:00,1058,26.22624621,218.1551417,Sleep,Auto,0,Normal
30/05/2022 19:00,1552,26.10418565,152.7242128,Idle,Standby,0,Critical
29/06/2022 20:00,1282,24.12853162,30.18190068,Sleep,Manual,0,Normal
05/06/2022 02:00,1712,20.74489093,276.0988736,Active,Standby,0,Normal
22/05/2022 22:00,1557,25.11068057,51.64631503,Sleep,Auto,0,Normal
23/02/2022 06:00,1471,25.30796234,449.1302969,Active,Manual,0,Normal
13/07/2022 08:00,1226,29.58386071,426.4368465,Sleep,Manual,0,Normal
13/06/2022 05:00,1200,21.14150183,313.4617318,Idle,Standby,0,Normal
22/04/2022 14:00,1390,27.69804771,100.7724128,Active,Manual,0,Normal
09/03/2022 13:00,1576,21.52131195,472.0279615,Idle,Standby,0,Normal
20/06/2022 23:00,1813,28.9242282,220.2971227,Idle,Auto,0,Normal
30/04/2022 01:00,1008,28.67683643,313.8650024,Idle,Standby,0,Normal
21/03/2022 00:00,1445,28.33319202,167.5168315,Idle,Auto,0,Normal
13/06/2022 12:00,1609,21.42793592,206.6823074,Sleep,Standby,0,Normal
06/05/2022 14:00,1157,26.23294061,53.62430347,Active,Standby,0,Normal
04/07/2022 22:00,1968,22.37787232,469.1521354,Idle,Auto,0,Normal
03/01/2022 19:00,1962,23.51543932,428.789041,Idle,Standby,0,Normal
27/03/2022 02:00,1355,29.86981559,355.6758354,Sleep,Auto,0,Normal
18/04/2022 12:00,1111,25.18745299,56.00226331,Sleep,Manual,0,Normal
07/06/2022 14:00,1263,29.15469491,292.9055551,Idle,Standby,0,Normal
07/06/2022 22:00,1835,21.2568672,499.4586919,Active,Standby,0,Warning
04/02/2022 04:00,1978,21.02273927,472.7687462,Sleep,Manual,0,Normal
21/02/2022 02:00,1516,23.51091451,100.6619838,Idle,Manual,0,Normal
05/05/2022 15:00,1907,28.17362341,32.2464758,Active,Standby,0,Normal
11/05/2022 12:00,1099,18.99753401,204.1971038,Idle,Manual,0,Normal
25/04/2022 07:00,1530,26.82055024,388.8543751,Idle,Auto,1,Warning
05/07/2022 17:00,1875,25.08622786,233.8878882,Active,Manual,0,Normal
27/06/2022 21:00,1131,20.71028189,495.6894325,Idle,Auto,1,Normal
20/05/2022 13:00,1559,22.53890392,174.6263628,Sleep,Standby,0,Normal
17/02/2022 15:00,1709,20.81844007,228.1939914,Sleep,Auto,0,Normal
17/01/2022 13:00,1629,29.17332568,302.0475845,Idle,Standby,0,Normal
02/05/2022 02:00,1707,29.38821928,236.1763738,Sleep,Manual,0,Normal
29/06/2022 05:00,1263,19.54066366,79.92003121,Idle,Auto,1,Normal
25/04/2022 23:00,1641,28.85478372,184.8680196,Active,Auto,0,Normal
28/02/2022 06:00,1309,23.72865172,336.4803104,Active,Standby,0,Normal
11/03/2022 03:00,1722,18.0852948,358.5224865,Sleep,Manual,0,Normal
10/02/2022 19:00,1976,18.92179491,178.9884163,Idle,Standby,0,Normal
24/02/2022 02:00,1413,29.99929298,198.7707386,Idle,Standby,0,Normal
29/05/2022 03:00,1934,25.26591595,499.1316905,Sleep,Manual,0,Normal
04/01/2022 10:00,1889,24.6982241,463.752721,Idle,Manual,0,Warning
07/07/2022 19:00,1845,23.52685159,120.3787513,Active,Auto,0,Normal
13/04/2022 10:00,1386,20.39570718,492.8814534,Active,Standby,0,Normal
05/06/2022 19:00,1352,23.06817087,395.6605477,Idle,Standby,0,Normal
07/06/2022 13:00,1777,25.61438855,275.7007139,Sleep,Auto,0,Normal
06/04/2022 08:00,1675,22.43464285,14.68526846,Sleep,Auto,0,Warning
18/01/2022 15:00,1657,21.12706942,399.2808241,Sleep,Manual,0,Normal
30/06/2022 19:00,1576,29.11310096,200.8058415,Idle,Standby,0,Normal
21/03/2022 08:00,1699,28.47104539,258.6886197,Active,Standby,0,Normal
09/07/2022 02:00,1867,26.00686877,266.7966409,Active,Auto,0,Normal
20/05/2022 16:00,1007,20.91254004,137.1822862,Sleep,Manual,0,Warning
10/05/2022 06:00,1107,25.30219859,377.2899496,Sleep,Standby,0,Normal
07/03/2022 05:00,1208,21.21752285,181.0318695,Idle,Manual,0,Normal
20/05/2022 19:00,1548,25.83342358,394.3161202,Active,Auto,0,Normal
04/02/2022 23:00,1962,21.82767851,341.4879136,Idle,Standby,0,Normal
21/01/2022 20:00,1493,18.5354233,160.4683767,Active,Auto,0,Normal
06/01/2022 21:00,1784,27.63390176,226.5187549,Sleep,Standby,0,Normal
27/02/2022 09:00,1814,26.23834147,319.3764485,Idle,Manual,0,Warning
04/06/2022 01:00,1997,27.53950716,358.3131505,Active,Auto,0,Normal
31/03/2022 08:00,1296,20.52320686,111.734592,Active,Manual,0,Normal
17/02/2022 10:00,1104,23.10973329,465.2135883,Idle,Standby,0,Normal
02/05/2022 23:00,1145,18.42894836,24.78175612,Active,Standby,0,Normal
16/03/2022 11:00,1644,20.21251873,437.9299077,Sleep,Manual,0,Normal
26/05/2022 04:00,1720,28.00007599,260.3270043,Active,Manual,1,Normal
23/01/2022 22:00,1493,24.69556548,47.33492773,Idle,Auto,0,Normal
24/07/2022 10:00,1816,26.92206833,297.5595925,Sleep,Standby,0,Normal
26/03/2022 03:00,1908,27.0176144,181.6149032,Sleep,Auto,0,Warning
09/02/2022 12:00,1032,23.15432842,414.3463004,Sleep,Manual,0,Normal
19/04/2022 08:00,1000,23.9719795,379.5149066,Sleep,Auto,0,Normal
23/01/2022 04:00,1079,27.65232654,328.4476753,Sleep,Standby,0,Normal
18/03/2022 05:00,1737,24.77063619,475.0830876,Active,Auto,0,Normal
02/05/2022 13:00,1139,18.67218003,108.370641,Idle,Standby,0,Normal
04/07/2022 02:00,1638,23.3919119,293.1214482,Sleep,Standby,0,Normal
11/06/2022 07:00,1452,23.33891081,477.4312348,Idle,Auto,0,Normal
08/03/2022 18:00,1466,26.31234639,305.4136627,Active,Auto,0,Normal
27/01/2022 15:00,1875,27.87054302,405.9803587,Sleep,Standby,0,Normal
21/07/2022 08:00,1970,19.35170456,232.976696,Active,Auto,0,Normal
10/02/2022 07:00,1915,29.43646058,321.472656,Idle,Manual,0,Normal
26/06/2022 13:00,1377,25.03447729,29.18242478,Idle,Auto,0,Normal
23/04/2022 09:00,1257,21.08286423,23.38973028,Sleep,Standby,0,Normal
12/03/2022 03:00,1648,24.14139345,383.2454724,Active,Standby,0,Warning
06/07/2022 06:00,1715,19.23121766,87.13325739,Sleep,Manual,0,Normal
08/04/2022 14:00,1270,22.18322506,183.3652555,Sleep,Standby,0,Normal
07/01/2022 11:00,1820,20.76351127,396.0537827,Active,Standby,0,Warning
14/04/2022 15:00,1001,28.97553894,17.92640664,Idle,Standby,0,Critical
13/07/2022 09:00,1205,24.23337828,93.50448387,Active,Auto,0,Warning
15/02/2022 09:00,1186,24.17614723,140.8508615,Active,Manual,1,Normal
21/04/2022 15:00,1489,26.16050205,36.58703028,Sleep,Standby,0,Warning
26/06/2022 16:00,1536,21.97282131,139.8551408,Sleep,Standby,0,Normal
13/01/2022 00:00,1125,24.27668991,365.2334825,Active,Manual,0,Normal
08/02/2022 18:00,1186,20.78864304,391.0885548,Sleep,Standby,0,Normal
16/04/2022 15:00,1839,25.04910268,62.51696217,Active,Standby,0,Normal
17/06/2022 20:00,1379,24.49583508,143.7490315,Sleep,Standby,0,Normal
21/05/2022 11:00,1024,23.16158496,469.3742413,Idle,Auto,0,Warning
12/07/2022 13:00,1276,25.63148644,307.3663791,Idle,Manual,0,Normal
18/05/2022 03:00,1728,22.95110859,245.5594286,Sleep,Standby,0,Normal
09/02/2022 06:00,1751,28.12858424,13.64098098,Active,Auto,0,Normal
10/06/2022 19:00,1462,27.81641614,86.98685457,Sleep,Manual,0,Normal
14/07/2022 06:00,1881,22.75221844,248.9114883,Active,Standby,0,Normal
12/03/2022 18:00,1347,26.89366385,328.5554197,Active,Standby,0,Normal
16/07/2022 04:00,1358,23.09964254,236.2334364,Idle,Manual,0,Normal
14/05/2022 08:00,1502,22.92421366,139.4094551,Active,Auto,0,Warning
11/07/2022 17:00,1292,29.28351386,448.563936,Active,Standby,0,Normal
12/07/2022 00:00,1939,27.90225596,81.46307932,Active,Standby,0,Normal
11/02/2022 01:00,1359,21.93070418,225.6379258,Idle,Auto,0,Normal
19/05/2022 06:00,1820,19.32893536,58.7596402,Active,Standby,0,Normal
30/04/2022 11:00,1082,20.21447846,164.7084209,Sleep,Auto,0,Normal
19/06/2022 00:00,1490,25.32766709,125.1746892,Idle,Manual,0,Warning
19/07/2022 01:00,1433,18.87317488,294.7723741,Active,Auto,0,Normal
10/02/2022 21:00,1746,20.05235105,258.1300024,Active,Standby,0,Normal
14/04/2022 20:00,1770,24.43646509,91.95780452,Active,Auto,0,Normal
08/06/2022 00:00,1281,26.05735521,452.9581997,Idle,Auto,0,Normal
28/05/2022 20:00,1607,18.20746431,220.9672659,Active,Auto,0,Normal
03/05/2022 14:00,1047,21.01466998,471.8630745,Sleep,Manual,1,Normal
27/05/2022 23:00,1940,27.87749372,245.6623528,Sleep,Auto,0,Normal
10/06/2022 05:00,1413,29.38469292,56.07956065,Active,Manual,0,Normal
02/03/2022 17:00,1684,25.21790449,187.2945558,Sleep,Standby,0,Normal
28/02/2022 03:00,1654,29.8923498,263.4841263,Sleep,Standby,0,Normal
12/01/2022 00:00,1623,27.73441645,478.0704557,Idle,Auto,0,Critical
20/06/2022 15:00,1148,20.23156067,276.307843,Active,Manual,0,Normal
08/02/2022 17:00,1266,27.26125564,57.02646044,Sleep,Manual,0,Normal
22/07/2022 23:00,1065,22.2485213,413.3442809,Idle,Auto,0,Normal
23/04/2022 04:00,1536,28.30259489,325.3260885,Idle,Standby,0,Normal
11/01/2022 06:00,1694,21.40678201,157.9056043,Active,Standby,0,Normal
30/05/2022 13:00,1484,18.29740863,106.8352064,Idle,Standby,0,Warning
15/03/2022 06:00,1992,24.57165699,454.5433677,Active,Auto,0,Normal
22/07/2022 17:00,1144,23.19493436,106.1690274,Active,Auto,0,Normal
28/04/2022 02:00,1206,19.85760888,293.7765761,Sleep,Standby,0,Normal
08/02/2022 11:00,1146,25.40447369,124.9280809,Active,Manual,0,Normal
01/05/2022 00:00,1382,18.01198408,50.27402152,Sleep,Standby,0,Normal
12/01/2022 04:00,1077,26.76584328,423.0007625,Sleep,Auto,0,Normal
28/01/2022 21:00,1473,20.72062947,136.4824351,Active,Auto,0,Normal
06/07/2022 11:00,1635,28.70787043,65.7638518,Idle,Auto,0,Warning
21/03/2022 14:00,1147,19.60988407,127.816229,Sleep,Auto,0,Normal
05/05/2022 09:00,1729,26.98519946,81.2384597,Idle,Auto,0,Normal
18/02/2022 00:00,1939,20.11793758,394.9922693,Active,Manual,0,Normal
20/07/2022 17:00,1605,22.19053105,205.000698,Sleep,Standby,0,Normal
24/05/2022 23:00,1789,24.12267378,362.9354725,Sleep,Manual,0,Normal
26/06/2022 17:00,1077,18.70844641,132.9520353,Active,Standby,0,Normal
09/07/2022 13:00,1282,22.38903713,209.2931825,Idle,Manual,0,Normal
01/04/2022 12:00,1168,27.0729862,418.9448275,Active,Auto,0,Warning
08/07/2022 03:00,1135,22.77883743,143.9835944,Active,Standby,0,Critical
21/03/2022 19:00,1932,19.7887487,77.62201986,Idle,Standby,0,Normal
26/01/2022 12:00,1667,29.11053413,72.41347138,Idle,Manual,0,Critical
11/04/2022 06:00,1653,23.9229977,417.1882681,Idle,Manual,0,Normal
25/06/2022 05:00,1070,19.40447882,224.1029582,Sleep,Auto,0,Normal
21/03/2022 02:00,1209,28.25478199,139.1372108,Sleep,Standby,1,Normal
10/03/2022 17:00,1359,26.61194357,311.7802929,Active,Auto,0,Normal
19/04/2022 15:00,1699,19.25478793,167.1697268,Sleep,Standby,0,Normal
11/01/2022 18:00,1578,19.04309499,479.48108,Sleep,Manual,0,Normal
05/02/2022 07:00,1048,28.6604627,369.2878895,Sleep,Auto,0,Warning
27/06/2022 03:00,1644,27.11618122,470.9734238,Sleep,Manual,0,Normal
21/02/2022 09:00,1237,29.24156479,11.00345831,Active,Auto,0,Normal
16/02/2022 23:00,1367,29.67537241,270.7424662,Active,Standby,0,Normal
23/03/2022 23:00,1107,21.58066009,210.6530339,Sleep,Auto,0,Normal
24/01/2022 06:00,1754,27.94172737,339.5454986,Active,Manual,0,Normal
12/06/2022 17:00,1029,19.88829598,210.3640092,Idle,Standby,0,Normal
21/01/2022 04:00,1437,23.41014076,231.5465228,Active,Auto,0,Normal
25/02/2022 00:00,1955,27.59400883,244.6506653,Active,Manual,0,Critical
22/05/2022 20:00,1996,24.39128233,32.71692101,Active,Standby,0,Normal
01/01/2022 07:00,1453,20.39065819,20.62875951,Idle,Manual,0,Normal
17/05/2022 15:00,1480,21.45564524,166.4474383,Sleep,Auto,0,Normal
13/05/2022 21:00,1778,28.06071938,470.8825622,Sleep,Standby,0,Normal
02/03/2022 10:00,1376,24.16193623,312.6035199,Sleep,Auto,0,Warning
15/06/2022 20:00,1310,25.82226232,82.69147527,Idle,Manual,0,Normal
17/03/2022 14:00,1280,25.68638122,50.3190756,Active,Manual,0,Normal
02/02/2022 05:00,1892,27.97697358,80.14627313,Sleep,Standby,0,Normal
12/02/2022 03:00,1387,28.55326815,334.1412561,Sleep,Standby,1,Critical
28/04/2022 10:00,1254,18.62562202,176.5272807,Sleep,Auto,0,Normal
17/05/2022 11:00,1360,25.89873717,421.5796587,Idle,Manual,0,Warning
24/03/2022 23:00,1216,29.84216177,184.6793542,Active,Standby,0,Normal
23/02/2022 05:00,1999,20.09533446,245.3702396,Sleep,Standby,0,Normal
16/03/2022 07:00,1048,23.60732908,475.6554048,Sleep,Auto,0,Normal
10/05/2022 09:00,1931,25.32731518,134.8183859,Active,Auto,0,Normal
19/01/2022 14:00,1881,27.92392261,426.5095803,Active,Auto,0,Normal
06/02/2022 16:00,1972,28.01568088,451.7360249,Sleep,Auto,0,Warning
05/07/2022 19:00,1402,23.51406567,437.7457295,Idle,Standby,0,Normal
02/02/2022 13:00,1047,22.28388438,477.7418718,Sleep,Manual,0,Normal
14/03/2022 21:00,1096,27.70734982,389.7850429,Sleep,Manual,0,Normal
22/05/2022 04:00,1507,25.46115632,277.8242027,Sleep,Manual,0,Normal
23/07/2022 09:00,1645,19.12327973,312.2659819,Idle,Standby,0,Normal
06/02/2022 19:00,1781,20.08714189,41.82669567,Idle,Auto,0,Warning
03/05/2022 16:00,1876,18.52147758,318.3848654,Active,Manual,0,Warning
15/02/2022 11:00,1699,22.50491836,415.4812864,Active,Standby,0,Normal
19/07/2022 07:00,1249,28.43328974,371.8539406,Sleep,Standby,0,Normal
23/01/2022 03:00,1892,29.59844891,247.3548392,Active,Standby,0,Warning
17/06/2022 14:00,1518,26.21922247,344.7880357,Idle,Auto,0,Normal
04/07/2022 05:00,1534,18.06385552,422.5464436,Idle,Auto,0,Normal
20/06/2022 18:00,1088,19.20263624,337.03822,Active,Manual,0,Normal
13/03/2022 23:00,1747,19.88062623,168.1701666,Sleep,Standby,0,Normal
26/01/2022 10:00,1647,18.0646902,383.181967,Sleep,Standby,0,Normal
24/01/2022 18:00,1060,19.50302972,79.78651563,Active,Standby,0,Normal
22/04/2022 07:00,1030,19.97145089,436.4248538,Idle,Standby,0,Normal
04/06/2022 22:00,1726,22.37672176,378.5432443,Idle,Auto,0,Normal
15/01/2022 07:00,1854,22.42261799,13.6891889,Active,Auto,0,Normal
06/05/2022 00:00,1206,21.84719502,280.6991589,Idle,Manual,0,Normal
11/05/2022 19:00,1238,27.5059329,298.9588705,Sleep,Standby,0,Normal
19/01/2022 02:00,1662,25.82050556,106.3022034,Sleep,Manual,0,Normal
21/03/2022 07:00,1972,26.06367617,20.53440171,Sleep,Auto,0,Normal
08/06/2022 12:00,1132,24.40894613,235.7784936,Sleep,Standby,0,Normal
19/07/2022 00:00,1491,24.77982213,467.1908238,Idle,Auto,0,Normal
28/03/2022 05:00,1915,21.16529396,313.3412753,Sleep,Standby,0,Normal
06/03/2022 01:00,1924,18.71526687,314.238217,Idle,Auto,0,Normal
04/04/2022 20:00,1166,18.68165666,161.7806986,Sleep,Auto,0,Normal
08/04/2022 18:00,1303,27.16024589,229.5036862,Active,Auto,0,Normal
05/03/2022 05:00,1806,18.93452179,251.7850363,Sleep,Standby,0,Normal
10/02/2022 05:00,1225,18.22968709,157.2022807,Sleep,Manual,0,Normal
03/07/2022 14:00,1146,23.63629133,268.6294975,Active,Manual,0,Warning
23/01/2022 00:00,1334,29.50217872,165.781649,Active,Standby,0,Normal
08/01/2022 08:00,1187,20.718745,451.9118321,Active,Standby,0,Warning
26/05/2022 02:00,1742,27.79217414,380.6277141,Sleep,Standby,0,Normal
16/04/2022 23:00,1449,20.98808399,442.0652311,Sleep,Auto,0,Normal
25/07/2022 15:00,1477,21.51019178,45.58904557,Active,Standby,0,Normal
24/01/2022 20:00,1250,24.31494038,103.7130597,Sleep,Auto,0,Normal
06/04/2022 19:00,1438,24.14501506,477.0342166,Active,Manual,0,Normal
27/05/2022 04:00,1764,24.36536614,318.4716336,Sleep,Manual,0,Normal
13/04/2022 11:00,1957,29.72813192,314.8572596,Sleep,Manual,0,Normal
31/05/2022 09:00,1168,25.01322813,426.9119409,Sleep,Standby,0,Warning
09/07/2022 18:00,1795,25.26725401,231.1390607,Sleep,Auto,0,Warning
03/04/2022 00:00,1441,25.57919901,242.5198322,Sleep,Standby,0,Normal
16/07/2022 16:00,1122,23.89236577,439.6233481,Active,Auto,0,Normal
25/04/2022 19:00,1049,18.1359245,164.6187015,Active,Auto,0,Critical
16/01/2022 23:00,1565,18.265726,360.5495038,Active,Standby,0,Normal
05/02/2022 12:00,1310,26.28915983,178.8352781,Sleep,Manual,0,Warning
20/03/2022 08:00,1587,18.4834984,487.511376,Sleep,Manual,0,Normal
16/01/2022 10:00,1611,22.00298889,280.9643661,Sleep,Standby,0,Normal
10/04/2022 02:00,1282,22.9338982,396.2300594,Active,Standby,0,Normal
30/06/2022 03:00,1658,18.37891075,443.2333857,Active,Manual,0,Warning
16/02/2022 01:00,1002,20.40597674,257.4981609,Sleep,Auto,0,Normal
23/05/2022 05:00,1388,21.74697776,495.4408196,Idle,Standby,0,Normal
14/06/2022 10:00,1905,18.59483356,191.3666866,Idle,Standby,0,Warning
25/02/2022 16:00,1284,26.55399489,237.6481136,Idle,Manual,0,Normal
02/04/2022 05:00,1455,20.84694527,110.5722251,Active,Standby,0,Critical
11/07/2022 10:00,1506,19.47311415,485.320906,Idle,Standby,0,Critical
07/04/2022 15:00,1486,27.17476796,344.5613029,Active,Manual,0,Normal
16/07/2022 01:00,1501,22.1338775,449.6844227,Active,Manual,0,Critical
04/06/2022 14:00,1014,29.37168844,470.2112129,Idle,Auto,0,Normal
22/07/2022 00:00,1304,25.01815653,152.8932414,Idle,Auto,0,Warning
18/02/2022 19:00,1698,26.11966492,372.8135848,Sleep,Standby,0,Normal
30/06/2022 05:00,1639,24.6468328,344.2468098,Idle,Standby,0,Normal
23/04/2022 06:00,1880,27.91443278,204.5990741,Active,Standby,0,Normal
01/03/2022 06:00,1361,23.22169592,120.8308163,Active,Standby,0,Normal
08/04/2022 13:00,1750,25.85999545,331.188728,Sleep,Manual,0,Normal
21/04/2022 11:00,1218,24.12846292,90.97683919,Idle,Standby,0,Normal
23/06/2022 03:00,1040,20.60329863,497.1537227,Active,Manual,0,Normal
03/03/2022 00:00,1072,25.24834835,204.520564,Sleep,Manual,0,Normal
06/02/2022 10:00,1535,21.28559526,279.1554378,Sleep,Manual,1,Warning
20/05/2022 03:00,1781,21.51463371,108.6124751,Sleep,Manual,0,Normal
30/06/2022 20:00,1871,27.22751805,208.1655183,Idle,Manual,0,Critical
22/02/2022 03:00,1834,25.146449,486.9266931,Idle,Manual,0,Critical
08/04/2022 20:00,1368,26.66462235,349.7284977,Active,Auto,0,Warning
05/02/2022 00:00,1576,23.91549245,364.9539089,Sleep,Auto,0,Normal
10/07/2022 08:00,1172,22.11245927,10.50538595,Sleep,Auto,0,Normal
25/01/2022 05:00,1743,28.58192361,40.75471973,Active,Standby,0,Normal
09/01/2022 12:00,1515,21.50660513,403.6221276,Active,Manual,0,Warning
10/03/2022 09:00,1279,28.38352828,67.53899259,Active,Standby,1,Normal
25/03/2022 22:00,1971,24.85827524,427.1056507,Active,Auto,0,Critical
07/02/2022 17:00,1798,26.7903681,310.1685704,Active,Manual,0,Normal
27/01/2022 07:00,1335,27.17854073,479.3712294,Active,Manual,0,Warning
21/05/2022 04:00,1905,22.37851801,332.2780729,Active,Manual,0,Normal
24/03/2022 06:00,1067,24.9746733,339.3475733,Active,Manual,0,Normal
07/01/2022 18:00,1512,18.60268925,381.1190393,Sleep,Standby,0,Normal
13/05/2022 04:00,1298,25.16182763,145.8072467,Idle,Auto,0,Normal
31/05/2022 12:00,1855,29.50464104,366.2801978,Active,Standby,0,Warning
14/07/2022 19:00,1627,19.34624573,15.66185115,Idle,Auto,0,Normal
26/01/2022 17:00,1077,25.22132727,177.7789395,Sleep,Manual,0,Warning
19/06/2022 12:00,1009,24.50191331,58.26152277,Sleep,Standby,0,Normal
01/03/2022 15:00,1363,24.3258166,346.2004376,Idle,Manual,0,Normal
23/01/2022 19:00,1004,23.32312121,368.172692,Sleep,Standby,0,Normal
19/05/2022 22:00,1833,21.83998826,132.1454349,Idle,Manual,0,Normal
09/07/2022 10:00,1144,26.95823723,480.2796171,Active,Standby,0,Normal
25/06/2022 23:00,1788,23.81859867,276.2219588,Sleep,Auto,0,Warning
10/04/2022 11:00,1700,25.77594765,277.1983034,Idle,Manual,0,Normal
26/06/2022 19:00,1048,20.95672358,491.444636,Sleep,Standby,0,Normal
16/06/2022 11:00,1053,19.30968089,126.2205857,Sleep,Manual,0,Normal
19/06/2022 09:00,1800,22.1153173,451.0210931,Idle,Manual,0,Normal
19/03/2022 13:00,1916,29.28357622,182.7614634,Idle,Manual,0,Normal
27/01/2022 16:00,1626,28.69133542,392.823273,Sleep,Standby,0,Normal
12/06/2022 14:00,1738,25.19041618,348.3730966,Idle,Auto,0,Normal
27/01/2022 13:00,1755,24.05286697,352.0615319,Active,Standby,0,Normal
27/06/2022 14:00,1558,21.64646231,245.747276,Idle,Standby,0,Normal
12/06/2022 22:00,1639,20.8340417,95.04273488,Idle,Auto,0,Normal
05/05/2022 10:00,1886,28.63325122,227.3919691,Active,Auto,0,Normal
29/03/2022 08:00,1463,18.37542807,52.3554113,Idle,Auto,0,Normal
12/07/2022 03:00,1089,21.91638855,368.7319536,Sleep,Standby,0,Normal
09/05/2022 03:00,1044,18.56752566,165.3592546,Sleep,Standby,0,Normal
03/06/2022 02:00,1174,27.25728905,211.2962403,Idle,Auto,0,Warning
29/04/2022 09:00,1764,24.97851179,116.2331074,Idle,Auto,0,Warning
08/02/2022 09:00,1754,24.4549412,44.7256813,Sleep,Manual,1,Normal
23/01/2022 18:00,1054,19.16426456,115.2773332,Sleep,Standby,0,Normal
02/06/2022 18:00,1318,26.61367833,468.643507,Active,Manual,0,Normal
21/03/2022 04:00,1537,26.92249211,454.0893224,Sleep,Standby,0,Normal
26/03/2022 12:00,1605,25.50667429,108.8159088,Active,Standby,0,Normal
06/04/2022 21:00,1839,22.42702352,17.65465489,Sleep,Auto,0,Normal
20/03/2022 13:00,1778,25.57870631,139.4176177,Sleep,Manual,0,Normal
10/03/2022 10:00,1927,22.5696663,447.2274794,Sleep,Manual,0,Normal
27/05/2022 05:00,1579,28.13668433,146.7098685,Active,Auto,0,Warning
20/07/2022 09:00,1214,21.02838157,466.5896817,Sleep,Auto,0,Normal
29/03/2022 09:00,1357,27.3055402,284.9710968,Idle,Manual,0,Normal
01/07/2022 13:00,1520,20.48546079,241.8743046,Sleep,Manual,0,Normal
07/06/2022 20:00,1344,28.95151331,180.4158369,Sleep,Standby,0,Normal
07/07/2022 06:00,1391,26.59209489,96.2789638,Idle,Standby,1,Normal
26/07/2022 23:00,1363,21.66517363,249.712631,Active,Auto,0,Normal
04/02/2022 20:00,1186,19.8981586,237.5747004,Idle,Manual,0,Normal
26/01/2022 01:00,1406,29.38905144,200.5665184,Idle,Manual,0,Normal
02/04/2022 00:00,1447,24.78780358,10.09528938,Idle,Standby,0,Warning
11/06/2022 01:00,1383,26.28030017,78.22748464,Idle,Auto,0,Normal
14/04/2022 09:00,1346,23.4577433,92.50636993,Active,Auto,0,Normal
29/06/2022 11:00,1482,27.71284799,402.7945334,Sleep,Standby,0,Warning
07/03/2022 22:00,1711,28.39099676,25.37121941,Idle,Manual,0,Normal
27/06/2022 18:00,1268,23.13160368,103.722231,Idle,Auto,0,Normal
16/04/2022 13:00,1140,28.07586595,135.4699661,Active,Auto,0,Normal
24/04/2022 13:00,1830,21.21372182,91.09937199,Idle,Manual,1,Normal
14/02/2022 14:00,1243,26.66397253,290.0227172,Sleep,Auto,0,Normal
15/03/2022 23:00,1481,23.27910264,220.276698,Active,Auto,0,Normal
20/07/2022 08:00,1191,23.43522344,356.3212011,Sleep,Manual,0,Normal
23/02/2022 11:00,1206,22.78766827,480.0302417,Sleep,Auto,0,Normal
08/05/2022 02:00,1365,28.055696,260.6167986,Sleep,Manual,0,Warning
18/07/2022 01:00,1276,22.90338245,477.0815313,Sleep,Manual,0,Normal
18/03/2022 12:00,1927,18.03692187,277.8939717,Sleep,Manual,0,Critical
26/06/2022 18:00,1486,25.4376939,451.8798688,Idle,Manual,0,Normal
12/02/2022 11:00,1230,19.30956522,63.2115852,Sleep,Auto,0,Normal
22/06/2022 05:00,1578,22.57068894,167.4710731,Sleep,Manual,0,Normal
25/02/2022 06:00,1601,26.67915104,164.7223016,Sleep,Standby,0,Warning
20/01/2022 19:00,1850,20.7323316,380.8463319,Sleep,Auto,0,Normal
27/06/2022 23:00,1267,29.77483019,271.3855355,Idle,Auto,0,Normal
10/03/2022 19:00,1330,26.8604914,346.0995688,Idle,Standby,0,Warning
16/06/2022 14:00,1784,21.39374935,247.7617433,Idle,Auto,0,Normal
06/07/2022 03:00,1984,29.92360499,167.2198312,Active,Standby,0,Normal
19/04/2022 18:00,1321,29.80056606,358.9101628,Sleep,Standby,1,Normal
14/04/2022 04:00,1514,28.21851889,89.02521125,Active,Standby,0,Warning
18/04/2022 15:00,1397,28.1943421,85.4918294,Active,Standby,0,Normal
27/02/2022 05:00,1493,26.70306198,269.2733201,Sleep,Manual,0,Normal
31/01/2022 19:00,1230,29.32978123,22.96017104,Sleep,Auto,0,Normal
31/05/2022 18:00,1688,21.43477963,462.3928303,Active,Auto,0,Normal
12/04/2022 16:00,1425,22.23583894,278.9370381,Active,Manual,0,Normal
06/02/2022 03:00,1142,25.19793374,153.7532334,Active,Manual,1,Normal
17/02/2022 12:00,1770,19.07906016,415.0947009,Active,Auto,0,Normal
11/02/2022 13:00,1145,28.56196418,195.1987632,Active,Standby,0,Normal
25/02/2022 17:00,1979,29.59963152,366.5936266,Sleep,Manual,0,Normal
23/01/2022 13:00,1663,19.50456589,212.3778859,Sleep,Manual,0,Normal
15/02/2022 19:00,1977,19.05594321,59.34855791,Active,Manual,0,Normal
17/02/2022 04:00,1023,28.43415227,198.0337891,Active,Standby,0,Normal
19/06/2022 08:00,1688,25.03158583,382.7527718,Idle,Auto,0,Warning
24/04/2022 03:00,1960,29.76766355,266.9136276,Sleep,Manual,1,Normal
05/04/2022 02:00,1242,24.36853473,328.4043089,Sleep,Standby,0,Normal
17/07/2022 22:00,1950,19.80958248,140.9560752,Sleep,Auto,0,Normal
03/01/2022 11:00,1209,19.67974521,403.8666206,Sleep,Manual,0,Normal
01/05/2022 03:00,1813,24.77997077,139.5033821,Active,Manual,0,Normal
22/03/2022 18:00,1732,28.5852312,309.5729735,Idle,Auto,1,Warning
18/04/2022 08:00,1363,26.34733391,347.0731618,Idle,Manual,0,Normal
25/07/2022 16:00,1769,24.57681636,421.1006286,Sleep,Manual,0,Normal
14/02/2022 22:00,1970,28.22592818,182.0113655,Active,Auto,0,Normal
16/05/2022 09:00,1934,25.5612451,491.8023965,Sleep,Auto,0,Normal
11/05/2022 07:00,1344,23.51207726,479.0180473,Active,Auto,0,Warning
14/04/2022 16:00,1507,23.6521827,22.3108638,Idle,Standby,0,Warning
09/02/2022 04:00,1124,29.07117968,37.99096515,Idle,Manual,0,Normal
15/02/2022 00:00,1351,21.55965688,274.1976732,Sleep,Manual,0,Warning
08/01/2022 19:00,1413,21.48466552,63.82897,Sleep,Standby,0,Normal
20/04/2022 18:00,1979,20.7429288,353.9437632,Idle,Manual,0,Normal
28/03/2022 21:00,1233,26.97358791,438.3374359,Idle,Manual,0,Warning
04/04/2022 17:00,1987,19.76261431,448.0044328,Sleep,Manual,0,Normal
23/07/2022 18:00,1700,21.51883354,388.1594181,Idle,Manual,0,Normal
26/03/2022 07:00,1717,28.76503733,181.4631062,Idle,Auto,0,Warning
28/05/2022 11:00,1694,28.77260216,103.3122141,Sleep,Standby,0,Critical
18/06/2022 16:00,1581,28.68403329,372.8281205,Idle,Auto,0,Warning
31/05/2022 06:00,1849,18.12397329,127.3090039,Idle,Standby,0,Normal
10/01/2022 10:00,1221,22.73586133,488.7273148,Sleep,Standby,0,Warning
21/07/2022 23:00,1367,18.57058425,184.911187,Sleep,Auto,0,Critical
22/03/2022 09:00,1678,29.40163049,176.5014798,Idle,Auto,0,Normal
08/05/2022 07:00,1884,27.73025544,436.9128172,Idle,Standby,0,Normal
07/07/2022 01:00,1377,25.39836114,230.0848165,Active,Auto,0,Normal
28/02/2022 12:00,1956,29.15292235,237.0068447,Active,Standby,0,Normal
01/04/2022 19:00,1269,29.58798492,84.47410607,Sleep,Auto,0,Normal
30/01/2022 01:00,1131,25.56022323,343.3059515,Active,Standby,0,Critical
16/02/2022 20:00,1975,23.16244687,179.7556934,Sleep,Auto,0,Warning
21/05/2022 01:00,1697,28.93087222,150.4073852,Idle,Auto,0,Warning
22/06/2022 07:00,1223,21.27705061,381.5373035,Active,Auto,0,Normal
16/03/2022 02:00,1301,20.22715549,377.3727453,Active,Manual,0,Normal
30/04/2022 02:00,1092,18.10666309,485.7667989,Active,Standby,0,Normal
13/02/2022 05:00,1377,26.19998934,334.045241,Idle,Standby,0,Normal
05/07/2022 16:00,1215,24.24193987,274.8139989,Sleep,Manual,0,Normal
05/04/2022 00:00,1279,22.56632323,381.5039332,Active,Manual,0,Normal
14/01/2022 01:00,1338,23.89599803,343.3797653,Sleep,Manual,0,Normal
06/04/2022 01:00,1052,26.29494694,244.2452045,Sleep,Auto,0,Critical
01/03/2022 00:00,1518,23.64024667,492.9287904,Idle,Manual,0,Critical
13/02/2022 04:00,1168,29.67530652,442.3139307,Idle,Auto,0,Warning
31/03/2022 23:00,1492,26.57669634,161.2220362,Idle,Auto,0,Warning
23/06/2022 11:00,1469,29.471639,121.1842709,Active,Manual,0,Normal
15/03/2022 02:00,1706,25.07798198,103.8994118,Active,Manual,0,Normal
10/05/2022 16:00,1434,19.32583734,76.30700984,Idle,Auto,0,Normal
28/04/2022 05:00,1639,27.64335083,456.207411,Idle,Manual,0,Normal
23/04/2022 10:00,1216,19.27041143,310.4409194,Idle,Standby,0,Warning
14/05/2022 15:00,1761,19.38476993,29.23211989,Active,Standby,0,Normal
01/07/2022 06:00,1837,23.62159285,163.1723946,Active,Auto,0,Normal
23/05/2022 23:00,1273,25.39113536,222.7110547,Sleep,Standby,0,Normal
04/03/2022 18:00,1338,19.83497536,204.8350894,Idle,Manual,0,Warning
22/03/2022 03:00,1315,28.42256879,187.5380008,Idle,Auto,0,Warning
19/01/2022 16:00,1966,23.00541712,262.2483122,Active,Standby,0,Normal
22/06/2022 00:00,1385,23.514129,264.2354057,Active,Manual,0,Normal
16/04/2022 08:00,1674,21.47741022,291.0833768,Idle,Auto,0,Normal
27/07/2022 01:00,1134,23.73950496,356.286082,Active,Standby,0,Normal
27/04/2022 05:00,1522,18.50638689,321.505294,Sleep,Manual,0,Normal
16/01/2022 01:00,1625,18.88011598,366.0031385,Idle,Standby,0,Warning
01/04/2022 23:00,1998,28.82667274,276.1795527,Sleep,Manual,0,Warning
17/02/2022 06:00,1282,19.42154642,280.6725468,Idle,Standby,0,Normal
11/06/2022 16:00,1189,21.70073633,301.7812373,Sleep,Auto,0,Normal
31/03/2022 19:00,1983,24.99360899,35.76241449,Idle,Standby,0,Normal
18/03/2022 06:00,1700,19.85700322,234.2704052,Sleep,Manual,0,Normal
13/02/2022 21:00,1571,20.82418972,377.5601432,Active,Standby,0,Normal
01/01/2022 22:00,1527,26.6780781,142.7969027,Idle,Manual,0,Critical
28/03/2022 02:00,1491,23.31579178,87.96095528,Sleep,Manual,0,Normal
10/03/2022 21:00,1292,27.37937858,310.1661996,Sleep,Standby,0,Normal
18/04/2022 19:00,1463,28.65333744,249.9758266,Idle,Standby,0,Normal
14/05/2022 18:00,1946,18.04390866,306.3035102,Idle,Auto,0,Normal
29/06/2022 06:00,1292,21.309185,35.96862159,Active,Standby,0,Normal
18/06/2022 04:00,1660,28.87748781,282.5281997,Sleep,Manual,0,Normal
07/04/2022 21:00,1509,25.38090052,326.3245906,Active,Standby,0,Normal
20/01/2022 04:00,1278,27.7047392,283.8329347,Idle,Standby,0,Warning
14/02/2022 11:00,1955,26.57841342,28.42371502,Active,Manual,0,Normal
04/01/2022 15:00,1296,24.22736457,404.6444815,Active,Manual,0,Warning
01/03/2022 14:00,1569,20.32224756,465.1170295,Idle,Manual,0,Critical
21/04/2022 07:00,1633,27.50462272,333.6841575,Active,Auto,0,Normal
12/01/2022 18:00,1630,21.24646477,109.7703787,Idle,Auto,0,Normal
20/01/2022 06:00,1041,27.05634363,425.0275073,Active,Manual,0,Normal
09/01/2022 20:00,1285,20.91591878,315.5607004,Idle,Standby,0,Normal
15/04/2022 03:00,1412,28.17958796,385.4606709,Active,Auto,0,Warning
27/02/2022 00:00,1875,24.51538529,389.6738869,Idle,Manual,0,Normal
10/01/2022 18:00,1845,29.22971114,364.492905,Idle,Standby,0,Normal
26/04/2022 10:00,1671,28.13788757,86.02812794,Sleep,Auto,0,Normal
25/01/2022 21:00,1571,23.20221991,279.3918331,Active,Auto,0,Normal
04/07/2022 04:00,1215,20.83885493,174.4836583,Active,Auto,0,Critical
04/04/2022 18:00,1185,20.70688767,230.9764647,Idle,Standby,0,Normal
17/06/2022 23:00,1417,18.58643643,353.4379776,Sleep,Manual,0,Normal
06/04/2022 03:00,1427,19.32038951,168.4278526,Active,Standby,0,Normal
28/01/2022 14:00,1552,21.09490228,28.24453598,Sleep,Auto,0,Normal
26/07/2022 19:00,1272,26.91234838,456.0095597,Active,Standby,0,Normal
06/04/2022 05:00,1469,18.10070477,14.83032653,Idle,Standby,0,Normal
16/07/2022 12:00,1887,19.09582556,394.294478,Idle,Standby,0,Warning
14/05/2022 01:00,1304,28.03116186,372.1646659,Sleep,Manual,0,Normal
15/04/2022 07:00,1720,19.66199667,313.5213991,Active,Standby,0,Normal
18/06/2022 11:00,1208,23.05089365,313.6129574,Idle,Manual,0,Warning
02/02/2022 11:00,1559,20.22024737,238.8571444,Active,Standby,1,Normal
17/06/2022 11:00,1424,24.70007865,462.1009851,Active,Standby,0,Normal
23/05/2022 18:00,1388,18.52209839,498.1447321,Sleep,Standby,0,Normal
29/06/2022 10:00,1561,20.41211844,392.3683992,Idle,Auto,0,Normal
14/05/2022 04:00,1956,29.25341299,328.1000299,Idle,Manual,0,Critical
21/07/2022 11:00,1186,18.85756377,389.5664092,Active,Standby,0,Normal
29/01/2022 13:00,1244,28.12360645,356.5707519,Sleep,Manual,0,Warning
13/05/2022 01:00,1638,23.50151745,450.3709857,Active,Manual,0,Normal
13/06/2022 14:00,1067,27.44538512,12.72319839,Active,Auto,0,Normal
24/05/2022 02:00,1661,24.49373671,357.4426428,Idle,Manual,0,Normal
01/04/2022 11:00,1631,24.54750637,22.31993072,Active,Standby,0,Normal
03/06/2022 17:00,1271,24.09013597,422.5821339,Idle,Standby,0,Normal
19/03/2022 02:00,1198,21.84448668,167.1667613,Sleep,Auto,0,Normal
21/01/2022 07:00,1559,21.21074191,371.2277848,Active,Auto,0,Normal
12/03/2022 08:00,1601,28.29898637,147.6369554,Active,Manual,0,Normal
03/04/2022 22:00,1840,21.2984826,323.7205483,Sleep,Standby,1,Normal
17/05/2022 00:00,1922,27.91860412,483.5639747,Sleep,Manual,0,Normal
07/04/2022 16:00,1633,28.41474993,143.0706749,Active,Manual,0,Normal
02/02/2022 14:00,1165,27.33526684,129.5146409,Idle,Standby,0,Critical
22/01/2022 17:00,1750,27.11106373,198.5257686,Active,Standby,0,Normal
22/01/2022 18:00,1669,25.85443211,358.106009,Sleep,Manual,0,Normal
29/04/2022 05:00,1413,19.88267756,119.2219033,Sleep,Standby,0,Normal
09/07/2022 03:00,1553,23.20855959,184.7649885,Sleep,Auto,0,Normal
10/04/2022 22:00,1932,29.50863203,278.0219193,Sleep,Auto,0,Warning
02/04/2022 23:00,1581,26.84322159,257.686933,Idle,Standby,0,Normal
25/05/2022 21:00,1710,28.25242429,396.7525646,Sleep,Auto,0,Normal
29/05/2022 00:00,1717,26.84230054,105.6490655,Sleep,Manual,0,Normal
20/06/2022 07:00,1045,25.17389249,178.1415068,Sleep,Auto,0,Normal
28/04/2022 14:00,1431,23.09611827,20.04949752,Sleep,Manual,0,Normal
04/03/2022 23:00,1292,24.58102622,43.68272332,Sleep,Manual,0,Normal
20/03/2022 10:00,1357,29.16727147,244.4369137,Sleep,Auto,0,Normal
28/01/2022 03:00,1856,26.65459512,231.0502076,Sleep,Manual,0,Normal
25/07/2022 10:00,1202,28.67002763,142.3257146,Sleep,Manual,1,Normal
09/05/2022 17:00,1299,23.29729046,275.8229612,Idle,Auto,1,Normal
16/01/2022 09:00,1108,24.78324468,468.9539481,Idle,Manual,0,Normal
28/07/2022 05:00,1632,29.06548253,256.0759114,Idle,Standby,0,Normal
05/01/2022 22:00,1818,28.888974,422.8374489,Active,Manual,0,Normal
19/05/2022 08:00,1087,23.9488105,236.0804153,Idle,Auto,0,Normal
07/05/2022 10:00,1252,27.92724379,253.0365871,Active,Manual,0,Normal
03/04/2022 08:00,1718,23.12315092,158.4601733,Sleep,Standby,0,Normal
28/05/2022 14:00,1323,29.19163859,323.1691739,Active,Standby,0,Normal
09/03/2022 05:00,1515,26.44056488,277.1319752,Sleep,Standby,0,Normal
12/05/2022 07:00,1988,29.60891838,91.89716726,Sleep,Standby,0,Normal
10/02/2022 02:00,1597,24.01494964,302.1800694,Idle,Standby,0,Normal
15/04/2022 14:00,1856,21.24877172,92.54880611,Sleep,Auto,0,Warning
09/06/2022 15:00,1309,22.82532795,272.3245705,Idle,Auto,0,Normal
28/04/2022 15:00,1241,21.961119,268.3447653,Idle,Manual,0,Warning
30/06/2022 23:00,1476,27.47459337,474.068933,Sleep,Manual,0,Normal
07/05/2022 08:00,1896,20.1599569,450.8844005,Active,Standby,0,Normal
11/04/2022 15:00,1905,26.55948271,11.40263997,Sleep,Manual,0,Normal
13/07/2022 22:00,1630,24.81119377,281.8536578,Sleep,Auto,0,Normal
26/06/2022 12:00,1118,27.3118668,370.7689254,Sleep,Standby,0,Warning
02/04/2022 01:00,1151,28.31969291,74.26103009,Active,Auto,0,Normal
02/06/2022 21:00,1198,25.82469586,261.8800366,Idle,Manual,0,Normal
26/03/2022 21:00,1875,23.67342308,279.6004288,Active,Auto,0,Normal
01/07/2022 18:00,1433,29.81938837,25.03581319,Idle,Auto,0,Warning
02/02/2022 04:00,1846,24.92926802,130.5716339,Active,Standby,0,Normal
23/02/2022 12:00,1447,23.67032388,163.5204275,Sleep,Auto,0,Normal
11/07/2022 19:00,1143,23.49397757,216.6161951,Idle,Manual,0,Normal
19/07/2022 18:00,1266,25.65180483,101.2110234,Active,Standby,0,Normal
28/02/2022 22:00,1642,27.5914825,151.231867,Sleep,Auto,1,Normal
21/02/2022 10:00,1865,22.56014245,440.9678095,Sleep,Manual,0,Normal
23/04/2022 11:00,1986,25.53705064,352.186027,Active,Manual,0,Normal
19/01/2022 03:00,1724,29.34537893,292.8757635,Active,Manual,0,Normal
11/03/2022 18:00,1401,25.88978034,166.100542,Active,Auto,0,Normal
16/01/2022 05:00,1875,21.93549523,50.47296063,Sleep,Manual,0,Critical
21/04/2022 09:00,1219,22.58528063,273.9770475,Sleep,Auto,0,Normal
10/01/2022 15:00,1513,24.96486816,247.4910745,Sleep,Standby,0,Normal
27/06/2022 19:00,1172,29.86023192,114.9520136,Active,Manual,0,Normal
18/06/2022 09:00,1736,25.25122039,252.4015936,Idle,Manual,0,Normal
03/07/2022 07:00,1860,20.2889147,169.9305392,Sleep,Auto,0,Normal
17/01/2022 23:00,1209,21.18798803,232.7068168,Sleep,Auto,0,Normal
29/03/2022 02:00,1657,26.8475622,496.022512,Sleep,Manual,0,Normal
04/01/2022 14:00,1822,29.08053154,183.3725898,Idle,Manual,0,Normal
05/02/2022 04:00,1423,20.78919524,471.5281658,Idle,Auto,0,Normal
12/02/2022 23:00,1744,23.82151549,133.2842817,Idle,Manual,1,Normal
29/04/2022 23:00,1248,24.45584702,368.8398684,Active,Manual,0,Normal
21/06/2022 05:00,1992,19.44370351,483.3879081,Active,Manual,0,Normal
03/07/2022 04:00,1534,28.48911664,170.7977266,Active,Manual,0,Warning
12/06/2022 05:00,1295,23.58603216,339.5050771,Sleep,Auto,0,Normal
21/04/2022 18:00,1610,27.81192698,98.67397399,Idle,Manual,0,Normal
05/02/2022 15:00,1298,28.17061113,153.7265542,Idle,Auto,1,Warning
04/01/2022 06:00,1227,23.88388989,22.24724257,Idle,Auto,0,Normal
04/04/2022 15:00,1840,25.68385582,196.5659853,Idle,Standby,0,Normal
10/07/2022 10:00,1921,24.61268204,57.55378388,Active,Standby,0,Normal
02/06/2022 08:00,1951,24.62434017,97.8547374,Sleep,Standby,0,Normal
22/06/2022 23:00,1411,27.22007349,325.2329702,Active,Auto,0,Normal
21/05/2022 18:00,1408,22.21001217,147.2803446,Sleep,Auto,0,Warning
05/04/2022 23:00,1016,24.66854236,184.7715041,Idle,Auto,1,Warning
19/04/2022 06:00,1343,20.1466465,150.9174564,Sleep,Auto,0,Warning
23/06/2022 07:00,1358,25.39183995,415.1973962,Active,Auto,0,Critical
11/06/2022 06:00,1431,28.74557948,112.0684427,Idle,Auto,0,Normal
23/05/2022 20:00,1966,23.46330581,490.1652693,Sleep,Auto,0,Normal
01/04/2022 16:00,1729,22.59812104,337.8622658,Idle,Auto,0,Critical
18/01/2022 16:00,1216,23.98041096,361.36158,Sleep,Standby,0,Normal
17/01/2022 08:00,1699,19.49238853,283.1301932,Sleep,Auto,0,Normal
16/07/2022 22:00,1712,27.58764204,111.38071,Idle,Manual,0,Normal
03/06/2022 21:00,1473,19.62184642,262.0601513,Idle,Auto,0,Normal
05/01/2022 08:00,1226,19.02641038,62.3295809,Active,Auto,0,Normal
16/06/2022 10:00,1523,22.61314326,186.7966487,Active,Auto,0,Normal
03/07/2022 20:00,1132,29.27565604,106.3045438,Sleep,Manual,0,Normal
23/03/2022 04:00,1757,29.7643774,384.8190866,Idle,Standby,0,Critical
02/03/2022 19:00,1755,28.8823682,233.0881195,Active,Manual,0,Normal
16/05/2022 17:00,1571,21.86779928,129.7154708,Active,Manual,0,Warning
27/04/2022 19:00,1354,18.11584673,262.8201356,Active,Manual,0,Normal
23/04/2022 18:00,1385,27.65763529,401.9429638,Sleep,Standby,0,Normal
19/07/2022 13:00,1256,19.29972183,323.0540532,Sleep,Manual,0,Warning
08/03/2022 03:00,1461,21.32457079,71.08047067,Sleep,Auto,0,Normal
02/06/2022 11:00,1780,22.29788848,173.0304851,Active,Manual,0,Normal
14/03/2022 03:00,1075,24.23341413,484.5154831,Active,Auto,1,Normal
18/07/2022 12:00,1052,26.3014562,200.5885101,Active,Auto,0,Warning
26/06/2022 00:00,1168,25.18669309,41.69934953,Active,Auto,0,Normal
03/06/2022 09:00,1155,20.19768929,258.2274395,Idle,Manual,0,Normal
16/03/2022 15:00,1964,29.40992979,430.3512597,Idle,Standby,0,Normal
09/04/2022 03:00,1780,26.55700932,136.8376011,Sleep,Standby,0,Normal
22/03/2022 20:00,1297,28.56890108,265.2835584,Idle,Manual,0,Normal
30/01/2022 06:00,1272,20.20295996,65.6597736,Sleep,Auto,0,Normal
12/04/2022 18:00,1691,29.2346305,219.5050262,Idle,Manual,0,Normal
02/07/2022 07:00,1007,18.65641749,25.52867246,Idle,Auto,0,Normal
21/01/2022 16:00,1476,23.32940405,252.3489211,Sleep,Standby,0,Warning
20/01/2022 08:00,1282,24.02211108,459.2310301,Idle,Auto,0,Normal
19/06/2022 15:00,1394,28.79849364,361.2817867,Idle,Manual,1,Normal
30/06/2022 13:00,1708,20.05534724,223.1495274,Idle,Standby,0,Normal
08/01/2022 04:00,1960,29.74287827,330.3199028,Idle,Standby,0,Normal
25/07/2022 23:00,1834,21.34090148,345.4503679,Idle,Auto,0,Normal
19/07/2022 20:00,1916,23.7374101,330.805825,Sleep,Manual,1,Normal
16/04/2022 20:00,1282,25.90368864,425.9117029,Active,Auto,0,Normal
16/05/2022 22:00,1214,29.8711585,287.0250599,Sleep,Manual,0,Normal
15/07/2022 00:00,1567,29.31629165,283.9391059,Active,Manual,0,Normal
05/04/2022 04:00,1032,29.69137226,110.2443144,Sleep,Auto,0,Normal
30/03/2022 00:00,1676,18.15695249,460.0633418,Active,Standby,0,Warning
07/02/2022 12:00,1713,26.19234454,276.8791749,Sleep,Standby,0,Normal
02/03/2022 06:00,1281,21.64882742,175.9048036,Idle,Standby,0,Normal
29/05/2022 21:00,1191,20.51198333,272.2907209,Sleep,Manual,0,Normal
31/01/2022 21:00,1000,19.22461111,225.8262269,Active,Auto,0,Warning
06/04/2022 13:00,1175,26.00642785,308.2901266,Idle,Auto,0,Normal
13/04/2022 04:00,1401,27.7843802,371.5688638,Active,Standby,0,Warning
20/04/2022 06:00,1130,26.73378413,447.7276513,Sleep,Standby,0,Normal
19/06/2022 22:00,1250,20.88061117,221.9353489,Active,Auto,0,Normal
20/02/2022 06:00,1794,18.20988898,212.8609138,Sleep,Auto,0,Normal
22/01/2022 05:00,1929,29.31398015,224.3793475,Active,Auto,0,Normal
20/04/2022 04:00,1249,18.69514903,301.6067228,Idle,Auto,0,Warning
27/04/2022 18:00,1678,28.67332656,59.32135125,Sleep,Manual,0,Normal
19/05/2022 01:00,1398,19.99196631,377.358291,Sleep,Standby,0,Normal
06/03/2022 13:00,1447,18.66085163,468.2619003,Idle,Auto,0,Normal
10/07/2022 03:00,1286,21.45656149,341.4036757,Idle,Auto,1,Normal
02/04/2022 18:00,1314,24.80475544,308.2255428,Idle,Standby,0,Normal
17/04/2022 22:00,1249,23.35341361,54.54001422,Idle,Manual,0,Normal
12/06/2022 04:00,1609,21.60116469,308.253342,Idle,Standby,0,Normal
27/03/2022 04:00,1591,26.99387466,392.5442837,Active,Standby,0,Normal
01/02/2022 23:00,1496,18.78699776,320.2639379,Idle,Standby,1,Normal
23/07/2022 00:00,1371,22.16887489,257.1275371,Sleep,Manual,0,Critical
05/06/2022 18:00,1331,27.35378786,78.31185838,Idle,Manual,0,Normal
18/01/2022 13:00,1724,18.74962735,440.8216678,Active,Manual,0,Warning
06/01/2022 03:00,1584,18.31954848,493.1917311,Sleep,Manual,0,Normal
23/06/2022 10:00,1201,24.29442062,330.8219566,Idle,Standby,0,Warning
20/04/2022 12:00,1678,25.15427982,325.7534207,Idle,Auto,0,Normal
04/02/2022 03:00,1739,20.57362362,279.6340343,Sleep,Manual,0,Normal
28/02/2022 11:00,1194,18.455988,68.14515678,Active,Auto,0,Normal
27/02/2022 14:00,1355,19.82730909,388.7056228,Active,Manual,0,Normal
31/03/2022 12:00,1487,27.99253468,413.3222623,Sleep,Standby,0,Warning
07/03/2022 15:00,1282,29.59283442,41.4136113,Active,Standby,0,Warning
10/03/2022 06:00,1944,25.84974159,261.2755044,Active,Manual,0,Normal
16/03/2022 19:00,1306,24.46801355,36.7814316,Active,Auto,0,Normal
20/07/2022 15:00,1757,23.25950718,272.1757882,Idle,Manual,0,Normal
17/01/2022 15:00,1076,22.3002345,260.9543451,Sleep,Standby,0,Normal
07/04/2022 06:00,1713,19.48572335,91.08034162,Active,Manual,0,Normal
06/02/2022 18:00,1256,21.91480042,411.4594651,Sleep,Standby,0,Normal
27/07/2022 05:00,1731,23.99504259,144.0703422,Active,Auto,0,Normal
01/05/2022 17:00,1977,22.33600751,383.4508761,Idle,Manual,0,Normal
26/02/2022 08:00,1438,25.42583026,433.8959822,Active,Manual,0,Normal
25/04/2022 06:00,1549,23.7093067,72.09956441,Sleep,Manual,0,Normal
09/07/2022 14:00,1283,24.87168916,494.4066052,Idle,Manual,0,Normal
30/03/2022 18:00,1032,18.33123738,287.7694612,Sleep,Auto,0,Warning
10/02/2022 22:00,1550,22.7326633,292.7965068,Active,Manual,0,Warning
20/01/2022 00:00,1037,22.87763039,64.16023081,Sleep,Manual,0,Normal
21/06/2022 15:00,1141,23.7994147,84.15578541,Sleep,Auto,0,Normal
14/02/2022 23:00,1174,26.1362031,110.3636913,Idle,Standby,0,Normal
23/03/2022 06:00,1065,18.53249845,23.60382571,Active,Standby,0,Normal
29/06/2022 18:00,1476,20.48492692,296.1255669,Idle,Auto,0,Normal
29/01/2022 17:00,1148,21.45054394,133.743609,Sleep,Standby,0,Warning
12/04/2022 05:00,1068,23.18167989,440.6018393,Active,Manual,0,Normal
27/01/2022 17:00,1844,23.62423898,334.9299332,Active,Standby,0,Normal
10/04/2022 16:00,1825,21.83088688,219.270648,Idle,Standby,0,Normal
23/03/2022 09:00,1928,25.2296136,470.5161998,Active,Standby,0,Warning
25/04/2022 12:00,1473,28.10832484,193.3701034,Active,Auto,0,Normal
29/06/2022 17:00,1450,26.22145218,336.4109948,Active,Standby,0,Warning
24/05/2022 03:00,1928,18.90690177,349.6545139,Sleep,Auto,0,Normal
20/05/2022 00:00,1355,27.44814882,347.9478156,Sleep,Auto,0,Normal
18/07/2022 14:00,1000,28.37345777,156.1232221,Sleep,Manual,1,Normal
21/05/2022 10:00,1036,22.58284745,382.2772397,Sleep,Standby,0,Critical
20/03/2022 12:00,1477,21.16128843,421.8108054,Idle,Standby,0,Normal
17/01/2022 05:00,1499,27.84225665,355.3496869,Sleep,Manual,0,Normal
14/04/2022 22:00,1919,22.54061027,251.2592035,Active,Standby,0,Normal
11/06/2022 14:00,1160,25.21237723,134.4111624,Sleep,Standby,0,Warning
10/06/2022 16:00,1300,18.61392925,297.3854546,Idle,Standby,1,Normal
05/02/2022 05:00,1166,26.09865892,14.59642104,Active,Standby,0,Normal
23/01/2022 14:00,1600,26.89214752,204.4562504,Idle,Auto,0,Normal
04/01/2022 19:00,1848,25.22595654,306.9735406,Active,Auto,1,Normal
12/06/2022 01:00,1535,23.4904727,444.8665735,Sleep,Auto,0,Warning
24/03/2022 11:00,1151,24.13691165,278.8380722,Idle,Standby,1,Warning
28/04/2022 04:00,1301,21.42771063,317.4878344,Idle,Standby,0,Normal
20/06/2022 02:00,1393,18.82848216,218.4800019,Idle,Manual,1,Normal
01/05/2022 22:00,1271,19.05887056,316.416709,Active,Auto,0,Normal
16/04/2022 09:00,1530,19.65460005,83.06410564,Sleep,Auto,0,Warning
11/03/2022 20:00,1690,22.21999163,173.7404445,Sleep,Manual,0,Warning
13/02/2022 16:00,1769,19.8402699,146.0469475,Idle,Auto,0,Normal
23/03/2022 16:00,1246,22.9404666,148.4423651,Sleep,Standby,0,Normal
16/04/2022 10:00,1358,29.46244957,442.0161973,Idle,Manual,0,Normal
16/06/2022 08:00,1920,20.77638365,461.9706847,Sleep,Standby,0,Normal
10/01/2022 21:00,1326,22.09079253,216.9432918,Idle,Manual,0,Normal
10/05/2022 01:00,1958,28.81450303,212.4961377,Idle,Auto,0,Warning
26/05/2022 08:00,1818,18.93690446,138.0749636,Sleep,Auto,0,Normal
17/02/2022 05:00,1620,22.98642155,30.41618776,Idle,Manual,0,Normal
17/03/2022 05:00,1908,28.76149248,213.9525553,Sleep,Auto,0,Normal
29/06/2022 21:00,1122,27.34366909,313.2698328,Active,Auto,0,Normal
07/01/2022 19:00,1486,23.90017279,119.9383256,Sleep,Manual,0,Normal
26/05/2022 12:00,1096,20.94981208,110.8825688,Sleep,Manual,0,Normal
16/07/2022 05:00,1423,25.20641919,95.22442662,Idle,Auto,0,Normal
12/07/2022 22:00,1245,18.84605139,422.9304317,Idle,Standby,0,Normal
24/05/2022 21:00,1098,18.69716274,105.662047,Idle,Manual,0,Normal
14/05/2022 07:00,1995,24.86119097,217.9658076,Active,Manual,0,Normal
01/06/2022 10:00,1748,24.76218233,355.0703911,Sleep,Standby,0,Normal
14/06/2022 03:00,1383,23.06705168,134.2928501,Sleep,Manual,1,Normal
17/03/2022 11:00,1597,19.68859073,474.0975721,Active,Manual,1,Warning
02/06/2022 01:00,1214,28.66173017,426.1842352,Idle,Manual,0,Warning
18/06/2022 17:00,1549,28.47192505,259.854645,Active,Standby,0,Critical
01/03/2022 12:00,1854,23.11759775,321.2956218,Active,Manual,0,Normal
31/05/2022 13:00,1268,21.88096346,262.5590945,Active,Standby,0,Normal
11/05/2022 11:00,1477,28.12708655,93.07748268,Active,Standby,0,Warning
22/05/2022 12:00,1643,25.07969051,64.52901667,Idle,Auto,0,Normal
05/07/2022 20:00,1776,26.96841209,154.4223318,Active,Auto,0,Normal
13/07/2022 17:00,1851,27.22889182,117.9615685,Active,Auto,0,Normal
28/04/2022 12:00,1972,24.85441409,444.6804421,Active,Auto,0,Warning
02/03/2022 12:00,1518,28.29625022,356.2980717,Active,Auto,0,Normal
25/01/2022 17:00,1339,27.64354936,343.7515125,Sleep,Standby,0,Critical
02/01/2022 17:00,1303,21.87156662,158.1750607,Sleep,Auto,0,Normal
24/01/2022 08:00,1304,23.57528969,442.2479248,Active,Manual,0,Normal
17/05/2022 09:00,1492,19.08781683,237.7666565,Idle,Auto,0,Warning
16/05/2022 04:00,1882,24.10658189,488.6892777,Active,Standby,0,Normal
11/01/2022 03:00,1691,27.41010885,358.5575052,Active,Manual,0,Normal
25/02/2022 19:00,1733,25.45871175,80.22320895,Active,Standby,0,Normal
26/04/2022 20:00,1437,18.59404445,98.52354706,Active,Auto,1,Normal
13/05/2022 19:00,1623,22.44194544,352.6809986,Sleep,Standby,0,Normal
08/06/2022 07:00,1656,22.84998466,98.83938882,Sleep,Auto,0,Normal
02/03/2022 02:00,1142,20.38727215,68.00325494,Sleep,Standby,0,Normal
11/01/2022 21:00,1047,27.69266866,173.7934787,Active,Auto,1,Normal
26/04/2022 04:00,1775,19.12621483,294.7060907,Active,Standby,0,Normal
12/03/2022 09:00,1815,20.06746076,495.9500559,Active,Standby,0,Normal
13/03/2022 21:00,1966,19.09033112,398.9673365,Idle,Manual,0,Normal
19/07/2022 16:00,1032,24.28690063,478.7967403,Active,Auto,0,Normal
04/02/2022 18:00,1611,19.23874827,212.9254431,Idle,Auto,0,Normal
19/03/2022 18:00,1866,18.6071563,71.73087535,Active,Auto,0,Normal
15/04/2022 00:00,1150,22.67419063,256.2308997,Active,Manual,0,Warning
25/03/2022 18:00,1519,25.98768516,188.6475592,Sleep,Manual,0,Normal
15/01/2022 04:00,1924,25.24143181,138.8515678,Active,Auto,0,Normal
05/05/2022 12:00,1579,23.53695657,285.0952739,Sleep,Manual,0,Normal
08/03/2022 17:00,1569,19.08290556,86.15371354,Sleep,Manual,0,Normal
11/06/2022 11:00,1506,19.14669533,417.5868638,Active,Auto,0,Normal
15/07/2022 14:00,1486,26.28840999,114.9803517,Sleep,Manual,0,Normal
21/01/2022 00:00,1354,29.31202614,34.14314739,Sleep,Manual,0,Normal
28/04/2022 17:00,1821,21.77794324,431.2887344,Idle,Standby,0,Normal
30/06/2022 09:00,1126,28.83993606,453.0024663,Sleep,Manual,0,Normal
28/05/2022 12:00,1668,21.90924068,12.93661455,Idle,Auto,0,Normal
13/07/2022 06:00,1752,20.34450707,175.1256522,Idle,Manual,0,Normal
07/05/2022 22:00,1322,26.41526983,250.9445809,Sleep,Manual,0,Normal
16/06/2022 06:00,1698,20.46952515,303.3945026,Idle,Manual,0,Normal
15/03/2022 14:00,1344,21.51096767,35.03031205,Sleep,Standby,0,Warning
06/07/2022 09:00,1883,24.78321281,353.427555,Active,Auto,0,Normal
13/04/2022 05:00,1524,27.77359381,89.76428773,Sleep,Standby,0,Normal
30/04/2022 21:00,1465,18.67547069,418.8561905,Sleep,Standby,0,Normal
08/06/2022 23:00,1811,21.29066599,491.3606181,Idle,Standby,0,Normal
17/06/2022 08:00,1458,27.79536445,187.0048957,Sleep,Manual,0,Warning
14/07/2022 21:00,1739,28.30510394,457.8155064,Sleep,Manual,0,Normal
03/06/2022 07:00,1401,18.25676611,351.2695576,Idle,Auto,0,Normal
22/02/2022 23:00,1709,23.54346871,350.1951213,Active,Standby,0,Normal
09/05/2022 05:00,1184,28.88700617,209.2519412,Sleep,Standby,0,Warning
07/07/2022 13:00,1242,22.70871385,253.3183841,Idle,Auto,0,Critical
09/05/2022 22:00,1871,28.27133052,33.60012834,Active,Standby,0,Normal
13/07/2022 21:00,1899,22.60570395,107.1484513,Active,Auto,0,Normal
15/01/2022 11:00,1573,28.7671717,359.4087915,Sleep,Standby,0,Normal
11/06/2022 17:00,1895,21.71138046,197.0230106,Active,Manual,0,Normal
12/07/2022 15:00,1744,19.35955161,431.7813482,Active,Manual,0,Normal
17/04/2022 18:00,1648,19.98634276,391.0969841,Idle,Standby,0,Normal
11/07/2022 06:00,1316,21.62897216,146.4234362,Active,Auto,0,Normal
01/03/2022 07:00,1695,28.5249027,441.5109994,Sleep,Manual,0,Normal
28/01/2022 08:00,1098,29.64030555,382.8393666,Sleep,Manual,0,Normal
29/03/2022 14:00,1279,24.12058237,276.1387332,Sleep,Manual,0,Normal
27/01/2022 08:00,1459,25.70917881,460.8959398,Idle,Manual,0,Warning
01/05/2022 12:00,1390,21.64938221,124.6263447,Sleep,Standby,0,Normal
14/04/2022 21:00,1108,26.04209392,230.619146,Idle,Manual,0,Normal
22/04/2022 01:00,1004,27.25532288,489.1932523,Sleep,Standby,0,Normal
17/06/2022 07:00,1270,28.14219359,150.2596182,Idle,Manual,0,Critical
02/06/2022 14:00,1500,27.04613505,224.4235672,Idle,Auto,0,Normal
18/05/2022 19:00,1084,18.30962264,67.40569281,Active,Auto,0,Normal
10/05/2022 00:00,1256,23.47113934,204.2963504,Sleep,Auto,0,Warning
13/06/2022 07:00,1202,20.52933387,60.31626752,Idle,Standby,0,Normal
15/04/2022 04:00,1165,18.93056398,447.5230213,Idle,Standby,0,Normal
03/03/2022 01:00,1484,19.02435251,108.7468573,Active,Auto,0,Normal
29/04/2022 01:00,1123,20.03146117,366.558274,Active,Auto,0,Warning
05/01/2022 19:00,1142,26.74687101,423.4546333,Idle,Auto,0,Normal
17/03/2022 21:00,1347,23.98320932,445.6293976,Idle,Manual,1,Normal
04/03/2022 06:00,1968,23.42773267,357.8107695,Sleep,Auto,0,Normal
11/04/2022 01:00,1938,18.71211052,84.501527,Idle,Standby,0,Critical
21/02/2022 08:00,1625,22.93942653,362.4879516,Idle,Auto,0,Warning
21/04/2022 21:00,1908,28.76955853,267.9041557,Sleep,Standby,0,Normal
20/06/2022 20:00,1459,23.83461968,315.6636803,Idle,Standby,0,Normal
10/07/2022 13:00,1544,22.03279823,326.8902563,Idle,Standby,0,Normal
18/02/2022 01:00,1219,25.30324577,284.4826482,Sleep,Auto,0,Normal
10/06/2022 08:00,1755,28.41680911,368.1946597,Idle,Auto,0,Normal
03/01/2022 09:00,1884,20.43681313,148.5652508,Idle,Manual,0,Warning
21/06/2022 00:00,1385,26.79748006,265.1967869,Sleep,Manual,0,Critical
28/06/2022 16:00,1200,21.88387022,179.5138828,Idle,Manual,0,Normal
26/07/2022 01:00,1258,23.60020515,179.524209,Active,Manual,0,Normal
14/03/2022 07:00,1150,20.67899784,191.6408015,Sleep,Auto,0,Warning
02/04/2022 12:00,1141,21.83009955,63.39099388,Idle,Standby,0,Normal
29/05/2022 01:00,1029,18.08272202,72.04920575,Active,Manual,0,Critical
14/04/2022 03:00,1604,29.74445727,315.7541975,Idle,Standby,0,Normal
17/04/2022 20:00,1320,22.81532899,346.8069007,Active,Auto,0,Normal
12/05/2022 14:00,1575,28.40461137,291.649883,Idle,Auto,0,Warning
18/06/2022 02:00,1164,25.95995247,133.2155462,Idle,Standby,0,Normal
02/06/2022 07:00,1565,20.56606697,72.64925265,Sleep,Manual,0,Normal
30/01/2022 11:00,1906,23.61941348,220.1688313,Idle,Manual,0,Normal
28/06/2022 08:00,1222,24.81813885,80.74233427,Active,Auto,0,Normal
15/02/2022 13:00,1080,28.82368024,406.7552669,Sleep,Manual,0,Warning
21/07/2022 15:00,1353,18.61701135,89.84238943,Active,Standby,0,Normal
27/02/2022 08:00,1500,25.20231061,369.9964366,Idle,Standby,0,Normal
24/07/2022 17:00,1169,25.73225516,124.5589599,Idle,Auto,0,Normal
04/01/2022 00:00,1043,22.33949482,20.44898416,Sleep,Manual,0,Warning
22/03/2022 02:00,1413,26.4700671,322.8769221,Sleep,Standby,0,Normal
13/05/2022 05:00,1666,23.64631735,455.7672931,Active,Auto,0,Normal
15/03/2022 12:00,1001,21.96678654,488.0867897,Sleep,Standby,0,Normal
31/01/2022 23:00,1752,26.56875444,21.46669071,Idle,Auto,0,Normal
29/06/2022 22:00,1164,29.94149399,452.0499885,Active,Manual,0,Normal
11/02/2022 21:00,1414,22.70999246,409.4895855,Active,Auto,0,Normal
22/04/2022 04:00,1843,26.02496734,241.6046767,Idle,Auto,0,Normal
19/02/2022 14:00,1381,27.57880284,91.64314348,Idle,Auto,0,Normal
12/07/2022 23:00,1225,21.15097772,256.0449781,Idle,Manual,0,Normal
19/04/2022 09:00,1204,18.46920052,421.8776887,Sleep,Manual,0,Warning
16/02/2022 21:00,1378,29.98546343,407.9958622,Active,Manual,0,Normal
21/02/2022 17:00,1848,18.11522208,406.1873077,Active,Auto,0,Normal
11/07/2022 22:00,1810,29.15008577,29.74524774,Active,Standby,0,Normal
22/06/2022 02:00,1347,28.3095202,145.9199511,Active,Manual,0,Normal
24/05/2022 10:00,1607,23.74328935,241.5448332,Active,Manual,0,Warning
11/02/2022 14:00,1599,24.88975479,52.71148809,Idle,Auto,0,Normal
22/05/2022 02:00,1712,27.30277031,277.4206071,Sleep,Standby,0,Normal
22/04/2022 20:00,1002,27.02319893,384.1788488,Active,Standby,0,Normal
07/03/2022 17:00,1097,27.35052762,37.19884518,Active,Manual,0,Normal
19/07/2022 14:00,1501,19.16563038,216.1666896,Idle,Manual,0,Normal
18/03/2022 02:00,1267,26.76819957,146.4477257,Idle,Auto,0,Warning
18/05/2022 04:00,1683,19.14652522,319.3733452,Active,Manual,0,Normal
27/07/2022 21:00,1304,24.89407112,346.9941366,Sleep,Auto,0,Warning
28/05/2022 08:00,1290,28.69089841,144.8390697,Sleep,Standby,0,Critical
19/01/2022 08:00,1970,25.95065086,406.5731095,Active,Standby,0,Normal
26/07/2022 07:00,1392,27.21246703,327.5258648,Sleep,Standby,0,Warning
15/02/2022 20:00,1955,22.0105788,434.6948456,Idle,Standby,0,Normal
17/06/2022 02:00,1162,27.23953187,405.2123571,Idle,Auto,0,Critical
08/05/2022 10:00,1877,25.15693724,149.2407393,Idle,Standby,0,Normal
28/01/2022 01:00,1686,26.72021047,250.6125149,Active,Standby,0,Normal
06/03/2022 10:00,1841,20.88787978,248.2393661,Sleep,Manual,0,Normal
18/07/2022 04:00,1669,26.67731248,190.8598367,Sleep,Standby,0,Normal
29/05/2022 08:00,1543,28.29659057,364.1826643,Sleep,Auto,0,Normal
11/06/2022 22:00,1862,25.04671589,168.380669,Active,Auto,0,Normal
05/06/2022 21:00,1582,23.30439393,370.4365248,Sleep,Standby,0,Normal
27/01/2022 06:00,1198,22.56194252,134.6130361,Sleep,Auto,0,Normal
29/01/2022 00:00,1478,21.70526584,387.8279893,Sleep,Standby,0,Warning
22/02/2022 01:00,1087,26.62616276,51.86255219,Idle,Auto,0,Normal
21/01/2022 02:00,1096,29.89813101,48.02389685,Idle,Standby,0,Warning
08/03/2022 00:00,1744,26.17708221,383.446709,Sleep,Manual,0,Normal
09/05/2022 02:00,1628,29.43285786,406.5169816,Active,Auto,0,Normal
12/07/2022 19:00,1718,19.84680488,428.8785513,Idle,Manual,0,Normal
07/05/2022 14:00,1584,18.42992448,218.5230592,Active,Manual,0,Normal
02/03/2022 22:00,1449,26.17668501,309.6224767,Active,Auto,0,Normal
13/06/2022 17:00,1900,26.63885365,429.3789869,Idle,Auto,0,Normal
31/05/2022 21:00,1131,28.69445042,342.2915555,Idle,Standby,1,Warning
18/04/2022 10:00,1456,28.85193904,179.1754667,Active,Standby,0,Normal
08/06/2022 09:00,1288,21.23065683,395.062083,Active,Standby,0,Normal
03/01/2022 01:00,1476,23.95146411,412.6348635,Sleep,Manual,0,Normal
28/06/2022 17:00,1122,23.75289567,253.0774702,Sleep,Standby,0,Warning
20/05/2022 08:00,1397,24.96262681,367.3443194,Sleep,Manual,0,Warning
05/02/2022 18:00,1160,24.3393695,27.07309905,Sleep,Manual,0,Normal
14/02/2022 16:00,1163,24.97839979,456.4917836,Active,Manual,0,Warning
30/01/2022 23:00,1018,28.96004217,220.6465453,Active,Auto,0,Normal
04/06/2022 21:00,1531,26.07320704,438.4507389,Idle,Auto,0,Normal
20/04/2022 15:00,1501,22.5491803,238.6723997,Sleep,Standby,0,Normal
23/07/2022 01:00,1963,19.00561299,169.4541894,Active,Auto,0,Warning
11/03/2022 04:00,1574,26.22705614,150.2525994,Active,Auto,0,Warning
11/03/2022 00:00,1626,20.97138384,270.3630656,Idle,Manual,0,Warning
12/04/2022 01:00,1180,21.71196188,442.6356428,Sleep,Standby,0,Normal
27/05/2022 20:00,1355,22.80715976,312.7914255,Active,Auto,1,Normal
26/06/2022 05:00,1088,23.14959865,259.7421631,Idle,Manual,0,Normal
27/07/2022 06:00,1763,24.96512073,254.8251383,Sleep,Auto,0,Normal
18/05/2022 21:00,1119,26.48615142,133.9036105,Idle,Standby,0,Normal
06/07/2022 12:00,1017,23.11156116,452.3171347,Active,Standby,0,Normal
18/05/2022 17:00,1627,22.63925865,67.73549585,Sleep,Manual,0,Normal
17/07/2022 23:00,1284,26.0344228,498.442204,Sleep,Auto,0,Normal
21/06/2022 22:00,1722,19.95597216,253.7778779,Sleep,Standby,0,Normal
19/04/2022 14:00,1267,23.72026865,281.9254187,Idle,Manual,0,Normal
27/02/2022 17:00,1901,28.45249316,326.2107994,Idle,Manual,0,Normal
09/06/2022 19:00,1137,27.6104817,158.9053349,Sleep,Manual,0,Normal
28/02/2022 07:00,1124,25.33698108,332.0219805,Active,Standby,0,Normal
19/02/2022 19:00,1299,23.04086932,146.2741462,Idle,Manual,0,Critical
28/02/2022 16:00,1033,25.96583074,209.2062353,Idle,Auto,1,Critical
09/06/2022 08:00,1810,28.78376312,205.8208412,Active,Standby,0,Normal
16/03/2022 22:00,1041,20.77258869,131.2995788,Sleep,Manual,0,Normal
03/03/2022 11:00,1854,20.44819146,109.5899144,Active,Manual,0,Normal
26/07/2022 21:00,1238,21.44817696,403.9237384,Active,Manual,0,Normal
02/01/2022 11:00,1126,22.44360087,260.7813683,Idle,Standby,0,Normal
28/05/2022 13:00,1341,18.69292169,39.65824134,Active,Manual,0,Normal
08/04/2022 17:00,1963,27.01142832,147.7133808,Idle,Auto,0,Normal
14/07/2022 22:00,1929,27.5495253,170.2695424,Idle,Auto,0,Normal
09/04/2022 07:00,1698,24.81614879,352.3646355,Idle,Standby,0,Warning
02/04/2022 22:00,1192,18.96771269,349.3135606,Sleep,Auto,0,Normal
06/06/2022 23:00,1110,23.03928883,350.195129,Idle,Standby,0,Normal
23/02/2022 14:00,1111,28.5604429,495.301099,Idle,Auto,0,Normal
15/01/2022 13:00,1111,26.98663817,277.5861027,Idle,Auto,0,Normal
31/03/2022 01:00,1968,25.44626629,357.982722,Sleep,Manual,0,Normal
23/04/2022 03:00,1257,24.63236854,329.7028522,Idle,Manual,0,Normal
10/07/2022 00:00,1576,29.2886219,228.2232017,Active,Standby,0,Normal
15/06/2022 07:00,1850,20.6697567,480.0955087,Sleep,Auto,0,Normal
12/03/2022 01:00,1767,22.84767235,201.66215,Sleep,Standby,0,Normal
21/07/2022 10:00,1546,28.17757,343.7124457,Active,Manual,1,Normal
02/03/2022 03:00,1211,29.36317613,160.761131,Idle,Standby,0,Normal
16/05/2022 03:00,1091,29.77609538,313.5767589,Sleep,Auto,0,Warning
11/03/2022 15:00,1590,18.06691848,154.4776729,Sleep,Standby,0,Normal
09/06/2022 20:00,1737,22.28293516,48.18034197,Sleep,Standby,0,Normal
19/02/2022 03:00,1608,27.20941134,498.1774188,Idle,Standby,0,Normal
27/04/2022 14:00,1022,28.15216202,385.2640015,Idle,Auto,0,Normal
12/03/2022 12:00,1442,28.0597001,17.80685677,Sleep,Manual,0,Normal
14/06/2022 20:00,1634,24.02380104,133.1402337,Active,Standby,0,Critical
16/01/2022 12:00,1083,19.06315014,36.08180773,Idle,Standby,0,Normal
31/05/2022 10:00,1266,25.9594985,440.7354528,Active,Manual,0,Normal
21/03/2022 20:00,1663,26.47960488,224.5216627,Idle,Auto,0,Normal
26/02/2022 13:00,1302,21.8442606,145.7943016,Sleep,Manual,0,Normal
18/03/2022 01:00,1266,26.18970281,302.3075856,Idle,Standby,0,Normal
02/02/2022 18:00,1863,24.48215927,407.3960638,Idle,Auto,0,Normal
20/01/2022 13:00,1292,18.37933389,169.6351057,Idle,Auto,0,Normal
06/01/2022 20:00,1256,21.15441965,246.4215722,Sleep,Standby,0,Normal
02/02/2022 20:00,1882,26.32643173,105.6238537,Active,Auto,0,Normal
14/01/2022 11:00,1750,20.28383937,20.54344154,Idle,Standby,0,Normal
03/01/2022 02:00,1572,24.3573204,397.0727275,Idle,Manual,0,Normal
30/01/2022 18:00,1224,22.47179335,304.1999794,Sleep,Auto,0,Normal
23/07/2022 17:00,1074,21.10343831,33.79983583,Active,Manual,0,Normal
29/04/2022 08:00,1671,29.6643978,271.4053497,Active,Manual,0,Normal
12/04/2022 22:00,1607,21.79059076,113.6090046,Sleep,Manual,0,Normal
20/07/2022 13:00,1058,23.6810933,442.6493425,Idle,Auto,1,Normal
04/07/2022 03:00,1501,24.48877854,419.8167476,Sleep,Standby,0,Normal
11/07/2022 12:00,1870,22.27055663,387.2802074,Active,Standby,0,Warning
06/05/2022 15:00,1970,24.8576647,383.26182,Active,Manual,0,Normal
22/04/2022 02:00,1808,21.49885252,472.163041,Sleep,Manual,0,Normal
17/01/2022 22:00,1935,24.31964056,60.42089691,Sleep,Manual,1,Normal
05/06/2022 04:00,1009,28.65201707,425.6609456,Active,Auto,0,Normal
11/02/2022 20:00,1476,25.24927328,98.38959491,Sleep,Auto,0,Normal
07/06/2022 19:00,1683,26.1597055,435.1839904,Active,Auto,0,Normal
07/02/2022 02:00,1995,19.18580101,460.4388561,Sleep,Standby,0,Normal
11/04/2022 11:00,1853,22.12864328,112.4459096,Idle,Manual,0,Normal
17/04/2022 01:00,1917,29.05315397,282.0079833,Sleep,Auto,0,Normal
21/07/2022 09:00,1163,28.89741285,480.7197544,Idle,Manual,0,Normal
10/04/2022 14:00,1198,26.53046424,344.7848325,Active,Manual,0,Normal
14/06/2022 04:00,1467,25.88987764,55.75425596,Sleep,Auto,0,Normal
02/01/2022 18:00,1267,22.86309769,460.8253258,Idle,Auto,0,Normal
28/04/2022 22:00,1137,19.11628224,28.11572066,Sleep,Manual,0,Warning
15/06/2022 05:00,1812,19.32798955,255.4841163,Sleep,Auto,0,Normal
13/01/2022 15:00,1099,20.51096075,347.7049901,Idle,Manual,0,Normal
08/07/2022 01:00,1400,24.11076759,126.1830579,Idle,Standby,0,Normal
06/06/2022 03:00,1782,28.10421356,279.2225846,Idle,Auto,0,Normal
28/01/2022 16:00,1105,21.11912302,196.555833,Idle,Manual,1,Normal
19/02/2022 01:00,1606,20.5013312,375.2740229,Sleep,Auto,0,Normal
22/04/2022 12:00,1424,22.82509567,77.93202768,Idle,Auto,0,Normal
23/03/2022 03:00,1976,28.5494126,11.04915059,Idle,Standby,0,Normal
15/04/2022 05:00,1943,27.09245014,297.616589,Idle,Standby,0,Normal
03/03/2022 09:00,1554,19.9349804,475.984647,Idle,Manual,0,Normal
26/05/2022 03:00,1850,27.16373658,301.0185133,Active,Auto,0,Normal
27/05/2022 16:00,1878,23.07439491,148.5944546,Sleep,Standby,0,Normal
30/03/2022 20:00,1896,26.4970907,478.2347654,Idle,Auto,1,Normal
12/02/2022 18:00,1827,28.29669538,279.2490913,Sleep,Standby,0,Normal
10/02/2022 01:00,1479,21.68571044,175.4833081,Active,Standby,0,Normal
01/05/2022 09:00,1672,25.43416838,124.7391705,Sleep,Auto,0,Normal
11/05/2022 14:00,1193,25.67296336,314.1423002,Active,Manual,0,Normal
25/03/2022 17:00,1079,27.68817134,269.6632517,Sleep,Manual,0,Normal
31/03/2022 13:00,1984,21.58026247,403.7308328,Idle,Auto,1,Normal
19/05/2022 11:00,1520,21.91433022,352.220326,Active,Manual,0,Normal
08/04/2022 10:00,1798,26.76281359,193.9961794,Idle,Auto,0,Normal
12/06/2022 00:00,1904,21.06323287,49.53440776,Idle,Auto,0,Normal
13/01/2022 16:00,1230,27.46022157,485.2490191,Sleep,Auto,0,Critical
02/03/2022 00:00,1145,22.82511287,481.5625241,Active,Auto,0,Normal
04/03/2022 08:00,1866,21.20869403,243.255378,Idle,Manual,1,Normal
21/04/2022 12:00,1330,26.06026257,131.375184,Active,Manual,0,Normal
30/04/2022 19:00,1004,28.43098575,183.5974721,Active,Standby,0,Normal
08/02/2022 04:00,1421,29.0345299,275.7413595,Active,Standby,0,Normal
24/06/2022 06:00,1352,22.62951207,409.9318296,Idle,Auto,0,Normal
05/06/2022 01:00,1457,23.04771627,156.8369247,Idle,Auto,0,Normal
26/04/2022 12:00,1987,25.84885426,409.4344624,Active,Manual,0,Normal
09/03/2022 16:00,1223,19.09181811,139.3125517,Sleep,Manual,0,Warning
09/06/2022 21:00,1966,26.86793925,93.61580169,Sleep,Standby,0,Normal
04/02/2022 05:00,1945,19.88614194,240.1706019,Sleep,Manual,0,Normal
15/06/2022 04:00,1259,19.16221592,303.4805701,Sleep,Manual,0,Normal
26/02/2022 10:00,1005,19.3862036,396.9657119,Idle,Auto,1,Warning
07/07/2022 09:00,1290,21.46032314,472.7811209,Idle,Manual,0,Normal
05/02/2022 10:00,1895,27.41390365,157.9754604,Active,Auto,0,Normal
11/02/2022 16:00,1155,22.6334299,278.3912887,Active,Auto,0,Normal
21/05/2022 17:00,1950,25.32243352,246.3883288,Sleep,Auto,0,Normal
01/01/2022 18:00,1520,27.6988966,150.985783,Active,Auto,0,Normal
10/03/2022 05:00,1514,24.33595009,262.5099185,Sleep,Manual,0,Normal
11/03/2022 11:00,1262,18.69899249,319.3647941,Active,Auto,0,Warning
21/01/2022 13:00,1582,19.28935876,30.69149307,Sleep,Manual,0,Normal
26/02/2022 03:00,1898,25.68454811,130.0828349,Sleep,Auto,0,Warning
05/06/2022 07:00,1729,23.26046067,239.4635477,Active,Manual,0,Normal
21/07/2022 01:00,1718,26.35203064,163.0752157,Active,Standby,0,Normal
31/05/2022 14:00,1667,28.26388025,115.6578791,Sleep,Auto,1,Normal
26/05/2022 01:00,1209,20.61621841,25.364968,Sleep,Standby,0,Warning
29/01/2022 15:00,1883,23.12505808,462.1415474,Sleep,Auto,0,Normal
05/06/2022 11:00,1336,18.78765216,192.7715667,Sleep,Manual,0,Normal
09/03/2022 00:00,1181,21.64454914,187.7696987,Active,Standby,0,Normal
20/06/2022 04:00,1053,26.25843091,165.9010361,Sleep,Manual,0,Normal
22/05/2022 18:00,1388,22.20633867,283.0890166,Active,Auto,0,Normal
12/02/2022 01:00,1114,29.38275796,96.06427195,Active,Auto,0,Normal
11/04/2022 08:00,1031,27.9095648,350.2816057,Idle,Standby,0,Normal
15/02/2022 12:00,1142,20.22878397,23.3432204,Sleep,Manual,0,Critical
25/02/2022 07:00,1746,25.97651937,107.7516877,Sleep,Manual,0,Normal
11/03/2022 21:00,1136,20.92585088,390.7550096,Sleep,Auto,1,Normal
25/03/2022 07:00,1842,26.90029905,115.0113119,Idle,Manual,0,Normal
24/02/2022 14:00,1480,29.97053321,188.3619668,Idle,Standby,0,Normal
16/05/2022 18:00,1444,26.91730134,455.0082075,Active,Manual,0,Normal
24/03/2022 19:00,1314,26.91073444,435.2694599,Idle,Auto,0,Normal
02/06/2022 00:00,1973,27.43572787,326.7192675,Sleep,Manual,0,Normal
15/01/2022 08:00,1226,29.89678114,485.9956503,Active,Auto,0,Normal
06/07/2022 18:00,1083,20.21401355,339.1172087,Idle,Auto,0,Normal
11/02/2022 02:00,1528,20.39253985,368.2662265,Active,Standby,0,Normal
09/07/2022 08:00,1047,24.85475264,281.6877892,Sleep,Auto,0,Normal
08/06/2022 15:00,1501,20.34763555,390.5752829,Sleep,Manual,0,Normal
08/07/2022 11:00,1105,24.32897829,207.1236666,Idle,Manual,0,Normal
16/06/2022 18:00,1075,19.44115792,194.5642869,Idle,Manual,0,Normal
09/05/2022 19:00,1752,19.2197992,497.6870116,Sleep,Standby,0,Normal
15/06/2022 01:00,1472,18.91565073,471.9569651,Idle,Standby,0,Warning
17/02/2022 14:00,1136,21.22409639,105.74295,Idle,Manual,1,Normal
09/04/2022 06:00,1776,27.38752602,285.8366985,Sleep,Auto,0,Critical
19/02/2022 22:00,1729,26.0741629,305.8908858,Idle,Manual,0,Normal
04/01/2022 13:00,1619,26.41805591,336.4293529,Active,Manual,0,Normal
05/03/2022 06:00,1430,25.85668322,263.8793086,Active,Auto,0,Normal
22/01/2022 12:00,1945,18.23348481,235.6630758,Sleep,Auto,1,Normal
27/02/2022 13:00,1158,29.1168543,127.2195378,Active,Auto,0,Normal
24/04/2022 04:00,1484,20.57761567,52.19491431,Active,Auto,0,Critical
09/05/2022 12:00,1717,21.63033247,341.7967932,Idle,Standby,0,Normal
12/02/2022 06:00,1156,26.90802635,232.9276694,Active,Auto,0,Normal
06/01/2022 08:00,1468,29.15602341,11.82050161,Sleep,Standby,0,Normal
26/02/2022 20:00,1170,25.20534413,233.8107583,Idle,Auto,0,Normal
31/05/2022 23:00,1299,22.62942589,420.3719105,Idle,Auto,0,Normal
27/07/2022 02:00,1761,21.13431979,380.8003615,Active,Standby,0,Warning
07/02/2022 03:00,1689,26.51228367,193.3197491,Sleep,Auto,0,Warning
27/04/2022 09:00,1034,21.2375859,250.2827544,Idle,Auto,0,Normal
26/06/2022 14:00,1887,29.01407284,73.32944941,Sleep,Standby,0,Normal
26/02/2022 15:00,1894,21.33452612,44.46661892,Sleep,Manual,0,Normal
13/01/2022 19:00,1661,24.98739774,484.0440634,Active,Manual,0,Normal
11/03/2022 05:00,1247,22.75690647,198.8247991,Active,Manual,0,Normal
12/04/2022 07:00,1898,24.16516149,481.9499781,Active,Manual,0,Critical
13/06/2022 22:00,1949,24.63038928,441.0717462,Active,Auto,0,Normal
24/02/2022 21:00,1833,24.39223688,36.83007936,Sleep,Auto,0,Normal
29/06/2022 07:00,1513,23.44098666,324.6949999,Idle,Auto,0,Normal
14/04/2022 02:00,1432,20.69903098,72.85354265,Idle,Manual,0,Normal
16/04/2022 22:00,1215,22.93562674,185.5381897,Idle,Standby,0,Normal
21/02/2022 22:00,1373,20.46629884,368.7468964,Idle,Auto,0,Normal
20/02/2022 08:00,1379,27.53501119,225.2029079,Idle,Auto,0,Warning
10/01/2022 00:00,1106,23.37361592,167.8449743,Active,Manual,0,Normal
28/06/2022 20:00,1591,24.14423177,106.0291617,Idle,Auto,0,Normal
08/05/2022 14:00,1559,22.66438261,94.32424058,Active,Standby,0,Normal
21/02/2022 15:00,1573,26.27380403,79.0629327,Sleep,Manual,0,Normal
06/04/2022 09:00,1668,19.72515216,181.0455499,Sleep,Standby,0,Normal
25/04/2022 04:00,1512,18.32625113,335.3697249,Active,Standby,0,Normal
12/01/2022 11:00,1953,29.86211623,233.4508233,Idle,Manual,0,Critical
21/01/2022 09:00,1256,27.75385094,374.4165849,Idle,Auto,0,Normal
13/02/2022 03:00,1031,29.06770169,274.9064855,Active,Auto,0,Normal
21/02/2022 05:00,1923,25.35977873,326.7153092,Active,Manual,0,Normal
11/07/2022 01:00,1180,19.09338228,98.80541056,Active,Standby,0,Normal
12/02/2022 00:00,1918,28.95503606,46.54336414,Active,Auto,0,Normal
15/07/2022 09:00,1459,23.49343808,338.2442077,Active,Manual,0,Normal
17/06/2022 18:00,1451,23.79370509,249.2701928,Sleep,Manual,0,Normal
13/05/2022 14:00,1188,25.58230227,390.4022114,Active,Standby,0,Normal
16/04/2022 12:00,1236,19.24161127,37.53218441,Active,Manual,0,Normal
23/06/2022 17:00,1644,20.761833,130.2432974,Sleep,Auto,0,Normal
14/02/2022 02:00,1102,23.75920317,469.0852165,Idle,Auto,0,Normal
01/04/2022 06:00,1199,18.41200324,18.39542147,Idle,Auto,0,Normal
10/07/2022 18:00,1163,21.55033745,138.2521352,Active,Manual,0,Warning
12/01/2022 17:00,1055,20.60002312,289.4220783,Active,Standby,0,Normal
29/05/2022 13:00,1548,26.50865626,40.49038239,Idle,Auto,0,Normal
24/02/2022 20:00,1103,22.23941879,241.3275372,Idle,Standby,0,Normal
27/07/2022 10:00,1597,21.20731839,334.4121594,Sleep,Manual,0,Normal
10/02/2022 08:00,1595,26.8375432,180.5631983,Idle,Auto,0,Normal
11/05/2022 06:00,1166,25.48619142,311.6339297,Active,Standby,0,Normal
13/06/2022 08:00,1937,23.71390085,65.87934391,Idle,Manual,0,Normal
12/05/2022 22:00,1816,18.73585116,487.817218,Sleep,Auto,0,Warning
27/05/2022 15:00,1111,24.49981994,72.91469317,Idle,Standby,0,Normal
26/01/2022 19:00,1437,26.62267617,382.239068,Sleep,Manual,0,Normal
20/05/2022 10:00,1604,21.36481105,176.8919769,Idle,Standby,0,Normal
14/03/2022 14:00,1346,28.50107353,12.31602645,Idle,Standby,0,Normal
27/02/2022 22:00,1749,27.03940566,147.2772421,Active,Manual,0,Normal
18/06/2022 18:00,1070,18.73947305,224.1134959,Idle,Manual,0,Normal
18/03/2022 23:00,1401,22.75269441,14.05822574,Active,Manual,0,Normal
07/03/2022 19:00,1167,21.74736699,17.91006357,Idle,Standby,0,Warning
10/03/2022 23:00,1759,25.54812137,317.4407969,Active,Standby,0,Warning
09/04/2022 00:00,1474,19.03926964,31.31585842,Sleep,Auto,0,Normal
03/04/2022 04:00,1201,18.36001942,328.4651972,Sleep,Manual,1,Normal
26/03/2022 04:00,1012,25.65929152,236.0174475,Idle,Standby,0,Normal
27/07/2022 04:00,1392,22.36806431,358.7328781,Sleep,Manual,0,Warning
23/03/2022 12:00,1272,26.29442099,281.0779851,Idle,Auto,0,Normal
24/02/2022 11:00,1657,23.60347032,336.8575723,Idle,Manual,1,Warning
25/03/2022 11:00,1484,19.5708301,349.3895984,Idle,Manual,0,Normal
05/07/2022 15:00,1805,29.01048552,396.892289,Idle,Auto,0,Normal
24/01/2022 23:00,1200,21.16536904,259.2853042,Idle,Standby,0,Warning
20/06/2022 09:00,1386,28.88395586,337.3157297,Active,Manual,0,Normal
29/06/2022 23:00,1709,28.08189948,412.9463652,Idle,Standby,0,Normal
04/07/2022 20:00,1525,28.75714927,298.8034867,Sleep,Auto,0,Normal
13/03/2022 02:00,1187,29.86537076,391.5673856,Sleep,Standby,0,Normal
05/06/2022 22:00,1074,27.76760566,342.7089073,Active,Auto,0,Normal
25/05/2022 14:00,1530,26.28804194,381.7665114,Sleep,Standby,0,Warning
23/02/2022 08:00,1844,21.28364484,57.55126296,Active,Auto,0,Normal
05/02/2022 21:00,1651,29.05234949,109.4154887,Active,Auto,0,Warning
22/06/2022 17:00,1978,24.7680226,40.65771232,Sleep,Standby,0,Normal
17/03/2022 01:00,1527,21.03582811,464.1813421,Idle,Manual,0,Normal
09/03/2022 20:00,1728,23.54911869,311.9001843,Idle,Standby,0,Normal
25/03/2022 01:00,1457,18.0478859,395.7806806,Idle,Auto,0,Normal
20/04/2022 23:00,1497,19.02099067,201.3173335,Active,Manual,0,Normal
12/01/2022 05:00,1953,24.18249746,383.2527415,Sleep,Auto,0,Normal
27/01/2022 05:00,1368,19.20159399,457.1557861,Sleep,Standby,0,Normal
09/05/2022 09:00,1930,22.35888844,243.3210038,Active,Manual,0,Warning
08/04/2022 06:00,1101,27.40884388,468.2608597,Idle,Standby,0,Critical
04/05/2022 14:00,1672,24.03660581,313.9781218,Idle,Auto,0,Normal
13/01/2022 12:00,1483,25.46626647,346.2495145,Idle,Standby,0,Warning
20/01/2022 03:00,1780,21.42103253,71.79492925,Active,Auto,0,Normal
02/03/2022 07:00,1296,18.92370397,456.0772582,Sleep,Standby,0,Normal
03/03/2022 08:00,1746,29.81916161,120.8417832,Sleep,Standby,0,Warning
27/03/2022 06:00,1292,24.37286781,494.576766,Sleep,Manual,0,Normal
26/06/2022 04:00,1253,26.80650014,418.0702644,Sleep,Standby,0,Normal
06/06/2022 20:00,1917,19.02688379,175.5019196,Sleep,Auto,0,Normal
30/03/2022 01:00,1703,24.03934964,294.0609659,Sleep,Standby,0,Critical
02/01/2022 03:00,1353,27.05217862,470.7554169,Idle,Standby,0,Normal
09/06/2022 23:00,1403,21.92721464,20.56070007,Sleep,Auto,0,Normal
08/07/2022 10:00,1194,23.47512431,270.3681193,Active,Auto,0,Normal
04/02/2022 21:00,1021,23.13948274,328.0021335,Active,Standby,0,Warning
09/06/2022 10:00,1430,20.31328194,436.1405958,Idle,Manual,0,Warning
25/03/2022 16:00,1518,18.83968785,365.0140422,Sleep,Manual,0,Normal
24/07/2022 11:00,1814,26.55103654,473.460445,Active,Manual,0,Normal
21/01/2022 23:00,1456,23.97764909,226.4586569,Active,Standby,0,Normal
14/05/2022 14:00,1913,24.28418766,392.7546459,Idle,Manual,0,Normal
29/06/2022 08:00,1400,18.21184828,193.7860536,Sleep,Auto,1,Normal
16/01/2022 20:00,1299,23.20772883,385.7483339,Active,Standby,0,Normal
19/03/2022 03:00,1604,25.37961749,260.6551726,Active,Manual,0,Normal
05/03/2022 13:00,1747,22.1284719,415.3123296,Sleep,Manual,0,Normal
09/04/2022 13:00,1532,23.61345362,405.2746102,Active,Standby,0,Warning
22/06/2022 19:00,1497,28.38757902,472.8319548,Sleep,Standby,1,Normal
08/05/2022 04:00,1037,24.97391107,482.2218723,Idle,Auto,0,Normal
01/05/2022 04:00,1161,18.5379922,424.7599142,Idle,Auto,0,Normal
08/04/2022 12:00,1107,27.84952635,162.0226921,Sleep,Auto,0,Normal
16/01/2022 14:00,1084,28.94731088,102.1327986,Idle,Manual,0,Warning
16/05/2022 20:00,1632,18.52667898,196.7306926,Sleep,Standby,0,Normal
10/04/2022 05:00,1314,24.11493295,127.5418934,Active,Auto,0,Normal
29/06/2022 13:00,1263,24.81399236,446.5587029,Sleep,Manual,0,Normal
09/02/2022 03:00,1227,29.9684176,370.513876,Idle,Standby,0,Normal
24/06/2022 22:00,1935,26.65685954,256.1069596,Sleep,Standby,0,Warning
23/06/2022 13:00,1586,22.14510953,406.2247699,Idle,Auto,0,Normal
27/04/2022 15:00,1923,26.57225584,221.8017463,Active,Auto,0,Normal
31/03/2022 11:00,1713,20.73794882,162.2743835,Sleep,Standby,0,Normal
09/06/2022 01:00,1446,27.17449865,376.7181297,Idle,Manual,0,Normal
09/07/2022 04:00,1030,22.44772838,242.4153831,Sleep,Standby,0,Normal
25/06/2022 16:00,1383,25.02437567,139.6312144,Active,Auto,0,Normal
28/03/2022 04:00,1841,22.61118835,261.2701665,Sleep,Manual,0,Normal
23/01/2022 01:00,1357,25.20552138,212.3753342,Idle,Auto,0,Normal
11/07/2022 20:00,1766,24.01594287,230.5259725,Sleep,Standby,0,Normal
27/01/2022 12:00,1279,18.91623158,470.1327319,Sleep,Manual,0,Normal
22/02/2022 21:00,1040,26.2720843,235.0322083,Idle,Manual,0,Warning
08/01/2022 17:00,1091,19.54602738,479.4221176,Active,Standby,0,Normal
01/07/2022 05:00,1633,26.22053985,433.6425692,Sleep,Auto,0,Critical
13/05/2022 11:00,1119,19.01822532,480.61112,Active,Manual,0,Normal
24/05/2022 22:00,1857,19.73833109,186.301954,Active,Manual,0,Warning
16/03/2022 21:00,1757,18.74052391,365.0802698,Sleep,Auto,0,Normal
05/05/2022 03:00,1191,18.01479028,269.90258,Active,Standby,0,Normal
02/03/2022 01:00,1122,21.10340463,344.0711904,Active,Standby,0,Normal
23/05/2022 19:00,1559,24.74999717,268.3842104,Sleep,Manual,0,Normal
23/07/2022 02:00,1340,25.27297723,70.40907053,Active,Standby,0,Normal
05/03/2022 23:00,1699,24.11199408,273.2836873,Sleep,Standby,0,Normal
24/05/2022 11:00,1293,28.13306724,372.8596456,Active,Manual,0,Normal
23/02/2022 01:00,1180,20.02447217,316.590763,Sleep,Standby,1,Warning
13/04/2022 19:00,1568,19.00232268,120.8935993,Idle,Standby,0,Normal
26/01/2022 07:00,1101,29.82757847,131.1817317,Idle,Standby,0,Normal
27/05/2022 09:00,1048,20.0930489,440.1575234,Active,Manual,0,Normal
13/03/2022 08:00,1410,20.53782196,436.4450103,Active,Standby,0,Normal
02/04/2022 15:00,1380,20.10217364,422.5421477,Sleep,Manual,0,Normal
09/02/2022 19:00,1567,25.17453436,418.5606265,Sleep,Auto,1,Normal
18/04/2022 11:00,1448,29.94883221,269.0183179,Sleep,Auto,0,Normal
12/06/2022 09:00,1731,23.13702142,263.8404102,Idle,Auto,0,Normal
04/07/2022 09:00,1725,27.39267875,78.77176919,Sleep,Auto,0,Normal
21/05/2022 20:00,1329,25.41425511,399.3460727,Active,Manual,0,Critical
03/06/2022 13:00,1513,18.34606792,138.2963342,Sleep,Standby,0,Normal
17/01/2022 19:00,1616,19.5654671,480.2618957,Active,Auto,0,Normal
28/03/2022 07:00,1902,24.26860372,199.1176531,Idle,Standby,0,Normal
18/07/2022 03:00,1945,22.77177624,446.8848246,Active,Manual,0,Normal
24/03/2022 09:00,1086,22.31687468,159.2657188,Sleep,Standby,0,Normal
07/01/2022 14:00,1712,28.73987802,434.2661781,Idle,Manual,0,Warning
14/03/2022 20:00,1029,25.02586361,145.8719795,Active,Manual,1,Normal
02/05/2022 05:00,1210,19.15514051,444.5719482,Idle,Auto,0,Normal
28/05/2022 06:00,1524,21.29794688,323.0289992,Idle,Standby,0,Warning
07/02/2022 14:00,1861,19.39833369,491.9072728,Active,Standby,0,Warning
15/01/2022 16:00,1699,27.19787066,458.3433903,Active,Standby,0,Normal
21/02/2022 06:00,1781,28.35199519,244.868889,Idle,Standby,0,Normal
14/07/2022 14:00,1236,29.70856525,374.3947592,Idle,Standby,0,Normal
31/03/2022 04:00,1486,24.31388607,21.75943424,Idle,Auto,0,Normal
19/01/2022 12:00,1632,28.01043889,322.853135,Idle,Standby,0,Warning
26/07/2022 04:00,1252,19.34481804,379.9295226,Idle,Auto,0,Normal
01/02/2022 10:00,1737,27.12141298,11.11173636,Sleep,Manual,0,Normal
14/03/2022 09:00,1403,27.14188107,363.9864339,Active,Manual,0,Normal
04/05/2022 19:00,1761,18.40716488,375.5837392,Idle,Manual,1,Warning
27/07/2022 11:00,1633,24.07859652,112.5966433,Idle,Auto,0,Normal
02/05/2022 16:00,1625,28.39228683,108.1133258,Active,Standby,0,Normal
13/01/2022 23:00,1988,21.24304698,493.1163255,Idle,Auto,0,Critical
23/01/2022 20:00,1062,18.86907863,270.7111893,Sleep,Auto,0,Normal
18/06/2022 20:00,1822,28.54621787,222.6197355,Active,Manual,0,Normal
18/07/2022 09:00,1387,19.94326218,310.4065609,Active,Auto,0,Normal
24/03/2022 21:00,1980,28.71678977,487.2566089,Idle,Standby,0,Normal
13/01/2022 18:00,1366,19.64866761,384.5349093,Idle,Auto,0,Normal
08/04/2022 07:00,1284,19.19207653,147.5446819,Idle,Standby,0,Normal
29/01/2022 22:00,1792,18.368585,219.8475825,Sleep,Manual,0,Normal
09/04/2022 04:00,1230,26.61306708,244.734884,Sleep,Auto,0,Critical
22/03/2022 07:00,1527,23.30648104,414.2358227,Sleep,Auto,0,Normal
29/01/2022 12:00,1570,21.78372579,273.0525463,Active,Standby,1,Normal
01/02/2022 05:00,1675,22.00009184,256.5933613,Idle,Manual,0,Warning
17/06/2022 00:00,1148,23.02742746,26.80526008,Sleep,Standby,0,Normal
22/02/2022 18:00,1858,19.62327397,294.9526159,Active,Auto,0,Normal
17/05/2022 21:00,1117,24.11928715,267.1986279,Active,Auto,0,Normal
28/05/2022 01:00,1996,29.17682098,418.5652328,Sleep,Auto,0,Normal
04/07/2022 07:00,1384,19.41440445,58.1257013,Sleep,Manual,0,Warning
16/06/2022 00:00,1773,27.86021938,184.6015671,Sleep,Auto,0,Normal
09/05/2022 11:00,1748,22.65633921,267.8847204,Active,Standby,0,Normal
08/05/2022 13:00,1365,22.54953768,304.3598809,Idle,Manual,0,Normal
07/05/2022 01:00,1448,19.58446633,107.0385643,Active,Manual,0,Normal
10/02/2022 10:00,1449,19.84967629,478.2975058,Sleep,Auto,0,Normal
01/01/2022 13:00,1938,26.24012821,286.838294,Idle,Auto,0,Normal
06/02/2022 09:00,1011,28.37190656,247.2674958,Active,Standby,0,Warning
03/02/2022 16:00,1729,21.20544581,194.994328,Active,Auto,0,Normal
14/05/2022 06:00,1219,23.73521353,92.3728035,Active,Manual,0,Normal
22/01/2022 10:00,1683,22.33352346,284.5656747,Sleep,Auto,0,Normal
06/07/2022 08:00,1372,23.66890608,45.94763248,Active,Standby,0,Warning
18/01/2022 01:00,1651,25.60491242,195.48638,Active,Auto,0,Normal
23/05/2022 00:00,1588,20.98222821,245.3114447,Sleep,Auto,0,Warning
30/06/2022 22:00,1169,23.13736275,71.08024613,Sleep,Standby,0,Normal
09/01/2022 15:00,1777,24.97830654,374.4206099,Active,Manual,0,Warning
03/06/2022 19:00,1101,23.57295667,173.4571415,Active,Manual,0,Warning
20/01/2022 02:00,1147,27.32931833,483.0876213,Sleep,Auto,0,Normal
25/05/2022 15:00,1592,26.98960338,189.3186324,Idle,Manual,0,Normal
12/04/2022 06:00,1058,20.15631069,123.8493456,Active,Standby,0,Warning
02/06/2022 09:00,1543,25.07845496,462.4059998,Sleep,Auto,0,Normal
05/01/2022 14:00,1880,19.81895748,276.9699679,Sleep,Manual,0,Normal
11/07/2022 05:00,1583,26.91143157,299.3796801,Idle,Auto,0,Normal
18/06/2022 12:00,1392,24.9227484,189.8134487,Idle,Manual,0,Normal
20/03/2022 11:00,1552,29.60794162,87.02975349,Sleep,Standby,0,Normal
13/03/2022 09:00,1503,29.75992236,465.1481955,Idle,Manual,0,Normal
14/06/2022 22:00,1302,29.37710604,266.8145648,Sleep,Manual,0,Normal
22/05/2022 15:00,1513,18.93121468,442.9338612,Sleep,Manual,0,Normal
24/01/2022 00:00,1982,23.86502195,466.8011405,Idle,Auto,0,Normal
01/03/2022 23:00,1735,23.91839716,482.7628405,Idle,Auto,1,Normal
05/04/2022 14:00,1522,22.20776936,178.7195032,Idle,Auto,1,Normal
12/05/2022 00:00,1048,26.66000606,234.2935257,Active,Auto,0,Warning
28/04/2022 13:00,1325,28.80062543,389.3271019,Active,Manual,0,Normal
19/07/2022 05:00,1156,29.33359626,84.96761171,Active,Auto,0,Normal
22/03/2022 05:00,1130,25.43452885,185.3097624,Idle,Manual,0,Normal
27/01/2022 10:00,1757,28.17411429,448.8590474,Active,Auto,0,Warning
20/07/2022 05:00,1186,21.82329669,17.01088562,Idle,Standby,0,Normal
14/01/2022 04:00,1978,27.85312457,466.7768718,Sleep,Auto,0,Normal
25/06/2022 17:00,1824,21.05235292,316.9070149,Idle,Manual,0,Normal
15/07/2022 19:00,1241,28.52355012,260.8461025,Active,Auto,1,Normal
25/02/2022 08:00,1529,27.0200443,410.4797852,Active,Standby,0,Normal
18/01/2022 19:00,1672,25.38816171,436.7738025,Sleep,Manual,0,Critical
02/07/2022 06:00,1697,22.02139467,28.74995878,Idle,Standby,0,Normal
05/01/2022 09:00,1745,26.97278814,257.7871371,Active,Manual,0,Critical
07/05/2022 17:00,1462,28.677533,54.85264473,Sleep,Auto,0,Normal
06/01/2022 22:00,1520,22.98178629,48.23914803,Active,Manual,1,Normal
01/04/2022 09:00,1274,28.68467009,261.969784,Active,Manual,0,Normal
25/05/2022 02:00,1702,27.55801193,377.8888204,Sleep,Auto,0,Normal
04/01/2022 17:00,1807,21.32495825,310.3242959,Sleep,Auto,0,Warning
02/05/2022 14:00,1661,22.44041076,226.1500108,Idle,Manual,0,Normal
15/05/2022 21:00,1109,26.83638396,99.68590691,Active,Auto,0,Normal
04/04/2022 09:00,1895,24.61057727,96.5311945,Active,Auto,1,Normal
13/05/2022 06:00,1409,21.50168097,357.4960139,Idle,Auto,0,Normal
23/05/2022 04:00,1017,25.54021439,483.1316728,Idle,Standby,0,Critical
01/04/2022 03:00,1133,21.35817861,208.2681035,Sleep,Manual,0,Warning
20/04/2022 20:00,1210,22.19961002,335.3964844,Active,Auto,0,Normal
23/03/2022 05:00,1072,23.28621154,242.3005475,Idle,Standby,0,Normal
15/03/2022 16:00,1755,20.64879036,137.7593448,Sleep,Manual,0,Warning
28/06/2022 18:00,1297,20.83952405,20.47069326,Active,Standby,0,Normal
05/04/2022 16:00,1178,22.84003965,396.7078985,Active,Auto,0,Warning
01/01/2022 01:00,1630,18.91572977,304.6803425,Idle,Standby,0,Normal
17/05/2022 18:00,1582,29.51090207,248.546648,Idle,Manual,0,Normal
26/07/2022 13:00,1600,24.26585678,137.5719695,Active,Standby,0,Warning
23/03/2022 07:00,1171,24.49216907,422.394609,Sleep,Standby,0,Normal
08/02/2022 23:00,1396,24.57671229,168.1379267,Sleep,Standby,1,Normal
29/06/2022 00:00,1329,24.73896854,150.0066727,Active,Standby,0,Normal
24/04/2022 08:00,1403,21.28318632,381.1243735,Sleep,Auto,0,Normal
05/07/2022 07:00,1032,29.4049564,367.1355775,Sleep,Manual,0,Normal
16/02/2022 05:00,1867,25.77034628,233.7317805,Sleep,Manual,0,Normal
15/06/2022 00:00,1377,24.32993576,154.3882403,Active,Manual,0,Normal
25/01/2022 15:00,1529,23.28116253,207.8723461,Sleep,Manual,1,Normal
12/03/2022 15:00,1492,23.41512761,474.8015399,Active,Auto,0,Normal
24/05/2022 18:00,1190,23.27472484,59.19623413,Active,Manual,0,Normal
03/05/2022 08:00,1771,22.67673959,84.27354478,Idle,Manual,0,Normal
25/06/2022 04:00,1566,20.00402817,287.6543007,Idle,Manual,0,Normal
23/05/2022 03:00,1553,22.21122103,21.91229334,Active,Auto,0,Normal
07/03/2022 16:00,1766,29.63274562,165.1934636,Sleep,Manual,0,Normal
14/06/2022 18:00,1269,20.49690103,347.3467318,Active,Manual,0,Normal
09/01/2022 21:00,1179,28.68203072,44.23056326,Sleep,Standby,0,Normal
02/02/2022 10:00,1892,25.0279454,275.2924336,Idle,Manual,0,Normal
28/02/2022 23:00,1333,27.77868246,480.1894107,Idle,Auto,0,Normal
06/06/2022 15:00,1418,18.2282137,196.7859567,Sleep,Standby,0,Normal
27/03/2022 03:00,1285,22.72998682,201.1233822,Active,Auto,0,Warning
29/04/2022 16:00,1129,29.25068463,344.7387556,Idle,Auto,0,Critical
09/07/2022 01:00,1918,21.68300429,221.869554,Sleep,Manual,0,Normal
27/05/2022 01:00,1913,26.85887461,257.4205843,Idle,Manual,0,Warning
08/06/2022 21:00,1293,21.64024197,94.79412331,Idle,Standby,0,Normal
07/03/2022 07:00,1064,24.1916954,119.3682542,Sleep,Manual,0,Normal
07/01/2022 21:00,1838,28.91349502,460.8199049,Active,Manual,0,Normal
16/07/2022 10:00,1026,27.62477001,193.9215388,Sleep,Manual,0,Normal
28/06/2022 00:00,1252,22.15840212,490.6282596,Sleep,Auto,0,Normal
25/07/2022 06:00,1633,28.32007101,36.6070685,Sleep,Standby,0,Normal
25/02/2022 23:00,1568,18.95389053,116.162343,Active,Manual,0,Normal
25/03/2022 21:00,1861,22.82584846,415.2514525,Sleep,Standby,0,Normal
12/01/2022 09:00,1970,29.8177836,240.1561409,Idle,Standby,0,Normal
03/01/2022 23:00,1033,22.44598984,333.600567,Sleep,Standby,0,Normal
11/06/2022 23:00,1058,25.93889879,127.061309,Idle,Auto,0,Normal
15/02/2022 07:00,1292,20.82468403,270.2621099,Active,Manual,0,Normal
17/01/2022 10:00,1273,20.54975924,264.5213185,Sleep,Auto,0,Warning
25/01/2022 07:00,1987,23.81811861,357.2357882,Active,Auto,0,Normal
26/02/2022 23:00,1537,23.89236133,415.9396708,Sleep,Auto,0,Warning
27/07/2022 19:00,1113,26.66610715,312.8235209,Sleep,Manual,0,Normal
20/06/2022 08:00,1064,23.19849514,456.3607461,Sleep,Auto,0,Normal
17/04/2022 04:00,1135,25.14607724,220.8373656,Sleep,Standby,0,Normal
12/02/2022 05:00,1040,28.50156849,432.2456332,Idle,Standby,0,Normal
24/07/2022 01:00,1442,25.30105566,320.8174414,Idle,Standby,0,Critical
06/05/2022 03:00,1005,28.96871241,481.6287648,Sleep,Auto,0,Warning
19/07/2022 12:00,1607,29.79142799,143.7946103,Idle,Manual,0,Normal
03/07/2022 15:00,1713,26.08157617,226.4159993,Sleep,Auto,0,Normal
28/05/2022 04:00,1141,21.49890557,228.9717384,Idle,Standby,0,Normal
15/03/2022 11:00,1802,26.27986486,313.8729802,Sleep,Standby,0,Normal
20/03/2022 03:00,1986,18.14664429,355.6217074,Idle,Manual,0,Critical
22/02/2022 11:00,1131,18.50107512,219.8973884,Sleep,Manual,0,Warning
08/07/2022 18:00,1933,23.17093911,116.8372869,Sleep,Manual,1,Normal
04/04/2022 21:00,1840,22.60092989,86.95471519,Active,Standby,0,Normal
26/04/2022 21:00,1432,20.09828823,90.25191464,Sleep,Manual,0,Normal
30/05/2022 16:00,1848,20.44530145,292.7998816,Idle,Standby,0,Normal
22/01/2022 22:00,1855,22.10409168,84.39798265,Idle,Manual,0,Critical
27/06/2022 15:00,1246,20.55370064,218.4609091,Sleep,Auto,0,Normal
03/05/2022 18:00,1447,22.56823666,41.23188208,Idle,Auto,0,Critical
16/01/2022 17:00,1369,24.32795995,148.6711087,Sleep,Manual,1,Normal
06/03/2022 23:00,1087,29.73514346,295.1965595,Idle,Manual,0,Normal
09/06/2022 04:00,1575,26.00538238,173.332439,Idle,Standby,0,Normal
23/03/2022 19:00,1399,28.77991513,236.0725255,Active,Auto,0,Critical
17/07/2022 04:00,1544,20.92056041,266.6448051,Idle,Standby,0,Normal
15/01/2022 12:00,1083,22.67700792,15.20661438,Idle,Auto,0,Normal
12/04/2022 10:00,1263,22.13966807,130.4164488,Idle,Standby,0,Normal
04/04/2022 14:00,1209,28.04393776,31.19097783,Idle,Auto,1,Normal
23/06/2022 14:00,1325,23.69883427,276.7392112,Active,Manual,0,Normal
13/03/2022 05:00,1436,21.43013884,465.3071287,Idle,Manual,0,Warning
13/02/2022 18:00,1244,25.63089271,413.6474717,Active,Standby,1,Normal
25/01/2022 14:00,1041,29.17111698,368.3740889,Sleep,Standby,0,Normal
22/01/2022 15:00,1267,25.76658624,28.87966688,Idle,Manual,0,Normal
18/07/2022 00:00,1642,24.00851104,315.6282579,Idle,Auto,0,Normal
29/06/2022 12:00,1423,22.95976918,50.00068975,Idle,Standby,0,Critical
14/04/2022 05:00,1181,19.33507332,476.61963,Active,Manual,0,Normal
15/02/2022 03:00,1047,28.81946922,326.1592769,Sleep,Standby,0,Normal
30/05/2022 12:00,1022,21.8656112,158.8806169,Sleep,Standby,0,Normal
19/07/2022 02:00,1044,25.44066585,27.69552327,Sleep,Auto,0,Normal
07/07/2022 21:00,1636,24.32765793,200.9985862,Idle,Auto,0,Normal
23/02/2022 22:00,1025,25.11413076,253.3840182,Sleep,Auto,0,Warning
17/03/2022 09:00,1882,22.12960359,268.1584792,Idle,Auto,0,Normal
02/02/2022 23:00,1955,28.61051855,146.3408332,Idle,Manual,0,Normal
03/02/2022 00:00,1960,28.45246823,383.5410381,Idle,Manual,0,Normal
21/06/2022 10:00,1837,29.32936481,472.4127768,Idle,Auto,0,Normal
19/03/2022 07:00,1037,27.22137892,321.4271628,Idle,Auto,0,Warning
18/07/2022 05:00,1319,28.49224798,171.1388128,Active,Standby,1,Normal
24/03/2022 12:00,1872,24.65467712,168.9807793,Sleep,Auto,0,Normal
15/05/2022 17:00,1270,26.64414473,436.796796,Sleep,Auto,0,Normal
12/06/2022 20:00,1116,20.47848585,360.6068224,Active,Standby,0,Normal
27/07/2022 16:00,1182,19.74949104,428.1054847,Idle,Auto,0,Normal
19/05/2022 16:00,1822,23.77781269,138.7180668,Sleep,Standby,0,Normal
05/03/2022 18:00,1319,22.41221518,289.1507053,Active,Manual,0,Normal
28/02/2022 18:00,1644,24.30406356,373.0334958,Idle,Auto,0,Normal
28/06/2022 22:00,1255,27.83008414,421.0147416,Idle,Manual,0,Normal
13/07/2022 16:00,1880,25.63267606,467.9051465,Idle,Auto,0,Normal
04/01/2022 11:00,1618,24.40555675,339.6640378,Sleep,Auto,0,Normal
06/02/2022 04:00,1207,19.37595609,218.5078043,Sleep,Auto,0,Normal
08/04/2022 22:00,1697,21.77049574,151.9976694,Sleep,Manual,1,Warning
01/01/2022 20:00,1182,28.02054653,133.4624717,Active,Standby,1,Normal
23/05/2022 16:00,1303,23.65145386,226.2457297,Sleep,Standby,0,Normal
27/04/2022 11:00,1038,28.43680724,280.6448928,Idle,Manual,0,Critical
10/07/2022 12:00,1197,26.96884906,234.0714898,Sleep,Auto,0,Normal
07/03/2022 02:00,1453,20.09479298,10.75445713,Idle,Auto,0,Normal
09/05/2022 21:00,1898,25.99227757,268.3895416,Sleep,Manual,0,Critical
12/05/2022 11:00,1605,21.37488815,363.2381405,Sleep,Manual,0,Normal
10/02/2022 13:00,1965,26.10562696,233.975497,Idle,Standby,0,Normal
13/03/2022 06:00,1814,24.8438732,302.6245085,Idle,Manual,0,Normal
14/05/2022 09:00,1722,28.11820188,367.9738296,Sleep,Auto,0,Normal
02/07/2022 03:00,1078,21.05756379,160.4766076,Idle,Auto,0,Normal
20/07/2022 19:00,1228,20.57376685,35.78463044,Sleep,Standby,0,Normal
15/02/2022 18:00,1505,24.24833092,108.6388961,Idle,Auto,0,Warning
23/06/2022 09:00,1265,19.59032469,322.8884297,Idle,Standby,1,Normal
29/04/2022 12:00,1192,21.89574546,62.6448856,Idle,Manual,1,Normal
06/02/2022 22:00,1312,27.44011674,215.636878,Sleep,Auto,0,Warning
25/07/2022 11:00,1462,22.59424191,283.6089089,Idle,Manual,0,Normal
03/06/2022 06:00,1974,20.77125021,249.8887898,Active,Standby,0,Normal
10/07/2022 20:00,1302,28.11836515,78.12790691,Active,Manual,0,Normal
29/05/2022 14:00,1253,19.70041408,69.11635433,Idle,Auto,0,Normal
03/07/2022 09:00,1512,19.03751623,325.2107227,Idle,Manual,0,Normal
22/01/2022 11:00,1180,18.15056329,173.6674908,Idle,Standby,0,Critical
12/07/2022 12:00,1637,28.70277668,47.69186284,Active,Auto,0,Warning
31/01/2022 17:00,1318,25.37144594,454.0828454,Active,Standby,1,Warning
02/03/2022 13:00,1106,23.70419697,371.87819,Active,Standby,0,Normal
15/06/2022 11:00,1282,18.79976739,303.4852479,Active,Manual,0,Normal
15/07/2022 20:00,1147,21.11719488,47.87297576,Idle,Manual,0,Normal
15/04/2022 10:00,1357,28.8427279,167.3037115,Sleep,Auto,0,Normal
05/05/2022 18:00,1267,29.97027761,265.9442961,Idle,Standby,0,Normal
30/03/2022 14:00,1222,28.95695877,465.5154299,Active,Standby,0,Normal
02/05/2022 22:00,1543,26.70335971,241.4011024,Sleep,Standby,0,Normal
17/07/2022 17:00,1576,24.16485883,482.5176551,Sleep,Standby,0,Normal
07/02/2022 18:00,1637,28.38850627,137.6336547,Active,Auto,0,Warning
01/06/2022 23:00,1493,26.39184965,361.8959397,Sleep,Manual,0,Normal
12/02/2022 22:00,1968,25.14350377,126.2351266,Idle,Auto,0,Normal
15/04/2022 11:00,1372,27.13008887,425.331945,Sleep,Standby,0,Normal
12/04/2022 04:00,1419,24.98478381,281.4537746,Active,Auto,0,Warning
09/02/2022 11:00,1915,29.70369918,183.6718811,Active,Manual,0,Normal
08/06/2022 14:00,1203,18.35912164,290.4325312,Idle,Standby,0,Normal
18/07/2022 02:00,1826,20.74671949,48.67571109,Active,Standby,0,Normal
30/01/2022 19:00,1269,28.69568992,383.1457246,Active,Auto,0,Critical
18/06/2022 23:00,1125,27.91286568,213.5520924,Idle,Manual,0,Warning
29/01/2022 14:00,1907,27.82821599,260.5015264,Sleep,Standby,0,Normal
30/01/2022 07:00,1255,22.85377994,415.5438821,Sleep,Manual,0,Critical
20/05/2022 05:00,1207,25.16336206,33.55969589,Idle,Standby,0,Normal
09/04/2022 01:00,1771,29.73600894,355.0989221,Idle,Auto,0,Normal
05/04/2022 01:00,1091,20.8618052,436.752263,Idle,Auto,0,Warning
28/05/2022 23:00,1875,26.37585646,17.21936547,Active,Standby,0,Normal
20/01/2022 17:00,1282,28.59099919,184.4301222,Active,Manual,1,Normal
01/01/2022 21:00,1591,21.19739758,437.8425518,Idle,Standby,0,Normal
25/04/2022 16:00,1068,27.03563566,13.50706192,Idle,Auto,0,Normal
06/02/2022 21:00,1877,26.59379856,321.6198606,Sleep,Standby,0,Normal
13/04/2022 00:00,1152,21.72769255,25.86682638,Active,Auto,0,Normal
08/02/2022 05:00,1191,23.83579962,210.3515464,Idle,Standby,0,Normal
06/06/2022 13:00,1561,28.45297359,466.8841833,Idle,Standby,0,Normal
06/06/2022 07:00,1404,27.29719663,241.1997513,Active,Auto,0,Warning
04/04/2022 07:00,1767,22.5827839,354.5204912,Sleep,Auto,0,Normal
10/06/2022 04:00,1912,24.71412031,322.0405259,Idle,Standby,0,Normal
22/05/2022 11:00,1531,27.22568514,274.6635531,Idle,Manual,0,Normal
22/02/2022 17:00,1638,22.52598611,167.324026,Idle,Auto,0,Normal
21/01/2022 03:00,1380,21.79070591,140.113926,Idle,Standby,0,Normal
30/06/2022 17:00,1126,21.79489491,177.0201743,Active,Manual,0,Normal
04/05/2022 11:00,1778,19.34479382,278.3252928,Idle,Auto,0,Normal
20/02/2022 19:00,1574,29.04716121,298.0751191,Sleep,Auto,0,Normal
12/01/2022 13:00,1054,25.08297644,115.5906082,Sleep,Manual,0,Normal
11/02/2022 04:00,1118,20.56831394,134.765464,Idle,Manual,0,Normal
28/03/2022 20:00,1349,24.47277772,200.2417516,Idle,Auto,0,Normal
21/02/2022 21:00,1178,23.32147033,25.47628114,Sleep,Manual,0,Critical
10/04/2022 06:00,1795,22.81719701,90.23906204,Sleep,Auto,0,Normal
24/01/2022 19:00,1940,22.44563923,319.7584441,Active,Manual,0,Normal
01/03/2022 19:00,1065,19.61346822,14.58969018,Active,Manual,0,Normal
11/02/2022 09:00,1902,28.59516926,71.68469036,Idle,Auto,0,Warning
13/06/2022 18:00,1396,26.78816053,328.8405584,Sleep,Standby,0,Normal
24/05/2022 15:00,1130,24.17263598,255.2693548,Active,Standby,0,Normal
25/01/2022 09:00,1224,24.02958753,184.3855325,Active,Standby,0,Normal
02/06/2022 10:00,1485,18.41784564,26.79451577,Sleep,Manual,0,Normal
15/04/2022 18:00,1161,21.27028288,150.0577172,Idle,Auto,0,Normal
26/02/2022 05:00,1866,25.85436623,62.5305162,Idle,Manual,0,Normal
11/02/2022 23:00,1046,26.89630805,424.5096643,Active,Manual,0,Normal
29/01/2022 02:00,1125,29.65634737,171.5183037,Sleep,Standby,0,Normal
11/04/2022 12:00,1157,26.62755495,303.9266925,Sleep,Standby,0,Normal
01/05/2022 23:00,1989,21.4675568,110.3002223,Sleep,Manual,1,Normal
19/01/2022 15:00,1636,20.20145647,376.5648768,Idle,Auto,0,Normal
09/06/2022 18:00,1917,18.19302419,140.9800723,Active,Manual,0,Normal
06/06/2022 14:00,1377,24.0849291,22.66137661,Active,Standby,0,Normal
04/06/2022 07:00,1053,20.68113629,75.75023011,Sleep,Auto,0,Normal
15/01/2022 23:00,1529,19.25486723,190.6783766,Idle,Manual,0,Normal
28/03/2022 00:00,1456,23.91426361,439.4783264,Sleep,Auto,0,Normal
05/07/2022 09:00,1875,27.65684983,343.8112744,Idle,Standby,0,Normal
08/06/2022 18:00,1104,19.47292544,204.4154665,Idle,Standby,0,Normal
12/03/2022 10:00,1758,21.67093227,224.1333722,Active,Manual,0,Normal
30/06/2022 06:00,1501,28.77531741,433.4408272,Idle,Manual,0,Warning
06/03/2022 12:00,1605,18.67302627,352.1556811,Active,Auto,0,Normal
21/02/2022 23:00,1691,24.30314505,459.3656273,Sleep,Auto,0,Normal
24/03/2022 17:00,1554,20.68781824,352.6324809,Idle,Auto,0,Normal
13/01/2022 06:00,1317,28.57612863,82.48137679,Idle,Standby,0,Normal
06/03/2022 11:00,1465,18.13675729,440.7120069,Idle,Auto,0,Warning
25/03/2022 20:00,1265,21.50046933,347.8758869,Idle,Auto,0,Normal
25/01/2022 12:00,1869,19.84007985,180.7914271,Active,Auto,0,Critical
19/05/2022 17:00,1233,29.06951626,180.184031,Active,Manual,0,Normal
11/04/2022 03:00,1194,28.06511592,343.7886256,Sleep,Standby,0,Normal
30/03/2022 17:00,1931,29.09649295,155.3332133,Idle,Auto,0,Normal
02/07/2022 20:00,1248,19.21632774,397.5253325,Sleep,Standby,0,Normal
11/04/2022 10:00,1330,21.13140822,305.4062882,Idle,Auto,0,Normal
24/04/2022 07:00,1775,26.31173025,206.9667031,Active,Standby,0,Warning
18/01/2022 17:00,1816,25.30576683,406.7945879,Idle,Manual,0,Normal
18/04/2022 14:00,1268,23.20063076,293.5795581,Idle,Auto,0,Normal
13/02/2022 22:00,1383,25.06075381,315.3390261,Active,Standby,0,Normal
15/06/2022 06:00,1244,20.85724612,499.6919297,Active,Manual,0,Warning
10/07/2022 02:00,1725,24.96607163,161.6729909,Sleep,Auto,0,Warning
24/01/2022 04:00,1866,27.12052994,228.9306877,Idle,Manual,0,Normal
01/07/2022 14:00,1999,26.16964715,462.0993564,Idle,Auto,0,Warning
14/06/2022 02:00,1048,21.9966623,339.3929163,Sleep,Standby,0,Warning
16/07/2022 08:00,1946,18.68004409,119.2286713,Active,Standby,1,Normal
13/04/2022 21:00,1264,19.86060016,120.0327104,Sleep,Auto,0,Normal
16/07/2022 06:00,1865,25.79027689,197.6237458,Active,Auto,0,Warning
15/01/2022 19:00,1965,18.43304005,348.630584,Sleep,Manual,0,Normal
19/02/2022 17:00,1003,21.37961209,423.1846306,Active,Auto,0,Warning
13/03/2022 12:00,1683,29.68947309,341.9047247,Idle,Standby,0,Normal
23/05/2022 08:00,1758,29.17241939,196.363676,Sleep,Standby,1,Normal
19/04/2022 12:00,1176,20.36695748,347.7732905,Sleep,Standby,1,Warning
22/06/2022 01:00,1003,21.68533308,70.84343819,Active,Manual,0,Normal
28/04/2022 20:00,1509,21.67662658,252.7926487,Active,Auto,0,Normal
13/03/2022 00:00,1634,26.50393131,440.111224,Sleep,Standby,0,Critical
30/04/2022 07:00,1420,27.28111984,314.212871,Sleep,Standby,0,Normal
20/04/2022 02:00,1902,22.56054988,82.76043658,Active,Auto,1,Normal
11/04/2022 00:00,1503,27.7777281,439.1942899,Sleep,Auto,0,Warning
31/03/2022 03:00,1180,29.85997567,47.09672023,Active,Standby,0,Normal
15/05/2022 23:00,1224,23.30368679,47.7638935,Active,Standby,0,Normal
10/04/2022 07:00,1914,29.36430771,454.422949,Active,Standby,0,Normal
15/05/2022 02:00,1100,29.11550715,291.828723,Sleep,Auto,0,Normal
13/06/2022 23:00,1996,26.30582361,267.7604143,Active,Standby,0,Warning
23/02/2022 13:00,1700,28.96056828,173.1776092,Idle,Auto,0,Normal
08/06/2022 04:00,1177,24.9539638,491.3544456,Sleep,Standby,0,Critical
23/07/2022 22:00,1433,25.25208428,453.1099119,Idle,Auto,0,Normal
06/07/2022 04:00,1525,24.55267173,497.3950323,Sleep,Manual,0,Normal
28/03/2022 23:00,1194,26.01497561,71.24907588,Sleep,Manual,1,Warning
20/03/2022 17:00,1048,24.46639059,74.85511,Sleep,Standby,0,Normal
12/07/2022 14:00,1960,19.70606082,51.9542556,Idle,Standby,1,Normal
08/03/2022 07:00,1105,27.96518118,191.5841171,Idle,Standby,0,Normal
26/02/2022 02:00,1659,24.40341057,49.51151473,Sleep,Manual,0,Normal
04/07/2022 15:00,1770,22.38587703,272.3679664,Idle,Auto,0,Normal
01/04/2022 02:00,1700,26.01988103,400.3124855,Active,Manual,0,Normal
10/04/2022 20:00,1736,24.3324963,372.6344336,Sleep,Manual,1,Normal
18/07/2022 16:00,1256,29.75581639,309.2413872,Active,Auto,0,Warning
05/04/2022 15:00,1607,25.97805046,14.0421644,Sleep,Manual,0,Normal
07/07/2022 02:00,1213,19.87668772,75.46137256,Sleep,Auto,0,Normal
10/05/2022 15:00,1465,19.80866242,199.7342442,Idle,Standby,0,Normal
17/02/2022 09:00,1690,24.46798997,136.9531747,Active,Manual,0,Normal
12/06/2022 07:00,1549,25.33082096,294.1985719,Active,Manual,0,Normal
10/02/2022 12:00,1870,19.20659347,390.5913441,Sleep,Auto,0,Normal
03/02/2022 03:00,1905,21.08766922,44.8953741,Idle,Manual,0,Normal
06/05/2022 20:00,1929,19.2454405,361.5908056,Sleep,Auto,0,Critical
13/03/2022 07:00,1881,24.32603216,419.0222234,Idle,Manual,0,Normal
22/05/2022 03:00,1731,24.28245477,292.0035119,Sleep,Auto,0,Normal
02/01/2022 12:00,1527,21.25380235,427.2208003,Active,Standby,0,Normal
19/01/2022 21:00,1419,21.48897724,327.0809645,Active,Manual,0,Normal
08/02/2022 01:00,1249,25.33601097,20.01917127,Sleep,Manual,0,Normal
20/06/2022 01:00,1110,20.59530105,405.6431941,Idle,Manual,0,Normal
19/02/2022 23:00,1308,27.70071204,178.7388788,Idle,Standby,1,Normal
23/02/2022 02:00,1154,25.5220614,63.58135215,Idle,Manual,0,Normal
09/04/2022 23:00,1996,20.94831429,28.36434164,Idle,Standby,0,Warning
02/01/2022 13:00,1475,24.4657736,98.48596766,Active,Standby,0,Normal
10/02/2022 14:00,1235,21.51992133,107.4997083,Idle,Standby,0,Normal
14/05/2022 03:00,1630,21.46309247,413.4938177,Sleep,Standby,0,Warning
10/02/2022 23:00,1488,27.76638339,415.046923,Idle,Auto,0,Warning
12/06/2022 16:00,1825,27.62853629,459.3178192,Active,Standby,0,Warning
19/06/2022 13:00,1982,22.07634367,488.9506839,Idle,Standby,0,Normal
01/03/2022 02:00,1284,19.95731273,467.174326,Sleep,Manual,0,Normal
19/05/2022 20:00,1632,20.55990623,249.6300308,Sleep,Standby,0,Normal
07/03/2022 00:00,1539,22.22849396,292.5847683,Active,Auto,0,Normal
02/01/2022 15:00,1099,27.84852174,102.8254189,Active,Manual,0,Normal
03/03/2022 22:00,1152,18.03838035,169.1846022,Idle,Standby,0,Normal
11/06/2022 19:00,1073,25.08437915,311.4093996,Idle,Auto,0,Normal
08/01/2022 01:00,1965,29.61485021,328.1256486,Sleep,Manual,0,Normal
26/02/2022 11:00,1482,21.60349496,333.75261,Idle,Standby,0,Normal
27/04/2022 01:00,1442,26.52333076,20.54282921,Idle,Manual,0,Normal
01/06/2022 08:00,1176,18.22965436,490.3221098,Idle,Manual,0,Normal
17/07/2022 20:00,1856,20.76197431,343.3938837,Active,Manual,0,Normal
16/06/2022 20:00,1603,26.83247005,153.3912617,Sleep,Standby,0,Normal
22/04/2022 18:00,1842,23.45296106,386.3017944,Active,Auto,0,Normal
16/07/2022 00:00,1020,21.58017513,464.981927,Idle,Auto,0,Warning
17/06/2022 17:00,1014,24.36989568,431.8478552,Active,Standby,0,Normal
10/03/2022 08:00,1693,22.35290216,164.3614017,Active,Auto,0,Normal
23/02/2022 18:00,1088,22.81316353,21.89094339,Active,Standby,0,Normal
27/02/2022 12:00,1687,21.99919531,63.06957558,Sleep,Standby,0,Normal
22/03/2022 13:00,1028,18.98567188,249.0841237,Active,Auto,0,Normal
25/01/2022 03:00,1650,24.26312346,276.9115272,Idle,Standby,0,Normal
25/06/2022 20:00,1364,25.54989538,218.2209759,Sleep,Auto,0,Normal
12/05/2022 16:00,1050,24.98510436,396.9281384,Idle,Auto,0,Normal
26/03/2022 14:00,1966,21.26990706,369.1210238,Idle,Standby,0,Warning
07/02/2022 04:00,1169,29.9954748,290.4275527,Active,Auto,0,Normal
14/06/2022 15:00,1079,29.32668565,214.8941768,Sleep,Auto,0,Warning
02/02/2022 12:00,1465,27.95346063,167.257146,Active,Auto,0,Normal
07/01/2022 15:00,1440,29.92686693,461.8913088,Active,Manual,0,Normal
01/01/2022 02:00,1653,24.20869125,337.4128261,Active,Auto,0,Normal
05/04/2022 07:00,1650,27.85028455,55.36953188,Active,Manual,0,Normal
15/05/2022 00:00,1569,24.10510754,455.5044323,Active,Auto,0,Normal
29/03/2022 21:00,1504,23.66399237,426.7394013,Sleep,Manual,0,Normal
05/02/2022 09:00,1737,22.8667664,348.70781,Active,Auto,1,Normal
25/04/2022 01:00,1229,23.78282728,412.1549482,Idle,Standby,0,Normal
13/04/2022 18:00,1298,25.95341094,222.1276368,Active,Auto,0,Normal
02/06/2022 02:00,1918,19.5823486,308.587609,Sleep,Standby,0,Normal
08/03/2022 12:00,1982,22.21990002,38.0306237,Active,Standby,0,Normal
16/03/2022 00:00,1390,22.47545703,164.9851698,Idle,Standby,0,Normal
21/03/2022 17:00,1320,28.81563629,348.2894218,Sleep,Standby,1,Normal
13/02/2022 11:00,1773,22.24502987,114.5562219,Sleep,Auto,0,Warning
16/07/2022 09:00,1909,27.10693628,389.996585,Sleep,Standby,0,Normal
06/03/2022 08:00,1064,18.83471655,250.9868119,Idle,Manual,0,Warning
25/04/2022 00:00,1900,29.04370232,15.2201747,Idle,Manual,0,Normal
04/06/2022 10:00,1672,21.56410791,493.4611953,Sleep,Manual,0,Normal
12/07/2022 09:00,1004,28.37948875,174.7331783,Sleep,Standby,0,Normal
03/01/2022 05:00,1683,24.28859938,282.0248439,Sleep,Manual,1,Normal
16/03/2022 20:00,1354,27.9983848,415.3218652,Active,Standby,0,Normal
21/03/2022 15:00,1220,19.87801067,146.1329747,Active,Auto,0,Normal
07/04/2022 02:00,1256,26.36155152,225.5283369,Idle,Auto,0,Warning
17/04/2022 09:00,1133,29.85386295,90.22699625,Active,Standby,0,Normal
27/04/2022 16:00,1092,19.12254784,193.1921614,Idle,Manual,0,Normal
20/06/2022 06:00,1580,22.451389,224.3404797,Active,Manual,0,Normal
21/06/2022 23:00,1046,20.41330611,489.990627,Active,Standby,0,Normal
04/02/2022 08:00,1162,25.19733578,52.22074433,Idle,Manual,0,Warning
17/07/2022 05:00,1888,22.47204252,47.99218468,Active,Auto,0,Normal
13/05/2022 10:00,1221,23.14208622,435.0431205,Idle,Manual,0,Normal
22/05/2022 17:00,1140,25.37559131,185.2712592,Active,Manual,0,Warning
27/02/2022 21:00,1261,28.47530726,73.39121138,Active,Standby,0,Normal
29/05/2022 12:00,1573,22.95249112,145.6887481,Sleep,Auto,0,Normal
23/07/2022 04:00,1402,26.38421177,429.4535228,Sleep,Standby,0,Warning
06/02/2022 20:00,1402,18.12156792,388.1458579,Idle,Standby,0,Normal
08/06/2022 13:00,1769,19.02080546,191.3540889,Sleep,Manual,0,Normal
08/03/2022 23:00,1678,23.84349178,326.8710129,Sleep,Standby,0,Normal
08/03/2022 10:00,1968,27.69037612,233.930422,Sleep,Auto,1,Warning
02/02/2022 03:00,1893,23.42496627,117.4893608,Sleep,Standby,0,Warning
19/04/2022 19:00,1519,20.7298479,450.2069819,Idle,Manual,0,Warning
14/07/2022 05:00,1388,19.10107261,465.9466089,Idle,Manual,0,Normal
05/04/2022 17:00,1231,25.17662974,137.9888099,Idle,Standby,0,Critical
19/03/2022 20:00,1175,27.35297015,403.408563,Sleep,Auto,0,Normal
15/02/2022 05:00,1645,19.24296091,247.6623311,Active,Standby,0,Warning
01/01/2022 10:00,1965,24.57055109,92.7643196,Active,Standby,0,Warning
31/05/2022 11:00,1396,22.98270858,32.17992827,Sleep,Auto,0,Normal
25/02/2022 05:00,1402,18.37424205,88.91756791,Idle,Manual,0,Critical
22/05/2022 06:00,1990,24.49986013,416.1988282,Sleep,Manual,0,Normal
02/03/2022 23:00,1186,27.26879189,257.0024847,Idle,Manual,0,Warning
03/02/2022 14:00,1997,23.87981189,491.1169589,Active,Manual,0,Normal
27/06/2022 12:00,1750,20.19776405,454.7175086,Sleep,Manual,0,Normal
16/06/2022 01:00,1934,29.97531016,184.4368659,Sleep,Auto,0,Normal
07/06/2022 03:00,1755,24.5154725,265.20482,Idle,Standby,0,Normal
29/03/2022 20:00,1822,26.84103659,27.32019972,Active,Standby,0,Normal
26/06/2022 11:00,1154,27.1592338,425.0902632,Active,Manual,0,Warning
26/07/2022 12:00,1412,22.26970192,165.5559593,Active,Manual,0,Normal
04/04/2022 02:00,1617,23.16417755,445.0760213,Active,Auto,0,Normal
14/05/2022 19:00,1939,26.90079562,433.3975032,Sleep,Standby,0,Normal
10/02/2022 03:00,1762,21.54312621,193.8157012,Active,Standby,0,Normal
23/05/2022 07:00,1623,18.88003524,368.4933009,Idle,Standby,0,Normal
06/06/2022 09:00,1722,24.34532148,429.7245324,Active,Standby,0,Normal
17/01/2022 14:00,1847,21.18951709,44.60291805,Sleep,Auto,0,Normal
20/04/2022 16:00,1945,28.59451601,447.0479387,Idle,Manual,0,Warning
22/07/2022 03:00,1946,19.84898601,313.7877419,Active,Auto,0,Normal
05/05/2022 20:00,1538,21.31697469,31.56684728,Idle,Standby,0,Normal
30/01/2022 08:00,1147,29.18599676,14.56570645,Active,Manual,0,Normal
18/01/2022 23:00,1346,25.92259837,494.48942,Active,Manual,0,Normal
13/01/2022 04:00,1241,26.70837042,439.7175611,Active,Manual,0,Normal
22/07/2022 19:00,1187,22.48027288,48.64819319,Idle,Manual,0,Normal
07/01/2022 01:00,1337,27.52058527,452.0616663,Idle,Auto,0,Normal
03/07/2022 01:00,1395,21.58862041,93.75317229,Sleep,Standby,0,Normal
26/03/2022 17:00,1756,21.98358461,137.6729482,Idle,Auto,0,Warning
28/06/2022 11:00,1726,18.95029598,33.37805782,Active,Standby,0,Warning
18/02/2022 13:00,1212,21.96714515,63.05307869,Active,Standby,0,Normal
26/05/2022 20:00,1696,26.17546618,328.3638572,Idle,Standby,0,Normal
27/03/2022 10:00,1623,28.12784492,394.2694109,Idle,Manual,0,Warning
20/04/2022 08:00,1925,21.68705041,414.2378239,Active,Auto,0,Normal
02/07/2022 10:00,1046,22.97816333,220.3798915,Active,Manual,0,Normal
15/01/2022 03:00,1570,19.23109994,442.7816326,Sleep,Manual,0,Normal
11/06/2022 15:00,1710,22.86247199,161.7556734,Active,Manual,0,Critical
13/07/2022 00:00,1240,20.14721927,106.6294894,Active,Auto,0,Normal
04/05/2022 21:00,1509,23.37971544,332.532011,Idle,Manual,0,Normal
12/01/2022 01:00,1625,19.10200759,491.5311599,Sleep,Manual,0,Normal
12/04/2022 00:00,1235,26.74654539,235.4944678,Idle,Manual,0,Normal
22/02/2022 14:00,1676,27.90339481,54.21792769,Active,Manual,0,Warning
15/03/2022 19:00,1437,29.09663521,226.6330237,Idle,Standby,0,Normal
27/05/2022 07:00,1214,25.42679387,90.50003798,Idle,Manual,0,Warning
12/01/2022 07:00,1230,21.3650664,258.641567,Sleep,Auto,1,Normal
30/01/2022 00:00,1764,29.02023381,260.3173018,Sleep,Standby,0,Normal
01/02/2022 03:00,1520,27.22278122,374.020909,Sleep,Manual,0,Normal
11/01/2022 04:00,1386,24.78287771,84.20179753,Active,Standby,0,Normal
14/01/2022 05:00,1160,27.93825293,72.38546341,Idle,Standby,0,Warning
20/01/2022 20:00,1994,18.28914004,184.1798146,Active,Manual,0,Normal
26/03/2022 16:00,1349,24.80880875,235.2489618,Active,Standby,0,Normal
09/02/2022 21:00,1194,29.27727444,269.0586049,Idle,Standby,0,Normal
09/06/2022 00:00,1235,22.24856429,467.6971429,Sleep,Auto,0,Normal
03/02/2022 21:00,1949,22.79063939,486.8759523,Sleep,Manual,0,Normal
08/07/2022 20:00,1762,20.02810566,227.9751741,Idle,Standby,0,Normal
21/03/2022 18:00,1547,27.17321056,385.8666126,Sleep,Manual,0,Warning
11/07/2022 18:00,1712,22.94824971,332.7622184,Active,Standby,0,Warning
26/05/2022 07:00,1966,29.60538495,480.8358472,Idle,Manual,0,Normal
24/02/2022 01:00,1636,20.71878793,38.6317941,Active,Manual,0,Normal
17/06/2022 22:00,1456,22.86451433,467.1526985,Sleep,Auto,0,Normal
17/03/2022 04:00,1525,23.89499849,486.2739634,Active,Standby,0,Normal
01/02/2022 14:00,1359,29.61812226,454.6864271,Idle,Standby,0,Normal
11/01/2022 10:00,1031,29.43643867,276.2835888,Active,Auto,0,Normal
13/04/2022 13:00,1541,27.13569362,244.1148628,Active,Standby,0,Warning
23/01/2022 17:00,1049,29.70073868,230.5103355,Active,Manual,0,Normal
16/05/2022 01:00,1784,18.10574996,432.5995517,Sleep,Standby,0,Warning
31/01/2022 18:00,1231,25.95793424,141.4940398,Sleep,Manual,0,Critical
13/01/2022 22:00,1582,21.62674532,329.0652828,Sleep,Standby,0,Normal
07/06/2022 12:00,1709,22.97328887,409.3701332,Idle,Standby,0,Normal
03/05/2022 13:00,1267,20.14146725,368.9346005,Sleep,Manual,0,Normal
17/02/2022 03:00,1049,19.85517513,54.11459332,Idle,Manual,0,Normal
02/03/2022 09:00,1330,27.28909261,356.5043849,Sleep,Standby,0,Normal
24/07/2022 23:00,1808,21.21728634,479.2764754,Idle,Auto,0,Normal
01/01/2022 15:00,1669,20.16198016,456.1864105,Active,Standby,0,Warning
15/05/2022 16:00,1385,27.95651567,204.7021984,Active,Auto,0,Normal
26/04/2022 09:00,1563,24.50366076,109.9484268,Active,Manual,0,Normal
25/05/2022 12:00,1535,21.1378703,312.9146482,Active,Auto,0,Normal
08/02/2022 08:00,1137,24.11842822,370.3620866,Idle,Standby,0,Normal
07/05/2022 05:00,1570,19.65846661,387.4736718,Idle,Manual,0,Normal
27/02/2022 04:00,1781,26.86779213,464.1169158,Active,Auto,0,Normal
30/05/2022 11:00,1791,28.50560044,324.3547378,Idle,Manual,0,Normal
17/04/2022 00:00,1997,23.1362312,189.3387823,Idle,Standby,0,Normal
30/05/2022 22:00,1487,21.66689181,399.9667768,Sleep,Auto,0,Critical
02/01/2022 14:00,1216,23.14303281,490.0253573,Active,Standby,0,Normal
16/01/2022 03:00,1605,23.94645096,309.751536,Active,Standby,0,Normal
20/06/2022 21:00,1882,22.13657154,406.7845646,Idle,Standby,0,Normal
08/01/2022 14:00,1243,19.83259694,481.1023525,Sleep,Standby,0,Normal
07/05/2022 09:00,1359,29.55068671,389.4534393,Active,Auto,0,Normal
05/05/2022 07:00,1282,19.92966969,391.7276683,Idle,Standby,0,Normal
19/02/2022 18:00,1803,28.13307378,162.1112543,Idle,Auto,0,Normal
29/04/2022 20:00,1970,29.99161514,21.2721059,Sleep,Manual,0,Normal
09/07/2022 06:00,1439,26.26768971,89.8026369,Idle,Standby,1,Normal
16/02/2022 17:00,1862,18.93605288,128.8531599,Active,Manual,0,Normal
04/04/2022 03:00,1509,27.67294235,340.6129347,Active,Manual,0,Normal
22/04/2022 03:00,1676,27.12744213,130.1348329,Active,Manual,1,Normal
04/06/2022 03:00,1598,26.40178189,486.5770976,Sleep,Standby,0,Normal
15/05/2022 07:00,1057,20.64979221,52.80238968,Idle,Auto,0,Normal
19/02/2022 06:00,1714,26.35852733,377.0183497,Active,Standby,1,Warning
24/06/2022 08:00,1245,18.79618835,333.9254419,Active,Standby,0,Warning
28/06/2022 21:00,1979,25.12722801,385.0113109,Sleep,Standby,0,Normal
26/01/2022 14:00,1496,20.37426872,20.14341368,Active,Standby,0,Normal
24/07/2022 12:00,1104,19.10852384,473.4754479,Idle,Standby,0,Normal
03/03/2022 02:00,1180,28.36588527,140.0801625,Idle,Auto,0,Normal
17/01/2022 17:00,1968,24.96826862,401.6458199,Idle,Standby,0,Normal
07/05/2022 18:00,1058,21.53469029,145.572665,Active,Manual,0,Normal
08/02/2022 22:00,1584,25.06930125,283.1393075,Active,Standby,0,Critical
11/04/2022 19:00,1833,24.72315804,140.7379313,Sleep,Auto,0,Normal
22/07/2022 12:00,1325,29.37524124,198.6883872,Active,Standby,0,Warning
24/07/2022 14:00,1880,21.89188995,200.4499958,Active,Manual,0,Normal
21/04/2022 01:00,1605,20.97676932,446.7326275,Active,Manual,0,Normal
17/06/2022 09:00,1497,29.22656763,473.8220021,Sleep,Manual,0,Normal
31/01/2022 06:00,1454,25.6230931,178.7220964,Sleep,Auto,0,Normal
04/02/2022 10:00,1528,19.33922471,341.4493734,Active,Auto,0,Normal
05/03/2022 09:00,1075,29.04770656,254.3854786,Active,Manual,0,Warning
22/07/2022 08:00,1279,25.78685098,390.5790173,Sleep,Standby,0,Normal
03/05/2022 02:00,1566,23.38851955,180.5366786,Active,Manual,0,Normal
06/01/2022 16:00,1371,21.40073733,391.8876711,Idle,Manual,0,Normal
30/05/2022 14:00,1911,18.89843849,462.6462389,Idle,Manual,0,Normal
27/01/2022 04:00,1203,25.64512424,272.4749509,Idle,Manual,0,Normal
14/01/2022 22:00,1192,27.10028399,269.4841998,Active,Standby,0,Normal
17/01/2022 06:00,1880,26.46542732,438.5368654,Idle,Standby,0,Warning
02/07/2022 19:00,1838,27.06603097,421.3099676,Active,Auto,0,Normal
24/07/2022 08:00,1867,27.73185832,235.5457733,Active,Standby,0,Normal
09/06/2022 16:00,1678,26.04824075,263.8998557,Idle,Standby,0,Warning
17/03/2022 17:00,1489,23.20541194,445.9133505,Active,Auto,0,Normal
17/01/2022 16:00,1694,24.87165272,323.9436996,Idle,Standby,0,Normal
30/01/2022 14:00,1625,23.63743949,345.7135258,Sleep,Auto,0,Normal
13/02/2022 07:00,1297,19.93987541,17.51579308,Active,Standby,0,Normal
16/06/2022 05:00,1870,28.16126681,406.5170444,Idle,Manual,0,Normal
20/05/2022 23:00,1788,19.65143364,27.50392067,Active,Standby,1,Normal
02/01/2022 22:00,1467,29.1262055,356.5252727,Active,Auto,0,Normal
07/03/2022 01:00,1799,19.72016309,233.4551149,Sleep,Auto,0,Warning
19/07/2022 23:00,1907,28.86241219,164.0613566,Idle,Auto,0,Normal
01/06/2022 18:00,1248,19.57681564,144.2279329,Idle,Manual,0,Normal
05/06/2022 06:00,1523,24.79941319,320.7044483,Idle,Manual,0,Normal
27/07/2022 14:00,1142,19.17977386,339.2443241,Sleep,Standby,0,Normal
16/02/2022 08:00,1458,27.23864597,481.4639993,Idle,Manual,0,Normal
15/04/2022 17:00,1538,29.11547385,348.0453552,Idle,Standby,0,Normal
31/05/2022 08:00,1770,23.25840311,230.0017318,Active,Manual,0,Normal
20/02/2022 23:00,1330,29.61998338,206.7077235,Sleep,Manual,0,Normal
19/06/2022 04:00,1863,28.82324074,145.4958659,Sleep,Standby,0,Normal
06/05/2022 23:00,1388,21.45654301,301.3741458,Sleep,Standby,0,Normal
11/04/2022 21:00,1782,22.80726459,456.3485245,Sleep,Manual,0,Normal
04/03/2022 20:00,1335,23.20338353,119.0923349,Sleep,Standby,0,Normal
14/03/2022 22:00,1920,23.82331381,130.7213289,Idle,Auto,1,Normal
21/07/2022 13:00,1794,28.75721652,441.8441742,Active,Manual,0,Normal
20/06/2022 16:00,1824,22.05000936,327.0423577,Sleep,Auto,1,Normal
16/03/2022 23:00,1880,27.74448206,272.1444159,Idle,Standby,0,Normal
15/01/2022 02:00,1311,29.32205406,446.9586627,Idle,Auto,0,Normal
09/01/2022 23:00,1722,25.5704813,236.8154223,Sleep,Auto,0,Normal
02/06/2022 15:00,1166,19.82093801,143.7041045,Idle,Manual,0,Normal
25/02/2022 21:00,1329,29.03764584,466.9074567,Active,Manual,0,Normal
01/01/2022 11:00,1714,20.65054959,446.0907988,Idle,Auto,0,Normal
05/03/2022 08:00,1083,20.77395262,421.4752712,Sleep,Manual,0,Normal
01/06/2022 16:00,1723,22.26467755,147.310058,Sleep,Auto,0,Normal
14/06/2022 01:00,1067,26.6259087,139.4079214,Idle,Standby,0,Normal
04/07/2022 11:00,1981,25.29800896,67.35486258,Active,Auto,0,Normal
06/05/2022 04:00,1080,29.54657109,343.1096387,Sleep,Manual,0,Normal
30/04/2022 08:00,1020,20.52686114,469.5494572,Idle,Standby,0,Normal
10/05/2022 19:00,1158,24.74254557,313.2873365,Idle,Standby,0,Normal
21/07/2022 16:00,1584,28.78433351,155.9359896,Idle,Manual,0,Normal
07/04/2022 18:00,1407,21.70591305,228.8635033,Idle,Standby,0,Normal
18/04/2022 03:00,1945,18.12189143,399.7449477,Sleep,Auto,0,Normal
02/05/2022 09:00,1605,19.76195314,434.5676915,Idle,Auto,0,Normal
05/01/2022 05:00,1473,25.13257965,107.0683365,Active,Manual,0,Warning
28/05/2022 21:00,1831,27.06400845,202.3608617,Active,Standby,0,Normal
02/03/2022 18:00,1711,29.85895063,398.2412769,Active,Standby,0,Normal
08/01/2022 03:00,1197,21.66820097,368.6593217,Active,Standby,0,Normal
05/01/2022 11:00,1388,28.39180728,391.1621401,Active,Manual,0,Normal
24/06/2022 20:00,1576,24.33225688,104.0361143,Sleep,Standby,0,Normal
29/05/2022 17:00,1289,29.6888523,417.5827453,Sleep,Auto,0,Normal
27/07/2022 23:00,1206,24.25529049,255.7394771,Active,Standby,0,Normal
28/06/2022 23:00,1761,27.95760089,38.87007837,Active,Auto,0,Normal
19/06/2022 07:00,1582,27.2320023,407.7419175,Idle,Auto,1,Normal
10/06/2022 21:00,1401,26.56864079,226.2139516,Idle,Standby,0,Normal
21/06/2022 18:00,1532,26.403439,49.15029941,Active,Standby,0,Normal
12/07/2022 21:00,1439,19.1841027,208.2176589,Idle,Standby,0,Normal
03/01/2022 12:00,1886,27.04360538,369.1373848,Sleep,Auto,0,Normal
21/02/2022 16:00,1187,27.20704791,258.6879246,Sleep,Manual,0,Warning
13/07/2022 05:00,1881,21.36812387,291.216298,Idle,Manual,0,Normal
13/02/2022 08:00,1212,26.80257745,360.6406334,Sleep,Auto,0,Normal
24/06/2022 11:00,1261,25.95714754,38.74526554,Idle,Manual,0,Normal
26/04/2022 00:00,1449,18.48870274,463.6925623,Sleep,Auto,0,Normal
30/03/2022 08:00,1506,24.18282437,406.2921957,Idle,Auto,0,Normal
05/03/2022 12:00,1048,27.95260455,30.52956024,Active,Manual,0,Normal
27/05/2022 17:00,1575,21.10117913,216.346733,Idle,Auto,0,Warning
07/01/2022 09:00,1862,21.74544836,119.0993136,Sleep,Auto,0,Normal
04/04/2022 16:00,1184,26.36256602,276.5534075,Active,Standby,0,Normal
21/01/2022 01:00,1237,20.91742849,281.858859,Sleep,Manual,0,Normal
26/06/2022 09:00,1959,18.46306317,488.8052895,Sleep,Standby,0,Normal
29/06/2022 09:00,1376,26.85142563,308.297899,Sleep,Standby,0,Normal
30/05/2022 02:00,1514,20.53587233,89.89683905,Idle,Manual,0,Normal
21/06/2022 21:00,1295,19.21816312,18.23286382,Idle,Standby,0,Normal
29/05/2022 10:00,1782,19.19958278,282.6082097,Sleep,Standby,0,Normal
19/05/2022 03:00,1385,26.24941084,393.7244466,Active,Standby,0,Warning
15/03/2022 10:00,1904,25.09272509,239.7997769,Idle,Manual,0,Normal
28/05/2022 10:00,1729,18.63823699,269.8045137,Sleep,Manual,0,Warning
20/07/2022 03:00,1402,26.3833899,458.0905007,Sleep,Auto,0,Warning
01/02/2022 06:00,1683,26.94013405,64.61006847,Sleep,Manual,1,Warning
31/05/2022 19:00,1261,22.5690788,384.5261722,Sleep,Auto,0,Warning
16/03/2022 09:00,1508,22.78101627,282.3113877,Active,Manual,0,Normal
27/06/2022 22:00,1889,19.29453787,204.4715474,Idle,Standby,0,Normal
21/05/2022 23:00,1637,25.65743286,269.1980315,Sleep,Auto,0,Normal
01/07/2022 04:00,1101,27.39065638,442.9943075,Active,Standby,0,Normal
17/01/2022 21:00,1424,26.69625207,327.5259359,Idle,Standby,0,Warning
01/02/2022 13:00,1344,25.17147276,105.3705496,Active,Auto,0,Normal
23/04/2022 23:00,1518,23.93860589,192.7755733,Active,Standby,0,Normal
22/04/2022 06:00,1810,29.45686319,176.3462946,Idle,Manual,0,Normal
15/06/2022 23:00,1200,29.40128522,109.5467861,Sleep,Standby,0,Normal
05/01/2022 01:00,1359,27.07607989,290.34179,Active,Auto,0,Normal
25/02/2022 13:00,1171,21.11469074,90.88354266,Sleep,Auto,0,Critical
05/07/2022 11:00,1289,29.45054148,48.81611384,Sleep,Auto,0,Normal
27/04/2022 07:00,1317,20.49522107,407.6719962,Active,Manual,0,Normal
29/04/2022 22:00,1531,22.50929239,63.78513384,Active,Manual,0,Normal
08/01/2022 18:00,1289,23.28678389,144.9215822,Idle,Standby,0,Normal
16/06/2022 19:00,1039,22.38755147,250.2853718,Idle,Standby,0,Normal
24/04/2022 11:00,1059,20.45956495,152.9594943,Idle,Auto,0,Normal
30/05/2022 07:00,1964,19.53342573,303.7503806,Active,Standby,0,Normal
27/03/2022 18:00,1547,18.47127631,447.9785437,Idle,Auto,0,Normal
24/02/2022 23:00,1718,23.81550346,151.2294946,Active,Auto,0,Normal
07/01/2022 04:00,1212,18.75916162,407.7765205,Idle,Standby,0,Warning
02/01/2022 04:00,1571,20.14457296,27.89017714,Idle,Auto,0,Normal
22/06/2022 12:00,1602,23.28682731,339.2480978,Sleep,Standby,0,Normal
17/06/2022 01:00,1478,18.10181687,201.6758739,Sleep,Auto,0,Normal
21/05/2022 03:00,1671,18.89794507,86.35595384,Active,Auto,0,Normal
29/01/2022 20:00,1300,25.32533524,325.4226649,Sleep,Auto,0,Normal
30/04/2022 10:00,1144,20.96546523,123.8731722,Idle,Standby,0,Normal
07/06/2022 08:00,1456,23.45541835,437.896829,Sleep,Standby,0,Normal
27/02/2022 18:00,1078,26.27833661,126.7200121,Idle,Standby,0,Normal
18/03/2022 21:00,1242,28.43764053,241.2023677,Idle,Standby,0,Warning
17/07/2022 02:00,1340,19.69904835,108.0842204,Active,Standby,0,Critical
06/01/2022 09:00,1600,18.4155588,19.39385219,Active,Auto,0,Normal
08/03/2022 15:00,1003,22.56825937,455.0314873,Sleep,Manual,0,Normal
01/06/2022 05:00,1899,25.23194549,411.2955633,Idle,Manual,0,Normal
07/07/2022 15:00,1029,24.80649793,248.8556912,Sleep,Manual,0,Warning
30/01/2022 05:00,1021,25.47438638,256.7458179,Idle,Manual,0,Normal
15/06/2022 22:00,1522,18.79010504,304.9171971,Idle,Auto,0,Normal
07/05/2022 04:00,1658,28.34543282,22.19222903,Idle,Manual,0,Normal
04/05/2022 17:00,1701,27.51723883,286.1852655,Idle,Manual,0,Critical
01/07/2022 12:00,1748,27.97344426,260.7743628,Active,Auto,0,Normal
13/03/2022 04:00,1892,21.9123519,95.23171061,Active,Standby,0,Normal
04/05/2022 01:00,1443,28.09221426,132.4529614,Idle,Standby,0,Normal
19/01/2022 22:00,1770,27.31889012,451.8897547,Active,Manual,0,Normal
30/04/2022 12:00,1833,23.11777021,93.40440599,Idle,Auto,0,Normal
27/03/2022 00:00,1584,24.13823109,153.6335888,Sleep,Auto,0,Warning
15/03/2022 20:00,1700,18.78140639,473.30833,Sleep,Manual,0,Warning
07/04/2022 11:00,1576,18.60543252,127.863068,Sleep,Auto,0,Critical
26/01/2022 09:00,1681,29.51281421,169.6274491,Idle,Manual,0,Normal
07/01/2022 23:00,1033,22.12463216,292.8473191,Sleep,Auto,0,Normal
31/01/2022 10:00,1625,24.39497308,357.5836781,Idle,Auto,0,Normal
27/06/2022 00:00,1458,29.23159032,412.5266866,Idle,Manual,0,Normal
20/05/2022 22:00,1870,29.89394275,227.2825831,Idle,Auto,0,Warning
28/03/2022 10:00,1372,25.305766,490.1616271,Sleep,Auto,0,Normal
18/06/2022 07:00,1387,29.58224884,330.1722719,Active,Auto,0,Warning
04/06/2022 04:00,1831,21.48041919,124.9112065,Idle,Standby,0,Normal
09/03/2022 14:00,1306,20.04856389,368.9543655,Sleep,Standby,0,Warning
25/01/2022 11:00,1983,25.34930091,324.7657844,Active,Manual,0,Normal
28/02/2022 09:00,1741,19.96397414,222.3540172,Sleep,Manual,0,Critical
07/05/2022 21:00,1560,24.09953611,102.6860113,Idle,Auto,0,Normal
15/05/2022 08:00,1727,27.1259317,191.6678989,Active,Manual,0,Normal
12/03/2022 20:00,1132,27.35874712,51.69972793,Idle,Manual,0,Normal
09/05/2022 16:00,1638,27.18798413,396.2228179,Idle,Auto,0,Normal
02/07/2022 22:00,1220,24.3786928,170.2339238,Sleep,Auto,0,Normal
05/05/2022 05:00,1270,27.76816415,116.6143814,Active,Standby,1,Warning
02/01/2022 16:00,1220,22.31686449,149.0489877,Sleep,Standby,0,Normal
27/02/2022 11:00,1128,18.73684464,482.3042121,Idle,Standby,0,Normal
29/03/2022 01:00,1260,26.45979292,237.1956396,Sleep,Auto,0,Normal
01/04/2022 15:00,1004,20.20302533,274.6660661,Active,Manual,0,Normal
15/05/2022 01:00,1725,27.29347343,309.4818595,Idle,Manual,0,Normal
01/05/2022 05:00,1231,29.97764633,364.9048409,Idle,Manual,0,Normal
04/01/2022 02:00,1684,22.78452672,268.2511093,Sleep,Auto,0,Normal
12/06/2022 21:00,1187,20.12806037,142.9546301,Idle,Auto,0,Normal
26/07/2022 20:00,1346,28.21988783,57.35783144,Sleep,Manual,0,Warning
21/04/2022 17:00,1386,24.41721238,234.8739747,Idle,Standby,0,Normal
13/05/2022 12:00,1154,20.81925265,24.99684798,Idle,Manual,0,Normal
28/03/2022 12:00,1870,27.25383486,16.89564265,Sleep,Manual,0,Normal
19/01/2022 09:00,1262,20.10477055,13.77205557,Idle,Manual,0,Normal
18/06/2022 19:00,1042,28.73772265,278.8040754,Active,Standby,0,Normal
27/03/2022 11:00,1152,27.75585668,84.95052769,Active,Auto,0,Normal
16/04/2022 21:00,1239,21.16595201,499.955304,Active,Standby,0,Normal
18/05/2022 18:00,1747,25.06538034,279.4682743,Sleep,Manual,0,Normal
24/02/2022 05:00,1991,19.87911524,85.49809972,Sleep,Auto,0,Warning
16/03/2022 05:00,1268,21.3636742,130.1875543,Idle,Standby,1,Normal
20/07/2022 14:00,1933,29.3673845,475.3813657,Active,Manual,0,Normal
23/05/2022 22:00,1378,21.75198686,467.0738816,Idle,Standby,0,Normal
24/02/2022 08:00,1003,28.63380612,358.8470667,Idle,Manual,0,Normal
10/01/2022 20:00,1407,26.02617611,105.1531136,Idle,Auto,0,Warning
19/04/2022 07:00,1423,21.64807185,484.0110095,Sleep,Standby,0,Normal
22/01/2022 16:00,1956,24.59538856,95.57122818,Idle,Manual,0,Warning
18/04/2022 05:00,1901,24.82890575,351.5109185,Active,Manual,0,Normal
17/05/2022 16:00,1864,20.86660156,183.1340872,Idle,Auto,0,Normal
13/05/2022 18:00,1723,25.70986166,446.574895,Active,Manual,0,Normal
26/04/2022 08:00,1350,21.84143404,355.6948563,Sleep,Standby,0,Critical
31/01/2022 15:00,1095,26.84246301,217.8011042,Sleep,Auto,0,Normal
15/07/2022 23:00,1895,18.90246342,222.9031606,Idle,Manual,0,Normal
25/07/2022 09:00,1761,20.89220274,357.2024083,Idle,Manual,0,Normal
29/03/2022 18:00,1002,20.71731962,135.078151,Sleep,Standby,0,Normal
22/04/2022 15:00,1315,26.91354898,285.9809245,Sleep,Standby,0,Critical
15/05/2022 13:00,1248,29.87949624,106.1074001,Active,Auto,0,Normal
26/04/2022 01:00,1705,23.39205644,219.7130071,Sleep,Manual,0,Warning
25/01/2022 16:00,1479,23.40389836,479.3344157,Idle,Auto,0,Normal
24/02/2022 07:00,1008,29.35287221,408.9372556,Sleep,Auto,0,Normal
27/02/2022 19:00,1996,28.11398217,141.2357665,Idle,Auto,0,Normal
15/07/2022 15:00,1020,29.37377766,447.081884,Idle,Manual,0,Normal
08/07/2022 14:00,1070,20.82410661,306.17711,Active,Manual,0,Normal
14/06/2022 11:00,1208,21.43023092,494.2011615,Active,Auto,0,Normal
20/03/2022 18:00,1925,20.38707811,126.8968936,Sleep,Standby,0,Normal
05/05/2022 11:00,1811,28.4965187,415.7271972,Idle,Standby,0,Normal
25/07/2022 04:00,1995,18.17856183,81.93331881,Active,Auto,0,Normal
18/05/2022 09:00,1923,18.17279915,475.5891232,Idle,Standby,0,Normal
07/02/2022 16:00,1151,26.04126876,359.716783,Idle,Manual,0,Normal
12/07/2022 01:00,1626,22.22406924,289.657005,Active,Auto,0,Critical
23/02/2022 07:00,1463,24.0927864,398.7082323,Sleep,Standby,0,Warning
08/02/2022 21:00,1399,28.64140753,20.28508203,Sleep,Standby,0,Normal
24/07/2022 03:00,1589,26.4599513,419.7445517,Idle,Standby,0,Warning
07/04/2022 04:00,1628,18.99290395,409.4234512,Active,Manual,0,Warning
06/03/2022 19:00,1900,21.09428489,75.33392304,Sleep,Manual,0,Normal
08/07/2022 21:00,1637,20.88763936,247.3522703,Idle,Standby,0,Normal
13/05/2022 22:00,1214,24.70185988,164.5112973,Sleep,Standby,0,Normal
05/07/2022 01:00,1436,29.79454043,331.3951508,Sleep,Manual,0,Warning
30/01/2022 10:00,1618,19.99612924,279.0808352,Active,Auto,0,Normal
15/07/2022 10:00,1546,26.1303558,468.9317658,Active,Auto,0,Normal
08/05/2022 22:00,1131,21.06625564,498.6096026,Active,Manual,0,Normal
01/02/2022 01:00,1226,21.97824366,374.6607993,Active,Standby,0,Normal
30/05/2022 18:00,1139,23.15065367,14.11490621,Sleep,Auto,0,Normal
22/03/2022 19:00,1252,25.39256062,425.2708005,Sleep,Standby,0,Normal
03/07/2022 08:00,1541,21.73334235,78.74450339,Active,Auto,0,Normal
30/04/2022 06:00,1035,18.98411102,353.9091169,Idle,Auto,0,Normal
16/06/2022 12:00,1425,19.05064527,164.7354508,Idle,Manual,0,Warning
22/01/2022 09:00,1548,19.22589764,170.9173538,Sleep,Standby,0,Normal
04/01/2022 09:00,1068,21.29744847,168.1288222,Idle,Standby,0,Normal
27/07/2022 08:00,1410,18.19166288,364.40743,Active,Manual,0,Normal
24/02/2022 12:00,1070,29.04549807,74.95862434,Idle,Manual,0,Normal
12/07/2022 06:00,1768,27.99259658,14.02687081,Active,Standby,0,Normal
08/02/2022 02:00,1600,26.75696031,90.28771839,Sleep,Standby,0,Normal
24/05/2022 20:00,1211,26.5505171,295.2476631,Idle,Manual,0,Normal
03/06/2022 23:00,1740,19.10040462,402.9972493,Active,Manual,0,Normal
20/07/2022 04:00,1588,23.72263224,123.6995128,Idle,Manual,0,Normal
12/05/2022 12:00,1233,22.03665569,246.7021856,Sleep,Auto,0,Normal
02/04/2022 14:00,1014,22.00182808,71.15458276,Idle,Manual,0,Normal
26/06/2022 08:00,1058,19.49154183,355.5768137,Active,Standby,0,Normal
02/02/2022 06:00,1164,23.6773001,258.9188821,Active,Manual,0,Normal
14/01/2022 17:00,1401,22.95596189,242.0741756,Sleep,Standby,1,Normal
27/03/2022 14:00,1975,22.66309992,466.2789809,Active,Manual,0,Normal
25/03/2022 09:00,1993,28.34072216,150.688438,Idle,Auto,1,Normal
09/02/2022 07:00,1993,19.84278632,483.2793091,Idle,Auto,0,Normal
04/02/2022 06:00,1336,29.66118851,361.8593617,Active,Manual,0,Warning
08/07/2022 15:00,1764,19.73522547,61.95446764,Sleep,Standby,0,Normal
07/02/2022 21:00,1864,29.12762092,60.82102974,Sleep,Standby,0,Warning
15/04/2022 20:00,1845,22.45491975,258.3711577,Sleep,Standby,0,Normal
08/01/2022 13:00,1197,28.99630209,338.2165467,Sleep,Auto,0,Normal
07/01/2022 20:00,1490,19.32335457,193.3455413,Active,Auto,0,Normal
05/03/2022 11:00,1221,23.70163352,169.4571656,Idle,Standby,0,Normal
19/01/2022 19:00,1207,28.0824983,405.4801805,Sleep,Manual,0,Normal
16/04/2022 18:00,1488,19.05953797,100.2092175,Sleep,Standby,0,Warning
22/06/2022 09:00,1723,18.96585254,113.1548415,Idle,Manual,0,Normal
18/07/2022 23:00,1929,25.08852026,67.78069622,Sleep,Manual,0,Normal
24/02/2022 15:00,1550,23.20006252,266.8944681,Idle,Standby,1,Normal
12/05/2022 05:00,1932,23.38931638,430.2716718,Sleep,Standby,0,Normal
16/02/2022 07:00,1071,29.11812812,262.2637111,Idle,Standby,0,Normal
09/07/2022 11:00,1269,26.34859413,226.4727565,Idle,Standby,0,Normal
20/06/2022 05:00,1180,29.42981104,231.4669794,Sleep,Standby,0,Normal
26/05/2022 09:00,1057,24.82756016,433.9601146,Idle,Manual,0,Normal
23/02/2022 15:00,1276,23.1758804,249.1841868,Active,Auto,0,Normal
24/06/2022 01:00,1194,23.79769176,424.8154468,Active,Standby,0,Normal
13/07/2022 13:00,1678,29.84220903,472.9453559,Idle,Auto,0,Normal
03/06/2022 08:00,1904,23.33336654,150.160432,Idle,Auto,0,Normal
07/07/2022 23:00,1536,27.93399417,60.9984376,Sleep,Standby,0,Normal
23/06/2022 16:00,1161,28.09131871,303.7561269,Active,Standby,0,Normal
18/05/2022 12:00,1855,20.60581687,20.25847041,Sleep,Manual,0,Critical
18/05/2022 22:00,1413,23.77187624,219.2334355,Idle,Manual,0,Normal
09/07/2022 20:00,1787,26.72384754,431.8081963,Active,Manual,0,Normal
11/05/2022 05:00,1304,26.98380489,254.2577772,Sleep,Manual,0,Normal
14/01/2022 15:00,1313,20.73262978,112.6772833,Sleep,Standby,0,Normal
16/03/2022 14:00,1806,22.79149773,154.9766341,Active,Standby,0,Normal
14/04/2022 18:00,1914,18.63959047,400.6078053,Idle,Standby,0,Normal
25/03/2022 14:00,1266,20.97525269,11.14117038,Sleep,Standby,0,Normal
25/03/2022 15:00,1046,25.26688909,477.73221,Idle,Auto,0,Normal
19/03/2022 10:00,1301,23.47494969,251.8990927,Active,Standby,0,Normal
15/07/2022 05:00,1309,28.29028999,70.15759716,Idle,Auto,0,Normal
14/01/2022 00:00,1630,18.31627133,349.5662505,Idle,Auto,0,Normal
04/02/2022 16:00,1024,29.78371169,60.06568569,Active,Standby,0,Normal
09/05/2022 07:00,1709,29.54811695,359.5223853,Active,Auto,0,Normal
16/07/2022 13:00,1216,28.79735919,493.7627805,Idle,Auto,0,Normal
25/05/2022 06:00,1752,23.05605458,413.9244803,Sleep,Auto,0,Normal
20/02/2022 01:00,1775,26.16057986,437.2240869,Sleep,Manual,0,Normal
02/07/2022 23:00,1826,28.56151045,260.831596,Idle,Manual,0,Normal
28/05/2022 19:00,1400,23.84359123,452.6277471,Active,Manual,0,Normal
25/07/2022 02:00,1238,23.18683644,401.0664948,Idle,Manual,0,Warning
30/03/2022 22:00,1426,26.57594356,396.2341877,Idle,Auto,0,Warning
24/05/2022 19:00,1722,21.65523526,292.4072729,Idle,Standby,0,Normal
03/04/2022 01:00,1860,18.39720035,399.5697026,Idle,Auto,0,Normal
21/03/2022 05:00,1422,27.31846505,191.7120286,Sleep,Standby,0,Normal
03/03/2022 17:00,1884,20.82598585,232.1423072,Active,Manual,0,Normal
02/02/2022 09:00,1182,21.33522862,283.2792475,Active,Auto,0,Critical
03/02/2022 07:00,1516,19.04473562,306.1913762,Active,Manual,0,Normal
04/06/2022 18:00,1281,22.46089654,99.62293834,Idle,Auto,0,Normal
14/06/2022 06:00,1206,23.57551945,258.4872117,Sleep,Standby,0,Normal
03/01/2022 06:00,1635,22.68503417,429.8105041,Active,Auto,0,Normal
04/05/2022 20:00,1300,20.35648373,191.0580029,Active,Manual,0,Normal
19/05/2022 23:00,1092,25.74295744,12.63908933,Idle,Auto,0,Normal
22/03/2022 00:00,1448,26.62216028,66.3177386,Active,Manual,0,Normal
04/06/2022 19:00,1630,27.2129272,17.478975,Idle,Auto,0,Normal
13/07/2022 14:00,1973,26.91899582,181.6671884,Idle,Auto,0,Normal
09/02/2022 10:00,1468,24.68826686,374.4152081,Sleep,Manual,0,Normal
12/03/2022 21:00,1453,29.52940726,356.1478914,Sleep,Standby,0,Critical
18/05/2022 05:00,1892,26.66735009,271.0491591,Idle,Auto,0,Normal
01/04/2022 01:00,1583,29.8375545,291.6224908,Idle,Manual,0,Warning
17/02/2022 08:00,1776,28.88789285,270.0361689,Active,Manual,0,Normal
11/02/2022 03:00,1530,26.92017333,496.9129078,Idle,Manual,1,Normal
17/04/2022 05:00,1656,24.86473468,350.3709675,Idle,Manual,0,Normal
09/01/2022 01:00,1454,26.56185047,335.8822457,Active,Auto,0,Normal
08/05/2022 09:00,1145,22.21891688,223.5310976,Active,Auto,0,Warning
16/05/2022 06:00,1614,18.13967316,285.2311702,Sleep,Manual,0,Normal
28/02/2022 02:00,1931,18.58440034,109.8571893,Active,Manual,0,Normal
20/04/2022 21:00,1105,22.48597702,475.6298472,Active,Auto,0,Normal
02/02/2022 00:00,1461,21.842097,432.7693413,Sleep,Standby,1,Normal
15/07/2022 22:00,1788,24.84699648,347.1603095,Idle,Manual,0,Warning
09/05/2022 18:00,1808,26.33639538,182.4078825,Idle,Manual,0,Normal
26/05/2022 15:00,1300,21.32273083,167.8776577,Idle,Standby,0,Normal
14/05/2022 23:00,1465,18.19168076,336.1948915,Idle,Standby,0,Critical
12/01/2022 21:00,1557,19.30915055,195.8767398,Active,Auto,0,Normal
25/07/2022 18:00,1016,28.50076796,83.68250364,Sleep,Auto,0,Normal
18/01/2022 20:00,1631,28.07730484,177.62712,Idle,Auto,0,Normal
05/07/2022 08:00,1707,22.99422158,279.3586708,Sleep,Manual,1,Normal
08/04/2022 04:00,1880,18.93811658,423.27623,Idle,Auto,0,Normal
24/04/2022 05:00,1572,21.57733889,268.7628856,Sleep,Standby,0,Normal
28/03/2022 15:00,1783,20.92888554,297.7877987,Sleep,Manual,0,Normal
22/05/2022 05:00,1247,28.31541793,18.27274472,Active,Manual,0,Normal
31/01/2022 02:00,1922,28.90624053,125.1582144,Active,Manual,0,Normal
09/02/2022 15:00,1319,22.16515895,157.2786144,Idle,Auto,0,Normal
02/07/2022 15:00,1308,18.49991907,67.23430178,Idle,Manual,0,Normal
01/07/2022 22:00,1176,26.87328087,209.8890093,Sleep,Manual,0,Normal
05/04/2022 06:00,1943,27.47705945,235.5766116,Active,Standby,0,Normal
11/02/2022 05:00,1063,21.03617056,239.4438639,Idle,Standby,0,Warning
14/05/2022 20:00,1815,25.52638433,142.4124748,Active,Auto,0,Normal
15/03/2022 07:00,1433,26.23521509,348.6130471,Active,Manual,0,Normal
10/07/2022 19:00,1135,28.7266655,308.0714782,Sleep,Auto,0,Normal
14/01/2022 14:00,1397,18.79681787,423.9076087,Idle,Manual,0,Warning
19/04/2022 16:00,1866,19.81070216,430.3178707,Active,Standby,0,Normal
27/02/2022 15:00,1118,24.05732248,302.836044,Idle,Manual,0,Normal
13/03/2022 20:00,1754,22.97210742,472.4546501,Sleep,Standby,0,Normal
15/02/2022 06:00,1324,27.98990352,394.6324469,Active,Auto,0,Normal
16/04/2022 03:00,1751,23.01879768,285.6249697,Idle,Auto,0,Normal
15/01/2022 05:00,1498,26.2908222,57.25304751,Sleep,Auto,1,Normal
04/06/2022 05:00,1142,29.68456121,397.1031185,Active,Manual,0,Normal
07/01/2022 03:00,1677,27.31222723,488.5803951,Idle,Auto,0,Critical
29/01/2022 16:00,1521,27.37112258,57.69101982,Idle,Standby,1,Normal
24/05/2022 00:00,1574,18.85401488,129.3766796,Active,Auto,0,Warning
16/02/2022 03:00,1279,21.43979958,162.4850184,Idle,Standby,0,Normal
05/02/2022 08:00,1819,18.38677457,362.2310254,Active,Auto,0,Normal
10/02/2022 06:00,1993,18.48300486,168.5058922,Sleep,Auto,0,Normal
16/07/2022 23:00,1522,29.42077137,463.5902658,Active,Standby,0,Normal
04/03/2022 04:00,1438,20.85060563,160.2588905,Idle,Manual,0,Warning
14/06/2022 17:00,1633,19.19718864,302.8707899,Idle,Standby,0,Warning
02/04/2022 19:00,1388,18.62494093,404.6135364,Idle,Auto,0,Normal
24/04/2022 01:00,1998,24.41360075,466.5651986,Sleep,Auto,0,Normal
28/01/2022 13:00,1664,20.76391782,360.0979658,Sleep,Auto,0,Normal
11/02/2022 18:00,1141,25.64599559,70.38862663,Idle,Auto,0,Critical
03/01/2022 14:00,1474,20.59309127,80.12856631,Sleep,Standby,0,Normal
12/01/2022 20:00,1222,20.1007482,101.4666312,Idle,Manual,0,Normal
03/04/2022 16:00,1898,26.29314102,489.6567734,Sleep,Manual,0,Normal
16/07/2022 02:00,1520,28.02117186,313.9191705,Sleep,Standby,0,Normal
20/03/2022 07:00,1619,27.71981034,353.9153163,Active,Auto,0,Normal
29/05/2022 20:00,1038,18.4847599,379.7206883,Active,Auto,0,Normal
22/07/2022 09:00,1946,18.66247,339.7710805,Idle,Standby,0,Normal
20/02/2022 03:00,1549,27.25319881,343.063637,Sleep,Standby,0,Normal
24/03/2022 22:00,1970,25.94166403,425.3853542,Active,Auto,0,Normal
02/01/2022 00:00,1542,22.2593211,258.9741104,Sleep,Manual,0,Normal
22/07/2022 04:00,1776,22.91334104,146.3118246,Idle,Auto,1,Normal
20/06/2022 22:00,1537,18.71445156,70.98896922,Idle,Auto,0,Normal
23/06/2022 15:00,1600,18.97530981,496.9782598,Active,Auto,0,Warning
01/02/2022 18:00,1283,29.38488758,485.6688077,Sleep,Auto,0,Normal
06/02/2022 11:00,1774,25.116555,361.6657227,Active,Manual,0,Normal
17/07/2022 14:00,1376,18.01985291,315.4505751,Idle,Standby,0,Warning
09/02/2022 02:00,1485,23.81293117,454.6603805,Sleep,Manual,0,Normal
22/04/2022 23:00,1882,24.55785972,121.6932846,Active,Standby,0,Normal
31/05/2022 00:00,1966,26.65499227,95.61729053,Idle,Auto,0,Normal
10/04/2022 18:00,1992,23.32165415,193.8997375,Sleep,Standby,0,Normal
10/07/2022 07:00,1953,25.01916963,248.3298822,Active,Manual,0,Normal
27/07/2022 12:00,1648,20.78910387,295.3574253,Sleep,Standby,0,Normal
21/06/2022 20:00,1819,23.18912382,206.2706924,Idle,Auto,0,Normal
10/07/2022 04:00,1862,29.56357142,366.4229808,Active,Auto,0,Normal
17/01/2022 01:00,1816,26.78874666,377.8875218,Idle,Standby,0,Warning
11/06/2022 13:00,1058,27.51460682,145.3263312,Idle,Manual,0,Critical
02/07/2022 02:00,1833,29.98052321,428.658024,Idle,Auto,0,Normal
10/07/2022 09:00,1836,20.9695859,391.2900711,Idle,Auto,0,Normal
23/01/2022 08:00,1490,23.18068076,387.4172931,Sleep,Manual,0,Normal
06/04/2022 11:00,1735,18.57052221,328.5071216,Sleep,Auto,0,Normal
14/07/2022 09:00,1694,21.19421297,24.68842097,Sleep,Manual,0,Normal
11/06/2022 10:00,1694,18.92985545,321.8741733,Sleep,Auto,0,Normal
09/02/2022 00:00,1794,22.15403684,250.2071423,Idle,Auto,0,Normal
05/06/2022 17:00,1074,23.30247103,71.82389995,Idle,Auto,0,Warning
17/07/2022 00:00,1922,19.984026,382.3348208,Active,Standby,0,Normal
09/04/2022 08:00,1366,22.20847667,265.2856983,Active,Auto,0,Normal
27/05/2022 03:00,1109,26.93798549,161.3593645,Sleep,Manual,0,Normal
09/01/2022 09:00,1813,29.69142821,288.8585615,Active,Standby,0,Normal
14/05/2022 16:00,1196,26.94749437,85.3669162,Sleep,Manual,0,Normal
25/02/2022 12:00,1719,26.16695182,69.84244296,Sleep,Auto,0,Normal
06/05/2022 16:00,1636,28.06209839,251.8870365,Active,Standby,0,Normal
26/05/2022 22:00,1294,28.11630821,499.7483996,Sleep,Standby,0,Warning
23/04/2022 20:00,1824,22.01887918,97.25444103,Idle,Standby,0,Normal
17/06/2022 13:00,1139,18.89379879,45.97502872,Active,Standby,0,Normal
19/03/2022 06:00,1349,25.29284949,444.96007,Idle,Auto,0,Critical
06/07/2022 05:00,1637,19.25561092,264.6351309,Active,Auto,0,Normal
30/04/2022 16:00,1078,27.93940567,88.62677073,Idle,Manual,0,Normal
07/05/2022 06:00,1673,29.95581665,69.72111127,Idle,Manual,0,Normal
20/02/2022 05:00,1594,28.38687348,274.3056325,Active,Standby,1,Normal
10/03/2022 13:00,1775,26.70809131,324.9938559,Active,Standby,0,Normal
23/05/2022 09:00,1762,22.05000021,123.3152605,Idle,Standby,0,Normal
25/05/2022 20:00,1116,25.67533723,45.31432011,Active,Auto,0,Normal
30/04/2022 05:00,1144,20.52760783,478.7154179,Active,Standby,0,Normal
16/03/2022 16:00,1158,27.95653527,37.5088838,Sleep,Auto,0,Normal
08/06/2022 05:00,1194,26.56529594,305.5609496,Sleep,Standby,0,Normal
21/05/2022 08:00,1411,19.55876657,323.4293524,Sleep,Standby,0,Normal
21/05/2022 07:00,1835,26.57065343,414.0094998,Idle,Auto,0,Normal
28/05/2022 05:00,1610,24.1339925,160.9257097,Active,Manual,0,Warning
24/05/2022 17:00,1988,21.86714984,35.0805492,Active,Standby,0,Warning
26/01/2022 03:00,1858,23.67050351,250.9122574,Idle,Manual,0,Normal
08/05/2022 08:00,1463,29.18173173,304.0045869,Idle,Auto,0,Normal
08/07/2022 19:00,1409,23.11619616,278.5060673,Sleep,Standby,0,Normal
06/01/2022 06:00,1611,26.32420112,134.8179732,Idle,Manual,0,Critical
11/06/2022 12:00,1543,21.85231081,19.94733854,Sleep,Auto,0,Normal
03/05/2022 07:00,1560,21.71336361,189.1264438,Sleep,Auto,0,Normal
28/05/2022 03:00,1453,19.82254567,448.7832524,Sleep,Standby,0,Normal
24/04/2022 18:00,1708,27.72298528,191.725179,Sleep,Manual,0,Normal
04/02/2022 11:00,1955,29.81315609,268.5088754,Active,Manual,0,Normal
10/03/2022 07:00,1981,28.66348526,19.22225468,Idle,Standby,0,Normal
11/02/2022 00:00,1773,18.84659195,20.06423757,Sleep,Standby,0,Normal
17/05/2022 17:00,1400,18.98285001,246.2597323,Sleep,Standby,0,Critical
27/07/2022 03:00,1576,20.79707174,184.5955482,Sleep,Manual,0,Normal
02/04/2022 04:00,1461,24.25526737,434.7901334,Sleep,Standby,0,Normal
12/07/2022 04:00,1632,29.17489877,364.0357857,Sleep,Auto,0,Normal
12/04/2022 19:00,1834,29.5847358,216.4022498,Active,Auto,0,Normal
16/01/2022 02:00,1575,22.2980332,293.0307867,Idle,Auto,0,Normal
08/04/2022 21:00,1522,22.76901454,404.1844451,Active,Manual,0,Normal
15/01/2022 09:00,1424,27.07487808,179.1804775,Active,Manual,0,Normal
03/02/2022 22:00,1612,25.77192687,15.31941068,Active,Standby,0,Critical
14/05/2022 13:00,1360,18.32265057,111.3607449,Sleep,Standby,0,Critical
23/06/2022 08:00,1126,18.93985752,350.4748302,Sleep,Manual,0,Normal
19/07/2022 19:00,1640,27.77305244,131.547317,Idle,Manual,0,Normal
19/05/2022 13:00,1342,19.9324181,330.2300872,Idle,Manual,1,Normal
21/06/2022 02:00,1642,27.77900042,374.8816179,Sleep,Auto,0,Normal
30/03/2022 04:00,1641,19.74566724,469.1522936,Idle,Auto,0,Normal
18/03/2022 10:00,1796,27.69160968,407.8234546,Sleep,Manual,1,Normal
03/02/2022 01:00,1086,28.14979892,221.7276469,Active,Auto,0,Warning
26/07/2022 02:00,1733,29.34985429,203.6807327,Active,Auto,0,Normal
22/04/2022 10:00,1948,24.81935101,312.3283688,Sleep,Standby,0,Normal
04/01/2022 22:00,1322,22.74935854,189.9174973,Sleep,Standby,0,Normal
06/06/2022 12:00,1867,28.13789968,405.4963402,Sleep,Manual,0,Critical
01/05/2022 11:00,1622,19.33132397,88.48981593,Active,Auto,0,Normal
09/04/2022 19:00,1755,20.86734003,362.5473014,Idle,Manual,0,Normal
22/06/2022 21:00,1792,25.68216122,221.7702711,Active,Manual,0,Normal
04/07/2022 16:00,1141,26.29541165,248.2076078,Active,Standby,0,Normal
15/05/2022 12:00,1986,26.86575862,11.2415996,Idle,Manual,0,Normal
29/04/2022 21:00,1707,28.99944239,450.7160571,Idle,Standby,1,Critical
02/05/2022 08:00,1461,19.44745266,259.7620558,Active,Manual,0,Normal
19/03/2022 17:00,1344,18.68302046,302.4691564,Sleep,Auto,0,Normal
19/03/2022 09:00,1108,22.4105056,213.4952601,Active,Standby,1,Normal
21/04/2022 05:00,1254,27.84117537,382.7137498,Sleep,Auto,0,Normal
04/04/2022 11:00,1288,29.9944033,463.2870636,Sleep,Standby,0,Warning
08/04/2022 08:00,1327,25.1227421,125.6516771,Sleep,Auto,0,Normal
09/02/2022 14:00,1220,26.80551704,55.26169963,Active,Auto,0,Warning
08/05/2022 20:00,1343,22.92417424,107.5353545,Idle,Standby,0,Normal
16/02/2022 16:00,1275,25.6890427,388.9241057,Idle,Standby,0,Warning
19/04/2022 05:00,1482,24.87189462,344.8628367,Active,Auto,0,Normal
02/04/2022 20:00,1924,18.09344972,194.9398758,Active,Manual,0,Warning
18/01/2022 11:00,1562,18.35856967,331.319606,Active,Standby,0,Normal
08/02/2022 10:00,1685,23.19548098,371.3784899,Active,Manual,0,Normal
22/02/2022 06:00,1954,18.55909022,170.1125048,Sleep,Auto,0,Normal
20/01/2022 21:00,1590,23.65485466,498.7223219,Idle,Standby,1,Normal
26/03/2022 19:00,1491,29.55166841,236.2777089,Active,Manual,0,Normal
20/02/2022 02:00,1106,24.8650941,290.8936468,Idle,Auto,0,Normal
20/04/2022 10:00,1521,28.5032708,259.1904007,Idle,Manual,0,Normal
20/07/2022 18:00,1410,21.55410262,338.4692253,Active,Manual,0,Normal
24/03/2022 02:00,1484,24.16432227,102.374179,Idle,Standby,0,Normal
10/05/2022 14:00,1636,29.7493285,37.41131646,Sleep,Auto,0,Warning
17/06/2022 10:00,1251,18.74128288,138.7761408,Active,Manual,0,Normal
31/03/2022 15:00,1984,29.03897371,146.6837556,Active,Manual,0,Normal
03/06/2022 15:00,1711,18.48028515,365.0795396,Sleep,Standby,0,Normal
25/03/2022 05:00,1271,23.14817618,323.1614273,Active,Standby,0,Critical
18/06/2022 01:00,1661,23.53178877,432.8647426,Active,Standby,0,Normal
08/05/2022 06:00,1625,29.29683395,495.6587516,Idle,Standby,0,Normal
22/02/2022 00:00,1985,24.30618841,329.9342667,Active,Auto,0,Normal
02/04/2022 08:00,1098,23.84902239,74.40988989,Idle,Manual,0,Normal
24/04/2022 00:00,1662,25.70896826,333.0616378,Active,Manual,0,Normal
11/02/2022 08:00,1909,28.29799485,16.3252534,Idle,Manual,0,Warning
02/04/2022 06:00,1379,25.76747263,382.3417923,Idle,Standby,0,Normal
06/06/2022 18:00,1498,28.86950449,495.3609991,Idle,Auto,0,Normal
30/05/2022 21:00,1899,19.63703471,427.5619449,Sleep,Manual,0,Normal
24/02/2022 22:00,1863,23.69333593,192.655031,Sleep,Auto,0,Normal
19/03/2022 15:00,1575,25.10389233,243.4599248,Active,Standby,1,Normal
08/04/2022 15:00,1909,29.63932449,136.441328,Sleep,Auto,0,Warning
13/04/2022 01:00,1870,18.8522113,194.8490779,Active,Auto,0,Normal
31/03/2022 00:00,1651,22.50456105,224.3785276,Active,Standby,0,Normal
14/02/2022 09:00,1381,21.05366035,252.8328688,Idle,Standby,0,Normal
26/07/2022 16:00,1352,21.37639157,49.92137854,Idle,Auto,0,Warning
20/04/2022 05:00,1019,25.01873338,279.0182329,Sleep,Manual,0,Normal
04/01/2022 05:00,1818,22.12505003,185.9482297,Idle,Auto,0,Normal
01/05/2022 18:00,1826,26.22534969,255.1014271,Active,Manual,0,Normal
24/02/2022 18:00,1080,21.63522645,444.0903438,Active,Manual,0,Normal
02/07/2022 04:00,1221,24.06851632,93.58500006,Active,Standby,0,Critical
06/02/2022 08:00,1047,19.54385723,444.8666127,Idle,Manual,0,Normal
10/06/2022 10:00,1451,22.99072619,279.3929612,Sleep,Auto,0,Normal
19/07/2022 11:00,1661,23.0212396,301.7827324,Active,Auto,0,Normal
04/05/2022 13:00,1519,22.69939001,223.906422,Active,Standby,0,Normal
22/05/2022 07:00,1109,27.15445198,92.15829742,Idle,Auto,0,Normal
17/04/2022 16:00,1479,28.41622,227.1401139,Idle,Auto,0,Warning
24/07/2022 00:00,1864,18.83226234,105.9107063,Active,Manual,0,Warning
20/04/2022 19:00,1452,23.5274136,143.9759291,Active,Standby,1,Normal
28/05/2022 02:00,1124,21.372512,212.7968122,Active,Auto,0,Normal
16/01/2022 15:00,1407,19.02467913,307.2796816,Active,Standby,0,Normal
21/03/2022 12:00,1102,20.08746983,352.6799417,Active,Standby,0,Normal
30/06/2022 12:00,1658,29.97670808,132.8219747,Idle,Manual,0,Normal
02/07/2022 11:00,1949,27.03397829,235.3699105,Sleep,Manual,0,Normal
17/06/2022 19:00,1040,22.06010738,338.2236323,Idle,Standby,0,Normal
08/03/2022 20:00,1050,23.14834957,231.3302467,Sleep,Standby,0,Normal
16/02/2022 14:00,1177,18.9437853,199.6559648,Idle,Auto,0,Warning
03/06/2022 05:00,1947,28.97028276,153.5741598,Sleep,Standby,0,Warning
26/05/2022 10:00,1363,23.63045471,367.377505,Idle,Auto,0,Normal
22/07/2022 16:00,1294,23.84324655,296.889362,Active,Manual,1,Normal
04/05/2022 06:00,1383,20.40473014,253.4302794,Active,Standby,0,Normal
25/03/2022 02:00,1625,19.26804859,388.9314988,Idle,Manual,0,Normal
26/07/2022 11:00,1385,29.00595464,96.33518367,Idle,Manual,0,Warning
01/07/2022 11:00,1837,20.61196935,120.2641881,Idle,Standby,0,Normal
10/04/2022 00:00,1412,27.95061599,148.460457,Sleep,Manual,0,Warning
25/02/2022 22:00,1042,18.97341112,303.0756465,Active,Standby,0,Normal
14/01/2022 08:00,1990,26.52919676,28.47269781,Active,Manual,0,Warning
09/03/2022 11:00,1999,28.98138821,374.3535216,Active,Standby,0,Warning
04/06/2022 17:00,1160,18.30794658,257.4779498,Active,Auto,0,Normal
27/03/2022 20:00,1620,26.13143301,148.0653906,Active,Standby,0,Normal
03/04/2022 11:00,1380,28.00254917,41.31541818,Sleep,Standby,0,Critical
11/03/2022 17:00,1430,29.2711477,475.6600327,Active,Manual,0,Normal
11/01/2022 20:00,1100,19.70891398,141.0633294,Idle,Auto,0,Normal
04/07/2022 01:00,1871,19.50234946,253.8315966,Idle,Auto,0,Normal
26/03/2022 23:00,1195,24.80803989,205.8059396,Idle,Manual,0,Warning
07/02/2022 13:00,1689,27.8513815,145.5229109,Sleep,Manual,0,Normal
06/06/2022 00:00,1326,22.58147746,451.0487031,Idle,Manual,0,Normal
26/03/2022 10:00,1127,29.20525239,322.5784011,Idle,Standby,0,Normal
21/03/2022 21:00,1124,27.30078501,269.500912,Active,Manual,0,Normal
18/03/2022 04:00,1950,19.53947952,34.11351696,Active,Auto,0,Normal
07/03/2022 13:00,1973,29.48145256,63.99882115,Idle,Standby,0,Normal
03/07/2022 02:00,1810,23.37921753,130.6708448,Active,Manual,0,Normal
25/06/2022 08:00,1213,22.77014569,75.13416056,Active,Manual,0,Warning
10/01/2022 08:00,1373,24.21501725,253.1941206,Idle,Auto,0,Critical
31/01/2022 03:00,1446,21.99518932,483.6617103,Idle,Auto,0,Critical
06/07/2022 21:00,1703,26.06582055,69.44637374,Active,Standby,0,Normal
17/02/2022 13:00,1922,18.1721153,365.8977638,Sleep,Auto,0,Normal
26/04/2022 02:00,1924,28.46638295,303.604442,Idle,Manual,0,Warning
05/02/2022 06:00,1842,22.86321559,229.6226397,Idle,Standby,0,Normal
17/04/2022 07:00,1945,28.34381127,438.9716432,Active,Standby,1,Normal
03/05/2022 00:00,1651,26.61771034,154.2831865,Active,Auto,0,Normal
05/01/2022 21:00,1428,23.47568197,493.307492,Active,Auto,0,Normal
27/01/2022 21:00,1004,23.53130064,376.3778936,Idle,Manual,0,Normal
01/01/2022 03:00,1073,27.07968917,126.7211931,Sleep,Auto,0,Warning
23/06/2022 18:00,1285,28.22142927,284.1208857,Active,Auto,0,Normal
20/01/2022 11:00,1168,21.89602519,415.4218053,Sleep,Manual,0,Normal
01/01/2022 05:00,1272,25.89812326,100.9267822,Idle,Auto,0,Normal
08/02/2022 07:00,1193,27.60888992,470.7637282,Sleep,Standby,0,Normal
19/04/2022 03:00,1558,18.19274759,123.3524949,Active,Manual,0,Normal
14/02/2022 07:00,1811,29.58377332,369.0515,Active,Auto,0,Warning
18/04/2022 22:00,1901,20.81741707,89.33040179,Active,Manual,1,Normal
11/01/2022 02:00,1658,23.75977786,417.036068,Sleep,Standby,0,Normal
18/02/2022 08:00,1937,24.09203339,103.9283624,Sleep,Auto,0,Normal
30/04/2022 14:00,1608,26.62074605,134.7542082,Sleep,Standby,0,Normal
05/06/2022 15:00,1184,18.06119007,348.9475616,Sleep,Manual,0,Normal
10/04/2022 21:00,1386,29.48296923,308.6495814,Sleep,Auto,0,Normal
27/05/2022 13:00,1929,19.08095083,379.0426864,Sleep,Manual,0,Normal
23/05/2022 13:00,1878,28.64102008,301.8935469,Active,Standby,0,Normal
17/04/2022 19:00,1576,26.1240935,159.892011,Active,Standby,0,Normal
08/03/2022 21:00,1991,29.69002932,117.6662259,Sleep,Auto,0,Normal
21/07/2022 04:00,1023,22.77401135,101.2231199,Sleep,Standby,0,Normal
07/04/2022 20:00,1559,21.13246233,79.4089941,Sleep,Standby,0,Normal
23/04/2022 21:00,1862,20.95227358,457.3404137,Active,Manual,0,Normal
03/07/2022 06:00,1437,18.98400851,222.3802142,Active,Auto,0,Warning
24/02/2022 16:00,1836,20.03431759,84.38514373,Sleep,Manual,0,Normal
24/05/2022 16:00,1218,22.7339667,29.42425158,Idle,Auto,0,Normal
08/06/2022 20:00,1464,19.68880514,80.95736147,Idle,Manual,0,Normal
13/07/2022 23:00,1670,22.98760021,439.3773443,Idle,Manual,0,Normal
09/04/2022 10:00,1978,26.77699671,87.74631896,Sleep,Manual,0,Normal
24/03/2022 07:00,1667,19.32381925,13.04156667,Sleep,Auto,0,Warning
27/05/2022 10:00,1505,19.79218136,196.7195618,Idle,Standby,0,Normal
15/03/2022 09:00,1530,26.61722537,468.4626631,Active,Manual,0,Warning
25/04/2022 03:00,1944,28.63928837,254.7033568,Active,Standby,0,Normal
21/07/2022 20:00,1374,24.40064793,343.3683018,Sleep,Auto,0,Normal
14/04/2022 00:00,1291,19.31039424,451.2195723,Sleep,Standby,0,Normal
16/06/2022 23:00,1417,27.958703,461.3353029,Sleep,Manual,0,Warning
04/03/2022 05:00,1489,25.5013249,368.3462889,Active,Standby,0,Normal
25/06/2022 06:00,1046,24.84501325,325.6537348,Idle,Standby,0,Normal
31/03/2022 22:00,1779,29.17555028,93.87578783,Idle,Manual,0,Normal
18/02/2022 17:00,1603,22.19877579,43.25139027,Idle,Standby,0,Normal
08/07/2022 04:00,1673,27.94671517,250.2979951,Idle,Standby,0,Normal
10/01/2022 16:00,1477,19.66450252,376.1660488,Idle,Manual,0,Normal
03/01/2022 18:00,1734,23.35169482,414.2413708,Active,Standby,0,Normal
08/03/2022 19:00,1295,26.92734243,115.4169138,Active,Standby,0,Critical
17/05/2022 19:00,1603,26.23394595,485.1175429,Active,Auto,0,Normal
30/05/2022 20:00,1940,21.59674821,214.2592015,Idle,Manual,0,Normal
06/01/2022 05:00,1052,27.21049146,283.2375946,Idle,Standby,0,Warning
24/02/2022 00:00,1239,18.47379497,28.64643038,Idle,Manual,0,Warning
24/03/2022 08:00,1997,22.33942212,391.0614588,Idle,Auto,0,Warning
08/07/2022 05:00,1270,19.48132313,70.91895935,Idle,Standby,0,Normal
06/07/2022 17:00,1260,20.90402235,119.3251788,Active,Manual,0,Normal
28/03/2022 11:00,1659,24.6629739,136.4458434,Sleep,Manual,0,Normal
09/05/2022 14:00,1188,22.04970559,225.7154114,Sleep,Auto,0,Normal
01/07/2022 01:00,1135,21.10119166,420.0461968,Sleep,Auto,1,Normal
20/05/2022 09:00,1099,24.66202432,401.0579705,Idle,Manual,0,Normal
06/07/2022 00:00,1397,20.62081229,448.7915624,Active,Auto,0,Normal
27/04/2022 13:00,1232,21.00055039,182.9939942,Sleep,Manual,0,Normal
08/02/2022 06:00,1805,29.20658481,212.2990173,Active,Auto,0,Normal
10/03/2022 14:00,1503,22.27524422,64.45361042,Active,Manual,0,Normal
16/01/2022 04:00,1968,24.1511045,225.2212519,Active,Standby,0,Normal
17/05/2022 23:00,1605,27.73250094,206.3323937,Sleep,Manual,0,Normal
30/03/2022 13:00,1445,29.67232423,18.19201035,Idle,Manual,0,Critical
21/06/2022 19:00,1025,21.17325379,359.7230921,Idle,Auto,0,Normal
22/01/2022 21:00,1140,21.18660752,34.37239143,Sleep,Auto,0,Normal
03/01/2022 07:00,1793,19.41102737,107.4614565,Idle,Manual,0,Normal
27/01/2022 14:00,1643,20.33359832,45.0817075,Idle,Standby,0,Normal
13/01/2022 14:00,1700,27.11048705,28.47042294,Idle,Auto,0,Normal
26/04/2022 06:00,1032,19.30675259,386.5750452,Active,Manual,0,Normal
23/02/2022 04:00,1393,29.21171519,416.7840187,Idle,Manual,0,Warning
27/03/2022 15:00,1892,24.3273792,492.3012868,Active,Auto,0,Warning
01/06/2022 20:00,1722,27.09474303,344.7775793,Sleep,Manual,0,Normal
22/06/2022 15:00,1662,26.65296222,209.1835685,Sleep,Standby,0,Normal
30/04/2022 22:00,1903,27.58809557,287.8365238,Idle,Standby,0,Warning
25/06/2022 02:00,1977,28.74085007,206.9618905,Sleep,Manual,0,Normal
06/04/2022 06:00,1989,21.7865876,493.7212432,Active,Manual,0,Normal
05/04/2022 05:00,1878,20.568859,130.2377458,Sleep,Auto,0,Normal
06/04/2022 16:00,1607,25.14963057,63.40301364,Sleep,Auto,0,Normal
15/03/2022 01:00,1252,25.8587677,436.756477,Active,Manual,0,Warning
24/03/2022 00:00,1181,24.94183092,336.4013448,Sleep,Standby,0,Normal
01/07/2022 07:00,1006,22.42800362,428.231332,Active,Standby,0,Normal
10/05/2022 21:00,1583,23.23475719,494.9373685,Sleep,Manual,0,Warning
10/04/2022 17:00,1442,28.93512973,96.01281579,Idle,Auto,1,Normal
22/01/2022 19:00,1011,18.17745015,183.1708656,Active,Manual,0,Normal
12/06/2022 12:00,1501,23.59107777,137.0259103,Sleep,Standby,0,Normal
11/05/2022 02:00,1107,23.1814621,496.0003512,Active,Manual,0,Normal
23/06/2022 04:00,1766,27.5569724,375.9807924,Active,Manual,0,Normal
24/03/2022 01:00,1527,28.84067471,143.688675,Active,Standby,1,Normal
28/01/2022 23:00,1217,21.63823288,406.7213231,Idle,Auto,0,Normal
24/06/2022 12:00,1450,27.45261517,357.1515419,Sleep,Manual,0,Warning
28/01/2022 18:00,1845,24.93093394,204.205876,Idle,Standby,0,Warning
30/06/2022 18:00,1962,28.35477676,151.2320839,Idle,Manual,0,Normal
20/03/2022 15:00,1009,20.06644468,369.4503294,Idle,Manual,0,Normal
17/05/2022 02:00,1419,23.27511095,323.4527081,Sleep,Manual,0,Normal
12/01/2022 16:00,1037,21.44101867,488.000275,Active,Standby,0,Normal
13/03/2022 15:00,1059,23.34161663,435.8850161,Idle,Manual,0,Normal
03/05/2022 19:00,1010,24.10559493,113.5507996,Active,Manual,0,Normal
07/02/2022 11:00,1995,29.64609856,325.6101065,Sleep,Auto,0,Normal
22/07/2022 02:00,1131,27.25328957,254.099628,Idle,Standby,0,Normal
01/02/2022 16:00,1533,25.41367173,267.7263421,Sleep,Auto,0,Normal
21/03/2022 10:00,1293,28.54851607,465.7220007,Active,Auto,0,Normal
18/06/2022 10:00,1886,25.86157835,340.6107879,Active,Auto,0,Normal
09/06/2022 07:00,1075,29.72548553,247.0641394,Idle,Auto,0,Normal
22/06/2022 10:00,1228,23.2569239,380.0215683,Sleep,Standby,0,Normal
09/06/2022 02:00,1485,18.54497693,10.24531084,Idle,Standby,0,Normal
29/06/2022 04:00,1918,28.01508095,406.6285794,Idle,Standby,0,Normal
19/04/2022 01:00,1340,28.26524453,323.8241995,Active,Standby,0,Normal
23/06/2022 12:00,1179,22.94194784,281.8281564,Active,Manual,0,Normal
07/05/2022 07:00,1521,24.53430898,227.3499915,Sleep,Auto,0,Normal
30/05/2022 03:00,1548,19.16070587,298.5689675,Active,Manual,0,Normal
29/04/2022 00:00,1174,24.39493294,202.5046,Sleep,Auto,0,Warning
25/05/2022 16:00,1560,23.8959056,220.293833,Sleep,Standby,0,Normal
06/01/2022 17:00,1153,25.10267695,167.7110057,Active,Manual,0,Warning
01/04/2022 20:00,1681,27.97085069,384.6552763,Sleep,Standby,0,Warning
30/03/2022 16:00,1253,27.25286936,344.8734036,Sleep,Manual,0,Normal
13/05/2022 09:00,1330,25.07207602,458.8691988,Idle,Manual,0,Warning
01/07/2022 23:00,1179,22.89318658,212.2976289,Idle,Standby,0,Normal
27/06/2022 13:00,1582,20.7058161,403.2091978,Idle,Standby,0,Normal
01/07/2022 00:00,1802,27.89564858,368.8475642,Idle,Manual,0,Warning
25/02/2022 11:00,1873,26.09803719,238.6043094,Active,Auto,0,Normal
26/03/2022 01:00,1321,25.67337901,141.3497176,Active,Manual,0,Warning
14/04/2022 10:00,1639,28.5484398,193.93658,Sleep,Manual,0,Normal
26/02/2022 14:00,1068,27.90855386,217.2350557,Sleep,Standby,0,Normal
25/02/2022 09:00,1949,24.59646329,410.0032306,Sleep,Manual,0,Normal
31/03/2022 14:00,1816,21.27498689,98.96480352,Idle,Manual,0,Warning
30/03/2022 10:00,1016,24.64621351,435.7066864,Active,Standby,0,Normal
15/06/2022 21:00,1145,19.06331557,194.7383882,Idle,Manual,1,Warning
22/02/2022 04:00,1959,27.45878902,440.3422388,Idle,Auto,0,Normal
17/05/2022 14:00,1156,18.70693856,66.44818132,Active,Manual,0,Normal
21/05/2022 14:00,1379,20.64482668,436.092681,Idle,Auto,0,Normal
28/04/2022 06:00,1331,21.88279248,213.3133471,Active,Manual,0,Warning
19/03/2022 00:00,1255,20.25921403,41.30459221,Active,Manual,0,Normal
07/05/2022 13:00,1796,25.45209057,364.8649389,Sleep,Standby,1,Normal
17/01/2022 04:00,1647,21.15018978,196.0327214,Sleep,Manual,0,Warning
10/01/2022 19:00,1381,26.47059076,18.16202155,Idle,Standby,0,Warning
14/02/2022 21:00,1544,29.79206015,124.4928772,Sleep,Manual,1,Normal
24/03/2022 16:00,1704,22.16363018,466.5405614,Idle,Manual,0,Warning
01/07/2022 19:00,1809,22.39803014,479.1052241,Active,Manual,0,Normal
15/06/2022 02:00,1214,24.66567445,120.2739395,Sleep,Standby,0,Warning
02/02/2022 02:00,1407,28.3333942,430.9103442,Active,Standby,0,Normal
01/04/2022 05:00,1054,23.19600773,267.3514103,Idle,Auto,1,Normal
29/01/2022 01:00,1708,29.88524233,16.73022813,Idle,Standby,0,Normal
11/01/2022 09:00,1190,24.89837011,168.6490988,Active,Auto,1,Warning
07/03/2022 14:00,1519,27.7381288,444.8174489,Sleep,Standby,0,Normal
23/05/2022 11:00,1203,28.46956945,34.50058712,Idle,Auto,0,Critical
28/03/2022 17:00,1783,22.04816533,174.8406179,Sleep,Auto,0,Normal
17/03/2022 23:00,1640,26.58088675,85.05926237,Idle,Manual,0,Normal
30/01/2022 20:00,1648,25.69611453,23.46909031,Active,Standby,0,Normal
14/07/2022 12:00,1275,18.29650062,346.4356049,Sleep,Manual,0,Normal
27/03/2022 08:00,1351,20.52751543,386.8634818,Sleep,Manual,0,Normal
24/06/2022 02:00,1931,22.83620325,163.9238072,Sleep,Manual,0,Normal
24/04/2022 12:00,1311,18.36005143,393.462222,Idle,Manual,0,Normal
08/07/2022 09:00,1312,24.28478284,314.4124293,Sleep,Manual,0,Normal
02/03/2022 20:00,1495,27.90077254,66.78852026,Idle,Auto,0,Normal
11/03/2022 12:00,1192,21.1283926,391.7246432,Idle,Standby,0,Normal
25/04/2022 20:00,1541,27.05083099,219.0712395,Sleep,Standby,0,Normal
25/03/2022 08:00,1695,28.95163207,393.3566621,Idle,Manual,1,Normal
17/01/2022 20:00,1741,27.5418381,439.6585756,Sleep,Auto,0,Normal
17/01/2022 00:00,1467,21.62091399,332.8985033,Active,Auto,0,Normal
08/07/2022 23:00,1453,19.81849821,401.7014416,Active,Standby,0,Normal
31/03/2022 16:00,1636,28.96023849,478.4471053,Idle,Standby,0,Normal
10/03/2022 01:00,1359,22.32391607,145.1434525,Sleep,Auto,0,Normal
11/07/2022 02:00,1268,23.26300514,480.1253962,Sleep,Standby,0,Normal
13/06/2022 13:00,1523,24.15898735,261.6481679,Idle,Standby,0,Normal
23/06/2022 06:00,1608,25.90772128,425.6441485,Active,Auto,0,Normal
10/01/2022 07:00,1635,24.65039527,49.40147248,Idle,Manual,0,Normal
02/04/2022 09:00,1794,24.28284113,476.9753827,Idle,Auto,0,Normal
11/05/2022 16:00,1396,27.24058061,87.35092759,Active,Auto,0,Warning
18/03/2022 00:00,1711,25.01578107,58.15705993,Active,Manual,0,Warning
11/07/2022 16:00,1391,27.13208168,328.7759749,Idle,Standby,1,Warning
03/02/2022 05:00,1565,21.40612635,307.9353043,Idle,Standby,0,Warning
30/04/2022 15:00,1425,28.00327907,492.9590156,Idle,Auto,0,Normal
01/01/2022 09:00,1914,18.99683634,39.37466461,Sleep,Auto,0,Normal
23/03/2022 00:00,1236,22.16640163,305.0302779,Idle,Standby,0,Normal
18/03/2022 14:00,1705,23.92619056,269.2902548,Idle,Auto,0,Normal
11/01/2022 15:00,1711,26.78061263,368.4177323,Active,Manual,0,Normal
07/07/2022 20:00,1694,23.71386814,142.0200874,Sleep,Standby,0,Normal
07/03/2022 21:00,1423,19.60212473,481.6655088,Sleep,Standby,0,Normal
04/05/2022 04:00,1649,22.43342259,445.8798325,Sleep,Standby,0,Warning
08/02/2022 12:00,1064,23.31101167,385.0616734,Sleep,Auto,0,Normal
04/07/2022 13:00,1178,24.41310158,161.6645625,Active,Manual,0,Normal
15/04/2022 12:00,1333,26.58412805,271.3658475,Active,Auto,0,Normal
07/06/2022 07:00,1116,21.63090296,143.8281519,Active,Auto,0,Normal
22/06/2022 08:00,1062,23.09536626,404.6623457,Idle,Standby,0,Critical
26/04/2022 19:00,1485,25.5791728,360.1304758,Idle,Manual,0,Normal
23/01/2022 11:00,1378,24.69028004,24.3394554,Idle,Auto,0,Normal
25/04/2022 09:00,1067,20.18688562,352.4201494,Idle,Auto,0,Normal
07/07/2022 10:00,1513,22.11945065,499.7928964,Active,Manual,0,Normal
10/07/2022 11:00,1900,24.1588732,161.7878496,Sleep,Manual,0,Warning
17/02/2022 17:00,1304,23.97086578,59.11963724,Sleep,Standby,0,Warning
28/01/2022 19:00,1894,23.85369219,488.7039175,Idle,Standby,1,Critical
06/05/2022 19:00,1735,28.25989154,228.1017901,Idle,Manual,0,Normal
15/01/2022 21:00,1833,20.28885751,262.756482,Idle,Manual,0,Normal
28/04/2022 23:00,1839,28.81891681,180.7791139,Idle,Standby,0,Normal
26/04/2022 23:00,1764,24.47679789,125.1044306,Idle,Manual,0,Normal
26/02/2022 09:00,1009,28.4067239,317.2766467,Sleep,Manual,0,Normal
20/01/2022 14:00,1270,28.83363128,211.4987856,Active,Manual,0,Normal
23/04/2022 15:00,1191,23.04609193,487.2454206,Active,Manual,0,Critical
19/05/2022 18:00,1919,28.53413479,391.0270333,Active,Manual,0,Normal
01/06/2022 13:00,1566,29.35328525,73.55333782,Idle,Manual,0,Normal
28/02/2022 04:00,1141,24.64254082,494.9309746,Active,Auto,0,Normal
30/05/2022 08:00,1332,26.97546545,453.8392117,Sleep,Manual,0,Normal
06/07/2022 22:00,1212,25.01574068,263.4796117,Sleep,Standby,0,Normal
21/05/2022 16:00,1988,22.45662425,99.61385596,Sleep,Manual,0,Normal
22/02/2022 08:00,1094,23.7188892,44.38723354,Sleep,Auto,0,Normal
27/05/2022 08:00,1598,22.64174089,470.1793751,Sleep,Standby,0,Normal
22/02/2022 02:00,1190,20.75203744,110.4936871,Sleep,Standby,0,Normal
20/07/2022 07:00,1265,23.24074693,430.0288235,Sleep,Manual,0,Critical
29/06/2022 02:00,1073,23.59230917,451.7760197,Idle,Auto,0,Normal
17/05/2022 20:00,1854,29.29358675,41.76962883,Sleep,Auto,0,Normal
03/05/2022 05:00,1270,27.22224722,357.9659665,Idle,Standby,0,Normal
23/06/2022 23:00,1345,21.85922649,83.30399653,Sleep,Standby,0,Normal
19/03/2022 04:00,1059,23.7034813,195.1731146,Active,Auto,0,Normal
22/07/2022 21:00,1232,25.88425623,437.4945857,Active,Manual,0,Normal
29/03/2022 17:00,1618,27.07130882,78.333457,Idle,Standby,0,Normal
06/01/2022 13:00,1596,20.37903623,194.4743121,Idle,Auto,0,Normal
08/02/2022 16:00,1027,26.66954196,31.45462007,Idle,Standby,0,Warning
04/02/2022 07:00,1664,20.27026675,313.5746142,Active,Manual,0,Normal
09/07/2022 07:00,1616,21.9844648,75.70899875,Idle,Auto,0,Normal
05/03/2022 19:00,1952,18.38208921,336.2496564,Active,Manual,0,Normal
20/02/2022 14:00,1155,23.09662692,268.9643966,Idle,Manual,0,Normal
22/01/2022 00:00,1919,22.6498477,465.5354498,Idle,Manual,0,Normal
28/06/2022 13:00,1087,26.3763184,104.5039055,Sleep,Auto,0,Normal
25/03/2022 04:00,1093,29.71822509,312.8293419,Active,Manual,0,Normal
09/05/2022 00:00,1105,19.32773276,444.7048216,Sleep,Standby,0,Normal
23/03/2022 14:00,1484,20.83482149,21.62888482,Sleep,Standby,0,Normal
27/02/2022 16:00,1626,27.28419513,452.4866905,Sleep,Auto,0,Normal
07/02/2022 06:00,1438,18.26231849,365.9014759,Idle,Manual,0,Normal
19/01/2022 23:00,1992,18.47823118,442.1660872,Active,Manual,0,Normal
23/07/2022 07:00,1690,26.69588661,163.4035489,Active,Manual,0,Normal
04/06/2022 13:00,1306,28.94859355,450.4612491,Active,Standby,0,Normal
12/07/2022 10:00,1381,26.61485122,334.7579601,Active,Auto,0,Normal
27/06/2022 20:00,1693,28.18729868,71.93291319,Active,Manual,0,Normal
27/05/2022 18:00,1771,22.31470697,476.0074924,Idle,Auto,0,Warning
22/06/2022 06:00,1317,18.56886631,118.0094561,Sleep,Manual,0,Normal
31/05/2022 02:00,1695,25.31927109,436.7353806,Idle,Manual,0,Warning
30/01/2022 17:00,1694,25.53261893,152.9435937,Sleep,Manual,0,Normal
24/06/2022 10:00,1191,23.28090171,346.5717157,Idle,Standby,0,Normal
03/04/2022 06:00,1258,28.65859312,25.80826032,Active,Auto,0,Warning
02/05/2022 19:00,1985,18.25102872,389.3453606,Sleep,Auto,0,Normal
17/03/2022 10:00,1876,28.95768186,248.9139538,Idle,Manual,0,Normal
26/05/2022 06:00,1574,26.17823248,349.062962,Active,Auto,0,Warning
11/05/2022 21:00,1631,27.20989989,238.9396139,Sleep,Manual,0,Normal
18/03/2022 03:00,1642,24.87760069,244.6164458,Idle,Auto,0,Warning
18/02/2022 03:00,1057,18.03722463,146.0382522,Idle,Standby,0,Normal
25/02/2022 04:00,1997,22.57212836,55.90904617,Active,Auto,0,Warning
29/06/2022 16:00,1599,28.47900146,297.8184383,Active,Auto,0,Normal
22/01/2022 06:00,1926,20.96969757,76.32849058,Sleep,Standby,0,Normal
12/03/2022 00:00,1897,29.20073577,136.5624479,Active,Standby,1,Normal
21/01/2022 19:00,1439,27.44780827,228.6388753,Idle,Standby,0,Normal
09/07/2022 00:00,1786,18.43457124,461.8484623,Idle,Manual,0,Normal
19/03/2022 08:00,1944,25.20781277,388.3898708,Idle,Auto,0,Warning
27/02/2022 20:00,1089,24.63381329,77.24602574,Sleep,Standby,0,Normal
04/06/2022 23:00,1054,19.2934158,49.05568326,Active,Standby,0,Normal
10/04/2022 10:00,1241,21.66025114,62.69430228,Sleep,Standby,0,Normal
15/05/2022 20:00,1984,28.48716239,191.065139,Idle,Standby,0,Critical
06/03/2022 04:00,1001,27.2758461,428.0167075,Sleep,Auto,0,Normal
20/02/2022 17:00,1940,24.02402465,275.3838907,Active,Manual,0,Normal
22/04/2022 17:00,1044,25.9447524,390.1999311,Idle,Manual,0,Warning
05/05/2022 17:00,1319,25.43451178,89.37074641,Idle,Standby,1,Normal
19/02/2022 15:00,1867,23.11642133,380.4342715,Sleep,Manual,0,Normal
06/03/2022 06:00,1318,23.00079036,401.1348545,Idle,Standby,0,Normal
18/05/2022 13:00,1710,21.79743776,124.510249,Active,Manual,0,Warning
19/05/2022 12:00,1990,26.83270954,440.003656,Idle,Auto,0,Normal
16/04/2022 19:00,1848,28.62112168,470.7598275,Active,Auto,0,Normal
09/02/2022 17:00,1289,25.93291043,252.0746097,Active,Manual,0,Normal
30/06/2022 10:00,1205,24.63722642,403.0507479,Sleep,Standby,0,Normal
31/01/2022 12:00,1521,21.82505958,91.61006003,Idle,Manual,0,Critical
18/02/2022 04:00,1071,29.51787752,360.1418655,Sleep,Auto,0,Normal
18/05/2022 06:00,1759,24.20329241,89.28848371,Idle,Manual,0,Normal
05/05/2022 06:00,1385,21.31164931,321.7073178,Active,Auto,0,Normal
31/03/2022 20:00,1958,24.44767725,169.6012418,Active,Manual,1,Warning
14/02/2022 06:00,1248,24.69005652,180.6408015,Idle,Auto,0,Critical
20/04/2022 00:00,1795,21.82864452,126.8604689,Idle,Auto,0,Normal
18/02/2022 15:00,1764,26.3719086,293.907432,Idle,Manual,0,Warning
15/05/2022 06:00,1634,21.28199597,163.3215494,Sleep,Manual,0,Normal
01/06/2022 12:00,1074,27.4793209,199.5691151,Idle,Manual,0,Normal
03/05/2022 10:00,1505,21.74302758,341.1938053,Active,Auto,0,Normal
07/07/2022 03:00,1055,28.65581654,451.2937739,Idle,Auto,0,Normal
11/05/2022 20:00,1966,28.37666209,379.8905148,Sleep,Standby,0,Critical
06/01/2022 23:00,1022,28.26100014,260.1090708,Idle,Auto,0,Normal
30/05/2022 01:00,1440,26.96078439,360.7351662,Active,Auto,0,Normal
26/04/2022 22:00,1494,20.01590407,488.2168184,Idle,Standby,0,Normal
30/01/2022 21:00,1018,25.34926789,428.0490817,Sleep,Standby,0,Normal
17/03/2022 19:00,1800,26.68882243,287.8522018,Sleep,Auto,0,Normal
15/04/2022 06:00,1099,26.53232937,394.1165552,Active,Manual,0,Warning
01/07/2022 16:00,1248,20.54095205,255.2022659,Active,Manual,0,Normal
23/06/2022 19:00,1356,21.87085101,144.0976487,Active,Auto,0,Warning
17/01/2022 11:00,1341,21.65744587,232.1578259,Active,Manual,0,Normal
21/07/2022 12:00,1663,20.49746206,321.7456336,Active,Manual,0,Normal
07/07/2022 04:00,1235,25.41052465,65.52337739,Sleep,Standby,0,Normal
26/02/2022 21:00,1488,28.32277765,290.6681269,Idle,Manual,0,Normal
09/07/2022 22:00,1949,20.69818378,399.5959445,Sleep,Standby,0,Normal
25/01/2022 19:00,1343,22.0095916,108.7829981,Idle,Manual,1,Warning
14/06/2022 16:00,1440,28.28341989,446.6955587,Idle,Manual,0,Normal
02/05/2022 10:00,1277,23.26103031,389.1339813,Idle,Manual,0,Normal
07/04/2022 22:00,1746,29.80719916,487.1951221,Sleep,Manual,0,Warning
06/06/2022 22:00,1630,28.05390073,468.4985924,Idle,Standby,0,Normal
24/05/2022 08:00,1717,23.31260458,162.2500017,Active,Standby,0,Warning
10/06/2022 11:00,1853,26.08543166,51.99327155,Sleep,Auto,0,Normal
22/06/2022 04:00,1626,21.9600032,478.4128999,Sleep,Auto,0,Normal
11/07/2022 07:00,1433,25.06792992,34.89099626,Sleep,Standby,0,Warning
31/03/2022 07:00,1483,19.27776003,142.0453192,Active,Auto,0,Normal
07/03/2022 11:00,1299,21.51830179,475.2734568,Sleep,Auto,0,Normal
19/06/2022 23:00,1100,20.32676632,324.8921676,Sleep,Auto,0,Normal
16/02/2022 18:00,1148,23.80803955,421.5735741,Idle,Auto,0,Warning
27/04/2022 02:00,1229,28.9131137,248.239175,Idle,Standby,0,Normal
04/05/2022 15:00,1700,18.7809872,311.1286483,Idle,Auto,0,Normal
15/04/2022 08:00,1093,24.85918042,143.0159825,Sleep,Standby,0,Normal
25/05/2022 09:00,1104,29.82123583,204.7450219,Idle,Auto,0,Normal
29/01/2022 03:00,1192,19.40600728,275.7807925,Sleep,Standby,1,Normal
28/04/2022 00:00,1689,20.76342365,434.4093332,Sleep,Auto,1,Normal
20/05/2022 12:00,1857,26.40102048,404.7972647,Sleep,Auto,0,Warning
31/01/2022 08:00,1610,20.59860371,137.5860483,Idle,Auto,0,Normal
18/01/2022 04:00,1842,18.29026405,449.163955,Idle,Auto,0,Normal
12/05/2022 02:00,1031,24.68481913,262.7763694,Sleep,Standby,0,Warning
05/03/2022 04:00,1760,19.10791281,471.966755,Sleep,Standby,0,Normal
04/02/2022 09:00,1593,25.20972823,302.8939459,Idle,Manual,0,Normal
17/05/2022 03:00,1023,20.46794698,392.9552141,Active,Auto,0,Normal
15/06/2022 14:00,1896,18.77572017,183.5615382,Sleep,Manual,0,Normal
26/01/2022 16:00,1368,29.63082256,457.2972462,Sleep,Standby,0,Normal
05/01/2022 18:00,1710,23.38996471,491.8998,Active,Manual,0,Normal
18/01/2022 09:00,1135,27.55717924,168.4164262,Active,Standby,0,Warning
08/05/2022 21:00,1371,20.45357073,470.7380371,Active,Manual,0,Normal
09/03/2022 17:00,1009,26.00476224,385.2090182,Idle,Auto,0,Normal
26/07/2022 06:00,1306,22.05120032,175.190538,Sleep,Standby,0,Normal
24/06/2022 09:00,1377,25.79130516,220.7017201,Sleep,Manual,0,Normal
01/05/2022 16:00,1188,23.11523999,224.8219582,Active,Manual,0,Normal
14/07/2022 15:00,1267,28.12908775,427.3123721,Active,Standby,0,Normal
28/03/2022 18:00,1926,26.52196735,488.7280457,Idle,Auto,0,Normal
01/02/2022 09:00,1444,26.87050202,182.6552094,Active,Manual,0,Normal
17/04/2022 02:00,1617,21.87233165,233.1784375,Sleep,Standby,0,Warning
15/06/2022 09:00,1564,28.09025143,460.4853127,Idle,Manual,0,Normal
21/05/2022 13:00,1729,20.38937604,414.4339282,Sleep,Manual,0,Normal
21/06/2022 03:00,1816,18.63844738,148.2041618,Idle,Manual,0,Normal
12/04/2022 20:00,1951,21.64337064,328.4016816,Sleep,Auto,0,Normal
02/07/2022 12:00,1635,24.91839678,390.0609781,Sleep,Auto,0,Warning
14/02/2022 10:00,1845,20.42100735,43.95465504,Active,Manual,0,Normal
13/06/2022 01:00,1870,25.23981823,245.9890383,Idle,Auto,0,Normal
26/05/2022 18:00,1027,26.9804594,309.8385237,Sleep,Manual,0,Normal
25/04/2022 02:00,1844,23.35777893,75.22404505,Active,Auto,0,Normal
16/06/2022 16:00,1983,27.36312081,70.39573641,Sleep,Manual,0,Normal
07/03/2022 08:00,1570,20.1561786,102.7528609,Active,Manual,0,Normal
12/04/2022 03:00,1001,24.76690761,105.0277251,Active,Standby,0,Normal
06/06/2022 02:00,1652,21.08723787,251.9757751,Idle,Auto,0,Normal
13/07/2022 07:00,1896,23.2814119,362.4954438,Active,Manual,0,Normal
12/03/2022 07:00,1326,29.30799689,316.5902338,Sleep,Manual,0,Critical
05/02/2022 11:00,1645,21.0735483,402.9021219,Active,Standby,0,Warning
28/05/2022 18:00,1541,25.38083942,94.72717252,Idle,Standby,0,Critical
07/02/2022 07:00,1794,27.14639027,364.6707643,Sleep,Standby,0,Warning
11/07/2022 08:00,1923,23.51478662,464.9037818,Active,Manual,1,Normal
14/01/2022 23:00,1070,27.83996101,187.7605178,Idle,Manual,0,Warning
29/04/2022 07:00,1193,25.68515488,242.2614002,Idle,Manual,0,Normal
09/05/2022 15:00,1926,21.05782622,85.46641852,Idle,Standby,0,Normal
26/02/2022 04:00,1607,18.48005258,232.0668351,Idle,Standby,0,Normal
12/02/2022 07:00,1337,21.82151685,192.8244241,Idle,Auto,0,Normal
28/04/2022 08:00,1103,27.7897222,419.3841701,Active,Standby,0,Warning
09/03/2022 23:00,1943,25.10821241,483.1952742,Sleep,Standby,0,Normal
14/04/2022 17:00,1931,21.45784138,197.8805564,Idle,Auto,0,Normal
05/06/2022 10:00,1317,26.12775176,191.6234366,Idle,Standby,0,Normal
16/05/2022 11:00,1047,20.16584264,51.5411354,Idle,Standby,0,Normal
13/07/2022 02:00,1468,20.75960714,446.0684935,Idle,Manual,0,Normal
28/03/2022 06:00,1250,21.33842794,220.723637,Idle,Standby,0,Normal
05/07/2022 12:00,1033,23.49300073,364.010678,Idle,Standby,0,Normal
23/07/2022 10:00,1273,29.64660136,341.5992396,Active,Standby,0,Normal
10/03/2022 03:00,1737,28.50718698,37.69369752,Sleep,Auto,0,Normal
14/04/2022 07:00,1104,24.16991435,357.1022142,Sleep,Auto,0,Normal
05/04/2022 09:00,1542,21.22230289,33.23158504,Active,Auto,0,Normal
04/05/2022 07:00,1792,29.08513445,20.47945306,Idle,Standby,0,Normal
17/07/2022 03:00,1130,19.33175432,306.6534968,Active,Manual,0,Normal
08/05/2022 11:00,1270,26.64979104,345.3821521,Active,Standby,0,Normal
31/03/2022 05:00,1118,29.73486452,323.3689635,Idle,Auto,0,Normal
10/05/2022 22:00,1117,20.78995021,319.4310418,Idle,Auto,0,Normal
16/07/2022 21:00,1885,25.84153275,361.6510471,Sleep,Auto,0,Normal
18/06/2022 13:00,1987,23.60032412,82.33049951,Idle,Standby,0,Normal
20/05/2022 20:00,1002,22.40982064,76.81320973,Sleep,Manual,0,Normal
25/04/2022 08:00,1215,29.87640755,400.0912928,Sleep,Standby,0,Normal
27/05/2022 02:00,1396,26.13079026,353.4959211,Idle,Auto,0,Normal
11/03/2022 23:00,1183,21.77719603,80.00218861,Sleep,Auto,0,Normal
27/06/2022 01:00,1838,22.08208042,268.3695965,Idle,Auto,0,Normal
12/05/2022 03:00,1301,27.76390208,122.7388661,Sleep,Auto,0,Normal
06/04/2022 14:00,1053,22.69663252,495.2541422,Sleep,Manual,0,Normal
25/01/2022 04:00,1279,24.58266057,379.2385735,Idle,Auto,0,Normal
03/03/2022 06:00,1097,26.81790877,242.4734829,Active,Standby,0,Normal
19/06/2022 14:00,1899,26.87752181,165.9305426,Idle,Standby,0,Critical
20/05/2022 07:00,1856,19.11045698,282.0780061,Active,Auto,0,Normal
10/07/2022 23:00,1887,29.9111882,172.0888109,Sleep,Standby,0,Normal
03/06/2022 00:00,1331,28.15711329,29.01360687,Idle,Standby,0,Normal
24/01/2022 07:00,1433,21.03179907,365.6416882,Idle,Standby,0,Warning
29/04/2022 17:00,1793,28.95759272,278.5900477,Idle,Manual,0,Normal
22/01/2022 08:00,1183,19.26501431,140.6165867,Active,Auto,0,Warning
15/02/2022 01:00,1353,22.26769231,145.2647347,Idle,Manual,0,Normal
11/03/2022 08:00,1492,26.67583482,318.5754332,Active,Auto,0,Normal
12/02/2022 04:00,1941,24.67463358,28.33390916,Active,Standby,0,Normal
22/03/2022 11:00,1127,20.20952519,465.0627793,Active,Standby,0,Normal
17/02/2022 22:00,1730,27.16960964,31.74911127,Active,Standby,0,Normal
29/04/2022 06:00,1299,18.21237581,45.40036056,Active,Standby,0,Normal
05/01/2022 20:00,1271,20.47441887,125.6804616,Active,Standby,1,Normal
31/01/2022 20:00,1721,29.88035638,372.1591261,Active,Standby,0,Normal
20/07/2022 06:00,1674,19.68546227,331.2322741,Idle,Standby,0,Critical
03/06/2022 03:00,1011,19.85589384,163.408985,Idle,Manual,0,Normal
04/02/2022 14:00,1843,22.71252558,64.12886139,Idle,Standby,0,Normal
05/01/2022 23:00,1978,26.43094521,148.0367223,Active,Manual,0,Normal
22/07/2022 05:00,1615,25.86295185,456.9488638,Idle,Standby,0,Normal
17/07/2022 10:00,1559,24.10088248,45.10912707,Idle,Auto,0,Critical
27/01/2022 11:00,1983,23.20887555,117.1337172,Active,Auto,0,Normal
06/07/2022 01:00,1572,21.95773718,442.042389,Idle,Standby,0,Normal
01/07/2022 20:00,1151,26.53796302,309.3863555,Sleep,Manual,0,Normal
22/06/2022 14:00,1699,21.2531572,44.11621986,Idle,Standby,0,Normal
11/02/2022 07:00,1247,19.43962915,388.4371793,Active,Manual,0,Normal
06/02/2022 12:00,1756,22.2318605,298.7703526,Active,Standby,0,Normal
01/01/2022 04:00,1663,18.68954813,390.7409406,Idle,Standby,0,Normal
08/05/2022 03:00,1967,26.55903127,353.8272288,Active,Manual,0,Normal
11/05/2022 04:00,1756,29.45282576,405.7723396,Sleep,Auto,0,Normal
21/04/2022 20:00,1565,21.01826103,285.8097207,Idle,Manual,0,Normal
14/04/2022 19:00,1400,25.73224283,267.6939539,Idle,Auto,0,Normal
10/06/2022 14:00,1729,25.76691823,288.3673528,Idle,Standby,0,Normal
13/03/2022 11:00,1130,21.67054728,16.19200247,Idle,Auto,0,Normal
17/02/2022 20:00,1305,18.69724471,254.0093652,Idle,Auto,0,Normal
16/05/2022 21:00,1186,20.81829273,81.29711345,Sleep,Standby,0,Warning
24/01/2022 22:00,1625,27.79220709,488.4361702,Sleep,Standby,0,Normal
07/06/2022 01:00,1608,26.30169167,180.3815642,Sleep,Auto,0,Normal
05/06/2022 16:00,1389,27.68547521,69.34710197,Active,Manual,0,Normal
22/06/2022 18:00,1551,24.26542238,132.3363881,Sleep,Auto,0,Normal
05/02/2022 13:00,1344,21.59380126,367.5864962,Sleep,Auto,0,Normal
24/03/2022 14:00,1115,19.46069597,282.9925827,Sleep,Standby,0,Normal
26/04/2022 14:00,1954,20.62043206,482.5176509,Sleep,Standby,0,Normal
18/02/2022 14:00,1895,21.73164547,378.2222723,Sleep,Standby,0,Warning
10/02/2022 11:00,1927,22.09809851,62.06423832,Active,Auto,0,Normal
23/04/2022 13:00,1700,28.41487111,470.885137,Active,Manual,0,Normal
07/07/2022 07:00,1534,25.52592939,29.98300436,Sleep,Auto,0,Normal
10/06/2022 07:00,1465,20.25766892,386.959239,Idle,Manual,0,Normal
09/04/2022 16:00,1432,22.24658555,102.167316,Active,Auto,0,Normal
21/06/2022 11:00,1703,24.27078056,404.8434714,Idle,Auto,0,Normal
22/06/2022 03:00,1509,25.44812175,409.7790817,Idle,Manual,0,Normal
03/05/2022 22:00,1459,28.56629248,44.44393579,Sleep,Auto,0,Normal
22/01/2022 20:00,1424,23.09635501,401.5946069,Sleep,Auto,0,Normal
13/04/2022 07:00,1878,20.22284126,208.2673338,Active,Auto,0,Normal
18/03/2022 17:00,1264,23.51766725,465.1657524,Idle,Standby,0,Normal
23/01/2022 09:00,1208,25.865028,36.27145695,Idle,Auto,0,Normal
27/04/2022 22:00,1791,18.34120446,162.6794172,Active,Auto,0,Normal
30/06/2022 21:00,1183,19.78000551,181.851277,Sleep,Standby,0,Warning
13/05/2022 07:00,1168,22.23713401,372.3782227,Idle,Standby,0,Normal
02/02/2022 16:00,1905,27.38598378,442.5329267,Idle,Standby,0,Normal
19/06/2022 01:00,1830,29.22986572,190.850783,Sleep,Standby,0,Warning
28/02/2022 17:00,1758,29.37884889,460.9967183,Sleep,Manual,1,Warning
16/04/2022 17:00,1289,22.6074369,440.2323379,Active,Auto,0,Normal
07/01/2022 10:00,1993,18.46714013,129.6770403,Idle,Standby,0,Normal
06/05/2022 09:00,1067,20.49957104,339.1659991,Sleep,Standby,0,Normal
12/03/2022 06:00,1146,27.93403464,383.6922492,Sleep,Manual,0,Warning
01/05/2022 21:00,1918,18.38558812,125.4693679,Sleep,Standby,0,Normal
26/07/2022 05:00,1800,21.33057146,483.9414146,Idle,Standby,0,Normal
10/06/2022 23:00,1704,26.08071597,451.10897,Idle,Auto,0,Warning
24/04/2022 21:00,1323,19.49884719,206.2297727,Sleep,Standby,0,Normal
20/03/2022 23:00,1023,24.54001482,39.73659116,Active,Standby,0,Normal
24/01/2022 17:00,1444,23.96895895,163.3609152,Idle,Manual,0,Normal
17/03/2022 16:00,1812,18.84361917,411.7977338,Sleep,Auto,1,Normal
28/03/2022 01:00,1132,20.11991103,485.9356759,Idle,Auto,0,Normal
06/01/2022 07:00,1330,18.54491264,204.1397406,Active,Manual,0,Normal
22/05/2022 10:00,1139,21.51961611,341.8159344,Active,Manual,0,Normal
19/05/2022 15:00,1637,27.61185244,203.8501419,Sleep,Standby,0,Normal
27/07/2022 18:00,1531,29.13840748,84.39582814,Idle,Standby,0,Normal
04/05/2022 23:00,1442,22.24706813,10.61772656,Active,Auto,0,Normal
10/02/2022 20:00,1688,28.84540321,353.1550753,Idle,Auto,0,Normal
06/04/2022 20:00,1273,24.72875895,428.4810474,Active,Manual,0,Warning
08/01/2022 22:00,1807,18.43242769,200.1874205,Active,Auto,0,Normal
17/02/2022 11:00,1811,18.93588747,44.43972093,Active,Auto,1,Warning
30/01/2022 03:00,1325,21.05663818,182.8486041,Active,Auto,0,Normal
19/07/2022 04:00,1312,23.91138743,229.0578233,Sleep,Standby,0,Normal
26/01/2022 06:00,1392,25.33116903,166.9395467,Sleep,Auto,0,Normal
28/06/2022 04:00,1555,20.34198618,272.7982559,Active,Manual,0,Critical
13/01/2022 13:00,1774,24.98727265,405.9101381,Active,Manual,0,Normal
23/05/2022 12:00,1248,21.31955042,24.45348185,Active,Auto,0,Warning
20/07/2022 20:00,1896,24.39678664,309.5402722,Idle,Standby,0,Normal
14/02/2022 04:00,1346,21.92385971,149.3560186,Active,Manual,0,Normal
17/04/2022 21:00,1495,20.04462365,228.4975673,Active,Manual,0,Normal
28/07/2022 02:00,1031,23.51861559,159.3249223,Active,Standby,1,Normal
14/02/2022 13:00,1452,25.30741538,47.44117486,Idle,Auto,0,Normal
16/04/2022 04:00,1993,24.14722263,327.7690964,Idle,Manual,0,Normal
02/04/2022 21:00,1336,28.21942894,157.3389816,Sleep,Manual,1,Normal
21/02/2022 19:00,1924,26.46593437,132.0587031,Idle,Standby,0,Normal
01/01/2022 16:00,1314,24.16388135,282.1607745,Active,Standby,0,Normal
11/05/2022 00:00,1946,19.50696336,475.3266454,Active,Auto,0,Normal
13/07/2022 10:00,1419,25.78415264,372.8137785,Idle,Auto,0,Normal
03/02/2022 23:00,1580,28.18602804,56.65267544,Idle,Manual,0,Normal
08/05/2022 19:00,1452,19.93165403,149.0447275,Idle,Manual,0,Normal
19/07/2022 08:00,1842,21.07005784,145.4697754,Sleep,Manual,0,Normal
09/02/2022 23:00,1583,22.97148857,138.475143,Sleep,Standby,0,Normal
10/01/2022 09:00,1049,25.84735388,78.9906155,Idle,Auto,0,Warning
20/05/2022 18:00,1619,29.48080201,83.21557435,Idle,Manual,0,Critical
14/04/2022 13:00,1011,26.93967109,117.876138,Sleep,Standby,0,Normal
24/01/2022 10:00,1395,29.61591354,453.4071383,Active,Auto,0,Normal
24/05/2022 04:00,1985,19.98143321,365.0849164,Idle,Auto,0,Normal
12/03/2022 13:00,1191,28.26318095,391.7784057,Sleep,Auto,0,Normal
13/02/2022 13:00,1802,21.68097071,468.8574903,Active,Auto,0,Normal
24/05/2022 14:00,1801,21.05879258,440.8548891,Idle,Auto,0,Normal
10/07/2022 05:00,1763,24.29367278,120.8295125,Active,Standby,0,Warning
09/02/2022 18:00,1070,20.87785063,384.6751819,Sleep,Auto,0,Normal
27/07/2022 17:00,1960,21.95190854,30.15931383,Sleep,Standby,0,Normal
24/04/2022 23:00,1653,23.77640842,345.5797223,Idle,Manual,0,Warning
24/07/2022 07:00,1856,26.07607972,31.60306727,Idle,Auto,0,Warning
17/07/2022 07:00,1864,27.58726284,189.8463524,Active,Manual,0,Warning
20/07/2022 23:00,1217,23.64171815,251.7533744,Sleep,Standby,0,Warning
20/02/2022 18:00,1340,20.45796069,16.31416589,Sleep,Auto,0,Normal
05/03/2022 15:00,1012,23.54001865,363.1348877,Sleep,Manual,0,Normal
16/06/2022 03:00,1679,18.66746651,172.6988945,Idle,Standby,0,Critical
24/02/2022 04:00,1292,29.13360077,329.8585844,Idle,Auto,0,Normal
23/07/2022 19:00,1470,23.69539093,345.9030421,Idle,Auto,0,Normal
07/01/2022 16:00,1697,21.93753585,318.3591742,Active,Auto,0,Critical
19/06/2022 11:00,1018,23.42393256,319.3571905,Sleep,Auto,0,Normal
09/02/2022 20:00,1421,23.91138374,278.7701117,Idle,Standby,1,Normal
07/06/2022 23:00,1144,18.64408571,432.5048656,Active,Auto,0,Normal
15/05/2022 18:00,1448,29.93599216,78.11223648,Idle,Auto,0,Warning
30/04/2022 13:00,1833,18.83593638,197.8075203,Active,Standby,0,Normal
07/06/2022 09:00,1525,25.25155291,133.2408032,Idle,Auto,0,Normal
04/07/2022 17:00,1120,24.81678131,227.8723202,Sleep,Auto,0,Normal
04/05/2022 09:00,1582,20.58229678,383.1516293,Active,Standby,0,Normal
02/04/2022 16:00,1112,20.84537771,374.9306414,Idle,Manual,0,Critical
05/01/2022 02:00,1880,23.10866759,181.4656777,Active,Standby,0,Normal
17/04/2022 13:00,1860,23.26407981,74.58426506,Sleep,Manual,0,Normal
13/05/2022 15:00,1623,29.85870054,406.1845715,Sleep,Auto,0,Normal
11/01/2022 13:00,1913,27.89026008,248.4346583,Active,Auto,0,Normal
13/06/2022 11:00,1251,22.53637629,329.4377447,Idle,Manual,0,Normal
24/06/2022 23:00,1187,25.48138811,418.1135259,Idle,Manual,0,Normal
02/03/2022 05:00,1501,24.58866274,368.2001638,Sleep,Manual,0,Warning
10/03/2022 16:00,1661,27.26373777,298.0954874,Active,Manual,0,Normal
15/07/2022 02:00,1402,29.55851001,282.2172423,Sleep,Standby,0,Normal
16/07/2022 19:00,1944,22.28644026,442.7269203,Active,Manual,0,Normal
16/06/2022 07:00,1164,18.09719139,79.7076127,Sleep,Standby,0,Critical
12/03/2022 16:00,1693,22.77354662,182.6412468,Active,Manual,0,Normal
13/05/2022 23:00,1469,21.987421,176.8881522,Active,Standby,0,Normal
07/07/2022 11:00,1528,21.28853808,495.8192817,Active,Standby,0,Normal
18/02/2022 02:00,1098,28.10250012,67.45217677,Sleep,Standby,0,Normal
04/04/2022 23:00,1893,19.01422192,103.4900674,Active,Manual,0,Normal
12/03/2022 02:00,1960,29.77307987,326.9632602,Active,Manual,0,Warning
13/05/2022 02:00,1013,20.41043935,312.2082698,Active,Standby,0,Normal
27/03/2022 16:00,1185,18.74344045,199.7965443,Sleep,Standby,0,Normal
20/06/2022 10:00,1883,19.37812827,153.5820459,Idle,Manual,0,Normal
10/05/2022 12:00,1839,22.4712798,353.9966348,Active,Auto,0,Normal
09/07/2022 12:00,1226,24.96235718,128.869138,Idle,Manual,0,Normal
05/06/2022 03:00,1296,19.59482106,298.1392904,Sleep,Manual,0,Normal
27/03/2022 09:00,1081,27.60449344,157.0130516,Sleep,Auto,0,Warning
01/06/2022 19:00,1016,25.84010673,82.33657503,Active,Manual,0,Warning
25/07/2022 07:00,1861,19.39937082,133.8705019,Sleep,Auto,0,Normal
26/01/2022 23:00,1419,27.96981875,407.6260857,Idle,Standby,0,Normal
11/01/2022 22:00,1001,27.90369463,284.7745765,Idle,Standby,0,Normal
21/05/2022 09:00,1722,29.4430164,50.63035655,Active,Auto,0,Normal
19/06/2022 05:00,1427,29.67857311,283.2583983,Active,Standby,0,Normal
17/03/2022 02:00,1432,19.9402541,178.1751193,Sleep,Auto,0,Normal
17/07/2022 08:00,1178,25.26727018,434.1490374,Sleep,Auto,0,Normal
28/07/2022 00:00,1615,26.31295499,164.623717,Idle,Manual,0,Normal
10/04/2022 09:00,1561,27.5241006,471.2615869,Active,Standby,0,Normal
23/03/2022 15:00,1992,19.36630606,149.9626287,Sleep,Manual,0,Normal
05/05/2022 00:00,1795,27.44057359,27.82528369,Idle,Manual,0,Normal
21/01/2022 08:00,1918,25.07949443,430.7412452,Active,Manual,0,Normal
18/03/2022 19:00,1939,26.29015336,481.7667795,Active,Manual,0,Normal
14/03/2022 06:00,1792,21.54176915,168.6390826,Active,Auto,0,Normal
02/05/2022 07:00,1357,28.17246219,299.2360066,Active,Standby,0,Normal
15/05/2022 03:00,1518,25.20444128,351.8689758,Active,Manual,0,Normal
07/01/2022 02:00,1552,25.33625285,183.6247428,Idle,Auto,1,Warning
24/03/2022 18:00,1377,22.64928657,342.0997483,Sleep,Standby,0,Normal
27/02/2022 01:00,1196,21.68974075,290.2242777,Active,Auto,0,Normal
28/04/2022 03:00,1518,24.6911455,376.9979823,Sleep,Auto,0,Normal
28/01/2022 11:00,1345,18.10923169,12.7988584,Idle,Auto,0,Normal
16/03/2022 18:00,1619,25.81758053,19.40717432,Sleep,Auto,0,Normal
15/04/2022 15:00,1183,27.34590067,120.6518577,Sleep,Standby,0,Normal
22/05/2022 13:00,1076,25.86054711,33.8882305,Sleep,Auto,1,Normal
28/06/2022 10:00,1519,20.70941791,197.1296949,Active,Manual,0,Normal
17/02/2022 19:00,1567,21.12113239,425.3563494,Idle,Manual,0,Normal
17/05/2022 08:00,1348,22.8527742,130.7611532,Idle,Auto,0,Normal
26/01/2022 08:00,1796,21.77806649,322.6763103,Active,Standby,0,Normal
30/05/2022 06:00,1555,21.18191272,84.15581057,Active,Standby,0,Warning
22/03/2022 10:00,1163,24.75837206,139.147341,Active,Auto,0,Normal
09/01/2022 05:00,1320,22.65014606,162.4831718,Sleep,Auto,0,Normal
03/05/2022 03:00,1904,21.55987972,56.62933904,Sleep,Standby,0,Normal
07/04/2022 23:00,1270,25.59904684,224.7388289,Sleep,Manual,0,Normal
02/07/2022 21:00,1885,29.27619696,254.0163647,Idle,Standby,0,Normal
01/02/2022 22:00,1166,19.70747074,33.01955222,Idle,Manual,0,Normal
07/07/2022 08:00,1243,23.57681116,400.7890449,Idle,Standby,0,Normal
25/06/2022 18:00,1532,24.12402891,167.2473264,Active,Standby,0,Normal
16/05/2022 15:00,1789,28.43724863,308.9987784,Sleep,Auto,0,Warning
09/01/2022 10:00,1827,21.6412364,195.1767393,Idle,Manual,0,Normal
27/05/2022 06:00,1788,21.79579664,497.690857,Sleep,Auto,0,Normal
14/03/2022 05:00,1596,19.67061571,58.9225497,Idle,Manual,0,Normal
26/04/2022 17:00,1023,20.89057628,96.34898388,Sleep,Standby,0,Normal
13/03/2022 03:00,1661,18.88109084,206.1029173,Sleep,Auto,0,Warning
25/05/2022 18:00,1937,19.75196468,215.9121288,Idle,Manual,0,Normal
05/02/2022 14:00,1142,21.17374653,340.4850576,Idle,Auto,0,Normal
17/07/2022 09:00,1180,22.67180061,115.1060415,Sleep,Auto,0,Normal
20/06/2022 17:00,1894,23.49720433,219.259046,Active,Standby,0,Normal
01/04/2022 00:00,1034,26.99129001,210.787345,Idle,Standby,1,Warning
30/01/2022 02:00,1288,24.96044941,340.5592739,Active,Manual,0,Normal
26/07/2022 03:00,1406,25.69319661,338.3049316,Active,Manual,0,Warning
05/05/2022 23:00,1774,26.26735009,201.4969073,Idle,Manual,1,Normal
04/06/2022 00:00,1608,23.63295766,378.5285976,Idle,Standby,0,Warning
10/03/2022 04:00,1377,25.9028542,239.8335445,Idle,Manual,0,Normal
25/05/2022 01:00,1410,23.61685245,233.8944496,Active,Auto,0,Normal
30/05/2022 05:00,1717,24.35613315,198.4604166,Sleep,Standby,0,Normal
23/02/2022 19:00,1327,18.30232599,115.4993958,Idle,Auto,0,Normal
14/07/2022 03:00,1208,20.99964612,241.5154755,Sleep,Standby,0,Normal
19/03/2022 05:00,1713,26.75695556,420.0825728,Active,Manual,0,Normal
06/06/2022 19:00,1909,22.39145167,29.22231228,Active,Manual,0,Normal
18/05/2022 16:00,1135,26.1608524,85.23260996,Idle,Auto,0,Normal
24/07/2022 16:00,1949,23.20044349,299.348374,Active,Auto,0,Normal
05/06/2022 23:00,1776,18.56502912,171.6943754,Active,Manual,0,Normal
24/05/2022 13:00,1634,23.71062626,445.6445608,Idle,Standby,0,Normal
25/03/2022 06:00,1996,26.3273519,432.1993406,Active,Auto,1,Normal
28/01/2022 15:00,1885,27.08376455,71.07948211,Sleep,Standby,0,Normal
19/07/2022 03:00,1133,28.8242536,365.2076923,Active,Standby,1,Warning
06/06/2022 04:00,1915,23.11710044,262.2445054,Active,Auto,0,Normal
03/07/2022 21:00,1750,23.48508917,277.518894,Active,Auto,0,Normal
17/07/2022 16:00,1444,25.80925212,435.4739074,Idle,Standby,0,Normal
30/01/2022 13:00,1804,26.70950256,208.2853377,Idle,Standby,0,Warning
23/02/2022 10:00,1898,20.68558073,311.9615423,Sleep,Manual,0,Normal
22/04/2022 11:00,1498,22.65057122,145.8921281,Idle,Manual,0,Normal
17/06/2022 21:00,1637,19.20152924,498.7695276,Active,Standby,0,Normal
24/02/2022 10:00,1701,29.95930395,67.1241575,Active,Manual,1,Normal
04/04/2022 05:00,1204,23.54548845,336.8518789,Active,Manual,0,Warning
18/05/2022 14:00,1517,26.86193257,47.90534897,Active,Standby,0,Normal
26/03/2022 22:00,1680,28.23348329,302.3448523,Active,Standby,0,Normal
05/03/2022 17:00,1434,28.24895731,466.825991,Sleep,Manual,0,Normal
11/03/2022 07:00,1247,27.08440785,99.98211115,Idle,Manual,0,Normal
25/07/2022 14:00,1517,25.72233733,385.4970125,Active,Auto,0,Normal
26/07/2022 09:00,1516,29.66163822,428.0446315,Idle,Auto,0,Normal
01/06/2022 03:00,1642,18.02367936,118.1578762,Active,Standby,0,Normal
23/04/2022 05:00,1717,20.49394763,315.8779917,Active,Standby,0,Critical
08/05/2022 12:00,1460,19.43609229,271.6725618,Active,Manual,0,Critical
08/03/2022 13:00,1985,26.53440558,14.23859101,Idle,Manual,0,Normal
24/04/2022 17:00,1421,21.13871859,318.293637,Idle,Standby,0,Normal
20/04/2022 09:00,1516,26.62606736,260.564145,Idle,Auto,0,Normal
12/05/2022 13:00,1873,28.36183041,57.47366308,Sleep,Standby,0,Normal
19/05/2022 02:00,1285,27.12040857,487.1108154,Idle,Auto,0,Normal
13/03/2022 18:00,1264,28.16212493,199.3355607,Active,Manual,0,Normal
14/02/2022 03:00,1082,28.37450298,370.2015011,Idle,Standby,0,Normal
13/07/2022 04:00,1266,19.97566035,208.1114435,Idle,Manual,0,Warning
16/05/2022 02:00,1511,21.54072531,79.76506938,Sleep,Auto,0,Normal
11/03/2022 22:00,1152,27.30738449,445.9987424,Active,Manual,0,Normal
15/03/2022 05:00,1106,28.37196779,304.3819697,Sleep,Standby,0,Normal
24/06/2022 15:00,1372,25.83380642,226.950004,Active,Standby,0,Normal
24/01/2022 11:00,1993,23.09702935,331.5181601,Active,Standby,0,Warning
27/04/2022 06:00,1507,19.43757131,447.5925077,Idle,Standby,0,Normal
05/02/2022 23:00,1573,25.97339285,80.9349731,Active,Auto,0,Warning
03/03/2022 20:00,1394,24.73648308,105.4972584,Sleep,Manual,0,Normal
09/01/2022 14:00,1721,24.5245368,154.8308902,Idle,Manual,1,Normal
07/07/2022 00:00,1822,18.45902057,133.7033434,Idle,Standby,0,Normal
06/02/2022 06:00,1424,22.10243898,236.6569005,Sleep,Manual,0,Normal
07/07/2022 05:00,1351,19.00148828,106.2833516,Sleep,Manual,0,Normal
21/01/2022 22:00,1103,19.93074333,126.7136656,Sleep,Manual,0,Normal
12/02/2022 20:00,1122,26.86269359,157.1068965,Active,Auto,1,Normal
10/06/2022 00:00,1319,28.57802602,416.4913717,Idle,Standby,0,Normal
23/04/2022 02:00,1599,24.98792803,39.19396901,Active,Auto,0,Normal
07/03/2022 10:00,1979,22.29491499,165.1658955,Idle,Standby,0,Normal
26/04/2022 13:00,1416,28.76781071,454.770708,Idle,Auto,0,Normal
24/04/2022 19:00,1722,28.5550071,394.550385,Sleep,Manual,0,Warning
03/02/2022 12:00,1881,27.95831474,442.7476223,Active,Standby,0,Normal
01/06/2022 21:00,1698,25.33439071,309.2514927,Active,Auto,0,Normal
13/04/2022 06:00,1496,23.08584347,349.6513404,Active,Manual,1,Normal
11/07/2022 14:00,1756,21.39290475,491.7448401,Active,Standby,0,Normal
10/05/2022 08:00,1600,24.23472556,471.1279935,Active,Standby,0,Normal
23/07/2022 03:00,1240,27.06947633,393.2750971,Sleep,Manual,0,Normal
09/01/2022 08:00,1271,29.56981487,280.9492404,Sleep,Standby,1,Normal
10/05/2022 03:00,1138,29.95679824,263.3436715,Idle,Auto,1,Warning
05/04/2022 22:00,1748,26.80573084,190.2708452,Active,Manual,0,Critical
29/05/2022 09:00,1165,25.11354851,13.79911469,Active,Manual,0,Normal
06/07/2022 10:00,1648,18.25501913,142.4994653,Idle,Auto,0,Normal
08/07/2022 02:00,1989,25.49574462,321.0094416,Idle,Manual,0,Normal
17/01/2022 07:00,1272,28.05325542,180.0891914,Sleep,Auto,0,Normal
04/03/2022 07:00,1966,27.34865892,314.8063191,Idle,Standby,0,Normal
23/04/2022 07:00,1497,23.44585422,441.3484315,Active,Standby,0,Normal
26/03/2022 11:00,1333,20.61170949,208.8599786,Sleep,Manual,0,Normal
18/04/2022 00:00,1180,24.95234245,118.8628379,Sleep,Manual,0,Critical
03/01/2022 16:00,1002,22.86035831,22.77895587,Sleep,Manual,0,Normal
11/06/2022 20:00,1836,23.07601314,52.97029721,Idle,Manual,0,Normal
27/03/2022 22:00,1974,19.79442261,425.9190485,Active,Auto,0,Critical
21/01/2022 12:00,1547,29.70145955,158.3685921,Sleep,Auto,0,Normal
16/01/2022 19:00,1796,21.04471218,161.5786413,Sleep,Standby,0,Normal
22/07/2022 11:00,1216,25.24229599,311.1769528,Sleep,Auto,0,Normal
16/06/2022 09:00,1930,22.3347656,79.51399282,Idle,Standby,0,Normal
23/07/2022 15:00,1664,25.45664415,369.1900275,Active,Auto,0,Warning
14/02/2022 20:00,1648,20.37140622,468.0763661,Active,Manual,0,Normal
06/02/2022 14:00,1629,25.28192387,444.7481339,Sleep,Standby,0,Normal
15/01/2022 01:00,1067,23.56569911,488.9305321,Active,Standby,0,Normal
12/02/2022 08:00,1121,26.18967058,85.47324832,Active,Standby,0,Normal
23/02/2022 03:00,1406,20.77187911,74.61075484,Active,Auto,0,Normal
08/06/2022 06:00,1797,27.27558749,12.08245096,Active,Manual,1,Normal
09/07/2022 15:00,1791,29.31362855,200.1829515,Sleep,Auto,0,Warning
20/05/2022 06:00,1611,19.15547895,459.8677495,Idle,Auto,0,Normal
24/07/2022 15:00,1209,29.5536257,268.7580227,Sleep,Auto,0,Normal
11/02/2022 11:00,1243,26.74234479,230.9744493,Sleep,Manual,0,Normal
24/03/2022 13:00,1836,21.90655298,49.22224353,Active,Auto,0,Normal
29/06/2022 01:00,1290,26.5651914,21.51506268,Active,Standby,0,Normal
07/01/2022 17:00,1071,22.19169135,68.51074313,Active,Standby,0,Normal
19/07/2022 22:00,1796,19.6649214,76.10045677,Sleep,Manual,0,Normal
04/03/2022 12:00,1222,20.07638521,98.64762942,Idle,Manual,0,Warning
10/06/2022 03:00,1878,24.32673374,399.5946687,Active,Manual,0,Normal
19/04/2022 21:00,1892,20.89573402,412.3866161,Active,Manual,0,Normal
25/05/2022 05:00,1421,24.34309895,301.2876722,Sleep,Auto,0,Warning
12/02/2022 13:00,1868,23.51476023,272.0574271,Idle,Auto,0,Normal
09/05/2022 01:00,1477,27.33486505,478.2289086,Active,Manual,0,Normal
14/06/2022 07:00,1535,29.67066089,217.2208859,Active,Standby,0,Normal
08/03/2022 01:00,1546,22.34663477,117.0911654,Sleep,Manual,0,Warning
23/03/2022 11:00,1335,18.77713374,325.9699577,Sleep,Auto,0,Normal
12/05/2022 08:00,1649,27.95821636,140.6638769,Sleep,Standby,0,Warning
02/01/2022 10:00,1060,28.18506269,29.26336036,Active,Auto,0,Warning
17/06/2022 06:00,1772,21.62537118,302.827479,Sleep,Standby,0,Normal
02/02/2022 07:00,1668,18.85844379,459.829982,Active,Standby,0,Normal
17/04/2022 12:00,1058,21.93761063,497.290587,Idle,Standby,0,Normal
03/03/2022 14:00,1024,25.86020338,444.6720258,Idle,Manual,0,Normal
26/02/2022 19:00,1838,20.64733155,250.6081787,Sleep,Manual,0,Warning
19/04/2022 20:00,1705,22.251997,349.3491383,Active,Standby,0,Warning
28/04/2022 16:00,1076,25.30754197,454.6850429,Idle,Auto,0,Normal
27/03/2022 01:00,1482,27.33033324,350.3319436,Active,Standby,0,Normal
11/01/2022 01:00,1999,29.9487449,328.0304386,Sleep,Auto,0,Warning
27/03/2022 21:00,1280,27.86574119,102.5139907,Active,Manual,0,Normal
09/04/2022 11:00,1459,19.01968287,111.0873182,Sleep,Auto,0,Normal
26/01/2022 00:00,1862,22.29525135,215.0277242,Idle,Auto,1,Normal
12/04/2022 11:00,1801,20.15833905,56.64548453,Idle,Standby,0,Warning
01/05/2022 08:00,1479,22.02095441,71.0670208,Sleep,Standby,0,Normal
27/01/2022 22:00,1331,24.39664105,25.69713527,Active,Standby,0,Normal
12/06/2022 02:00,1316,23.56913184,234.0733016,Sleep,Manual,0,Normal
29/05/2022 04:00,1747,22.9936628,143.9924636,Active,Auto,0,Normal
14/05/2022 10:00,1534,20.44236538,86.27452876,Idle,Standby,0,Normal
05/03/2022 16:00,1815,23.34173175,300.1913616,Idle,Manual,0,Normal
22/02/2022 19:00,1898,21.04575533,248.8558873,Active,Standby,0,Normal
21/03/2022 03:00,1646,25.10506201,338.9285253,Idle,Manual,0,Normal
14/07/2022 02:00,1261,26.31886839,356.3478593,Active,Manual,0,Normal
06/05/2022 05:00,1352,27.76438381,30.78063178,Idle,Manual,0,Normal
24/04/2022 22:00,1911,26.04965163,262.1895849,Idle,Manual,0,Normal
08/01/2022 21:00,1339,22.82464861,26.73482602,Sleep,Manual,1,Normal
17/03/2022 06:00,1004,26.50020695,312.091958,Active,Standby,0,Normal
10/02/2022 15:00,1602,25.56977885,376.965784,Active,Manual,0,Normal
25/04/2022 11:00,1052,18.47555354,214.0248149,Sleep,Standby,0,Critical
27/03/2022 07:00,1817,27.45043704,384.2735325,Active,Auto,0,Normal
17/04/2022 14:00,1945,20.29324102,244.9400795,Idle,Manual,0,Normal
15/02/2022 02:00,1176,27.74960397,56.22922137,Active,Manual,0,Normal
20/01/2022 18:00,1892,22.02311559,335.3267659,Idle,Standby,0,Warning
02/05/2022 00:00,1360,18.97507423,105.6371363,Active,Auto,0,Warning
21/07/2022 19:00,1897,19.95792372,403.7846399,Active,Manual,0,Normal
21/06/2022 13:00,1556,19.84031371,335.616698,Idle,Manual,0,Normal
22/05/2022 01:00,1807,25.36258406,482.7790136,Idle,Standby,0,Normal
09/07/2022 19:00,1245,26.01206111,378.446738,Sleep,Manual,0,Normal
19/02/2022 08:00,1923,18.34187379,451.1243225,Idle,Auto,0,Normal
12/04/2022 09:00,1619,19.30722826,114.2700697,Sleep,Manual,0,Normal
10/04/2022 15:00,1152,23.96783273,192.1524864,Sleep,Standby,1,Normal
02/02/2022 01:00,1679,21.28870765,26.13683939,Idle,Standby,0,Normal
12/03/2022 05:00,1986,19.96264169,445.4865636,Sleep,Standby,0,Warning
06/01/2022 10:00,1800,27.9098263,79.17121305,Idle,Standby,0,Normal
02/05/2022 15:00,1830,22.6155782,321.2473588,Active,Auto,0,Normal
13/05/2022 03:00,1731,26.63530145,395.6533664,Idle,Auto,0,Normal
24/05/2022 12:00,1579,29.43122201,404.2063795,Sleep,Manual,0,Normal
04/07/2022 10:00,1944,27.86056616,366.326159,Sleep,Standby,0,Warning
20/01/2022 10:00,1286,29.64446455,82.77498135,Active,Manual,0,Normal
09/05/2022 20:00,1656,20.2225933,286.2528894,Active,Manual,0,Warning
07/06/2022 04:00,1604,22.93558578,201.9477379,Idle,Standby,1,Normal
05/02/2022 20:00,1093,19.26154686,384.2278485,Idle,Auto,0,Normal
