Device_ID,CPU_Usage (%),Memory_Usage (%),Battery_Level (%),Network_Latency (ms),Packet_Loss (%),Temperature (°C),Uptime (hrs),Workload_Intensity,Error_Count,Failure_Type
1643,44.8081729727279,35.15063311171979,48.66261299846646,113.2240842475687,0.3348899748264259,34.54344605637416,91.70157961025376,3,3,0
1701,39.54553958961921,65.9775794857158,99.7772670786548,87.70023308221496,0.371207937927925,43.18159327409885,20.258707254958964,2,4,0
1227,51.285600381909255,37.29723550811953,34.3495470719887,75.42277930965477,0.0,45.4286372035822,62.448659659048886,2,10,0
2698,36.44510058950297,69.08855244392853,34.777022432736885,207.43531469685257,1.1382250867805854,39.84452846356425,60.98116976345748,2,5,0
2011,76.34788131268651,50.33946279015304,77.28447462039865,146.09681890038084,1.2548983361310624,55.15396749263593,24.72143294901582,2,5,0
2573,55.871158643332585,62.13378904089079,53.99613857913471,39.57588978654619,0.5554420500827505,54.00099811827814,117.15242653470216,1,5,0
1777,35.45725648350263,22.532826824924747,91.80382764210135,119.99982764718033,0.0,57.123077283669225,66.59254042416319,2,3,0
2731,45.53068035256295,32.16554870697557,100.0,21.48370928734917,0.6903584136583782,36.51892654798703,81.4627889852913,1,7,0
3827,74.93783431069438,48.364648700548045,42.96466548151782,184.0382856694095,0.814006615476293,34.460653161577575,167.11267631518052,1,1,0
3229,12.669200972787678,59.00319448616416,63.83572364351064,86.94956379138432,0.2405114593486726,38.32368474511636,70.96823601236468,3,2,4
3795,49.37121659250448,45.72744593386698,41.03491840851287,166.1463080167766,0.9671486991182748,61.27297413749568,134.78598504225383,1,6,0
1465,47.753439006183406,52.62930168400886,39.80601518641619,126.84037346124518,0.6807419142907958,41.3822523650184,172.3928883075682,2,6,3
3652,80.38567847283538,51.24481128218765,84.03681574565333,84.97320074106159,0.0,50.4784905688975,178.14449098390884,2,4,3
2094,51.03891771614599,53.32337710436316,99.78151704079582,50.96175781687312,0.0,56.70093900583089,0.0,1,7,0
2272,62.18276241814354,42.144030458428674,75.90356024697752,80.47954067891834,0.3728484027656366,42.05184890736184,181.29889800031992,1,7,0
3924,48.71623645783004,51.22983220737079,66.90269091911998,69.41534391491008,1.074676997519097,33.568460027988884,99.88463273007626,3,5,4
2581,54.011383944618856,53.14205125471659,99.73066153139465,45.56825784704807,0.5386456062946332,40.62446976663129,53.19247769625604,2,9,3
2208,36.74198164898104,7.1806000564341375,100.0,24.62235276832897,0.5199960339443103,35.30929382056181,81.23524151432898,1,5,1
1213,69.08003526986406,75.00836167326706,58.08621441951897,160.6589594195795,0.0,47.90641583887672,139.5576825182113,2,9,0
1013,54.83924543132069,30.69254647123625,74.99026046006956,1.0,0.0474300643664398,49.248262123767375,182.6817608014929,1,5,4
3973,22.63369922334379,60.28786727912629,53.52440433350824,51.701453769423175,1.4057924493041676,44.26539290026543,88.78706042802573,2,6,0
1423,45.02071703041853,56.38765487944744,100.0,114.60844141036632,0.0,53.93924530541073,168.91786107112745,1,9,2
2689,55.665757430922845,28.345936067453525,64.15255498866016,160.57137518162153,0.0316322679036006,43.60860609565681,117.67569922242129,1,4,1
2780,36.15158040252288,2.34944280205999,46.49960169690615,103.74437921857788,0.6216764676713938,39.25218703348692,104.3812577584982,2,8,1
3640,57.95854099893618,53.474112112521375,54.59821961659191,130.42458243390394,0.0915076164727485,23.470654376270403,146.91956670297932,2,7,0
3320,27.9969153405661,58.10431916053543,57.67704312626869,60.12572513281057,1.4714921792421811,20.078144336507865,173.84561481551344,1,6,1
1638,51.46635934376808,55.55091672903433,37.19591997011206,174.84401369254283,1.0981064257983892,36.19946349399693,102.09590201193129,2,6,1
2279,53.84098232980063,48.9781486224807,67.93518561621774,106.86706622825524,0.0,55.20600901763212,60.890662799895054,2,7,0
2641,50.48438913345516,62.20971290296612,18.290607114224198,113.68072905828524,0.2945980183806812,40.79788431432324,101.825311119276,2,6,1
1510,33.38099767177924,41.99599540341249,100.0,141.4574517529771,0.88648720931089,48.20576811668947,79.54910760925303,2,4,4
1598,30.42472568435385,65.10700004709739,54.80440268460939,98.12182453169044,1.0275509971434245,15.87449182080189,70.01390770343095,1,5,0
3713,59.99728247480743,62.85106132205688,40.80336731770724,157.03929002262373,1.6126943330038042,52.40383434605422,64.78527152578978,1,5,3
3635,83.99914749152761,38.26102103872117,42.19181325823549,148.8631685151561,0.9174098498228488,37.96843633666219,180.3808693412223,1,2,0
3365,37.41473212614423,47.14638733380176,91.93868883628552,88.66688981380003,0.0,47.81428919465528,66.86783030859863,2,5,0
3644,36.95822222813879,70.38784241246037,74.62146635150911,1.0,0.1358536905821433,54.22258508576327,162.1475101521031,1,7,0
1519,51.98664610858452,69.19278004640239,2.4162988223160653,89.96573908123351,1.121912851250988,46.95745792472643,98.20493511999462,3,6,0
3794,31.466033823053785,52.092466942211885,63.10400100258859,100.93952556539703,0.0,36.45078646300767,124.16603393129446,3,7,0
1574,45.61798942382271,52.91077915408811,58.25588839157158,1.0,0.0,46.59401789848495,114.17383020094913,2,7,0
3726,50.07391343695695,31.77790796167035,60.56441497174176,65.21596279167426,2.1128628484844327,56.98458702375565,149.5523523463726,1,5,2
2098,10.035986309357844,41.15157865305664,68.40636786240084,115.25427023533766,0.0245446439473298,64.76929133723412,55.70149587629356,2,7,0
2948,49.41474372630044,29.98084089634651,90.13936757015432,139.66312479775152,0.9866162123327792,36.556540950662914,111.5703175638708,2,7,1
2449,74.76566142867271,57.21116869651976,100.0,82.98297585585485,0.6005128778356446,40.32115455432321,158.22323462561062,3,4,4
2585,58.57633000661146,47.1760799737054,86.56340083496532,57.89506551393057,1.0041568118337854,27.844567879489432,239.2955956997028,1,3,2
3597,37.86599410469407,56.141577959633786,59.09342419549928,18.159906784460414,0.6134599848527429,33.949363092780295,157.4102392328245,2,6,3
1965,48.205286114255465,40.87660238832861,74.87692313556505,179.45736508182284,0.0,35.52754895212693,137.3158261279563,3,6,4
2019,43.5930538361136,42.23461140696178,100.0,64.25963705042648,0.2610868397379585,47.03493522711172,62.70607467819053,3,8,0
3909,40.99974284008373,75.07021363156214,84.11940660785376,65.51722475495279,1.4032977272318037,47.04338601147596,87.41104629286912,1,7,0
1359,56.45437120676179,56.87252172183048,20.45088785653217,80.24765739152163,0.1106848014046002,32.30854720193382,103.64008971811546,1,5,0
1737,55.12059468627752,43.13227420726266,90.29263929033164,120.92572795785274,0.0,44.330463786039466,117.69909663355033,1,6,0
2785,51.64879505869006,91.32826615579852,74.83515917974293,179.01698854114846,0.0188518959491945,33.82203726518972,78.35118673788921,2,7,0
2609,56.461585462320585,60.295303325218,60.61481383790096,156.73198499105283,0.1803598499946663,38.56475330577043,81.47861427651648,2,7,0
1260,65.49268106858673,71.54503108558967,61.716192522803766,87.42240499079318,0.9991180953030642,24.69072367487353,146.22889329314253,1,3,3
3772,35.06843306919522,47.53637022451952,100.0,136.35612407427465,1.100845863103773,40.32426604187004,200.39780479311605,1,7,4
3643,33.0473214276183,7.504545647858897,98.58403825514571,175.4761996349427,0.0,44.66321649183292,96.43410547425904,3,7,2
3743,50.87029337286932,50.306257508193774,73.27798311687867,94.56916725308288,0.8380509616243107,30.56398284080669,145.42955475937757,3,4,3
3384,49.026952968590976,75.26787251905178,100.0,28.955300738827844,0.877806575816815,36.05841903473926,138.52402183437516,2,4,0
2030,29.54414869603189,62.03192687927179,78.06261650724761,95.8433237139253,0.7323747499965876,54.66311802917859,117.2304660297055,1,9,1
3409,66.22793108983184,46.92073970755623,54.3226793806926,84.26992762789756,0.0,14.795615293809348,183.70097137186187,2,5,0
1970,21.38449795763904,69.35966691383821,90.66008293326313,63.5804843379145,0.6687532551623065,49.999910050596114,59.98296839820252,2,5,3
3991,80.32788110507146,58.06652285552725,100.0,73.87395352951816,1.4457622624359012,49.42230017567836,35.37854186999435,3,7,4
1820,71.30960750130703,32.239541626661605,56.40982759767368,155.42223008614465,1.3844773075575556,47.43009694050077,60.0907053051517,3,6,0
3717,62.51016033662072,56.75743585667052,86.10776250270501,118.55268691076816,0.3511171859864169,51.60952690742562,0.0,1,3,0
3326,63.37483311185025,49.86226469922292,100.0,145.6803608784017,0.3579221597964802,39.34470884511049,127.2464594089497,2,5,1
1457,47.85939280090884,66.33154481325008,40.450450098294525,139.06790599032573,1.11231773510618,39.553723769335576,204.9624759627545,2,7,0
1463,36.005489840148286,52.35040592369787,65.79248942070893,95.18938689797103,0.0,45.8783512186579,74.1634781239073,1,6,3
3345,6.9331416025751125,45.05766049673021,20.251343254471884,105.59909663106288,0.0,36.932273153363695,136.32574593673917,2,9,0
3689,65.13577359973964,30.977947925370312,100.0,84.77709894258852,1.3422489476045998,19.197173827575483,128.40437103058366,3,6,0
1382,38.01214709111956,67.85822891515394,34.03972083013602,46.62830335197504,2.1621263982987946,46.67584960476608,87.6723196212005,2,5,3
2892,50.12844539621876,31.710733002167093,96.4987542440594,123.66683377774837,1.1714773635143267,45.90362208114946,0.0,1,4,0
2833,69.0627326782649,58.81783832206602,86.04867823609253,71.9474573988866,0.5163695876093267,46.82652507292588,188.27805888136305,2,5,0
3309,60.69011296961101,38.61543951644983,53.97087676507874,75.459676675179,0.0,54.49292428403826,75.08677867793755,1,4,0
2507,63.92774894913431,60.35709029182269,75.13639217590757,80.41646952479837,1.1185371842796803,44.8801348637601,147.97879461925675,3,3,2
1806,43.816557530627215,57.70421696346644,66.8366855063235,34.42280169814994,0.0,50.17174214170157,35.78152958454129,2,6,0
3439,41.26471525523565,55.1273782093245,69.39677223862566,118.56033817350294,0.3025460601865559,35.29460860470583,114.48720134570172,2,10,0
1757,59.866358017617785,51.5515719396216,78.65293321994307,138.67788531034068,0.7953781750034202,39.178633364459536,155.46857847296428,1,5,0
3516,56.55759048318715,27.21545328780028,75.7932735507598,176.65062711245915,0.7815836412650641,38.20267485989879,102.91221803296904,2,8,3
2254,57.48113139695144,33.62562241761346,94.1701776062636,61.57822415482536,0.204459520636679,47.61430624060893,86.09328308550914,1,7,2
1870,90.204090775327,64.94177322366693,36.94131413291761,84.42664025503993,0.0,45.23684741379165,71.55475734552877,3,8,0
3065,55.30724698799257,61.1547766331026,47.96415736932511,163.55150497155702,0.4632866102456166,26.787662623363083,13.48522600521241,1,4,1
2411,76.56388283698115,39.97482207729797,96.30527889892647,100.14629833397188,0.0,53.53891859323426,150.6346102275468,1,4,0
3361,29.412569836358568,49.30608174100486,86.38084071284402,166.47671219852623,0.8341072061665962,30.19029081473925,45.902706041051765,1,3,0
3288,44.969222279110085,70.45064770307509,44.406101307303736,31.71020359745277,0.6833000450720077,32.50333049054086,2.915297625352736,1,2,1
3859,73.59450416721421,45.48529531410167,29.919578834647595,80.39761086664427,0.0,48.58663439077574,91.33606758532864,2,7,1
2174,48.74813744200955,35.50630520370119,85.09114347401847,117.8206291767188,0.8563316013580007,32.20543798747768,137.99564215882418,3,4,1
1543,60.59608355830566,63.191255617061046,26.225610639869306,139.15778280065874,0.2734220721711686,40.98824045016432,70.49716632359713,1,6,0
3105,26.21176214265344,56.00353783290163,41.06460524461416,133.92748273105258,0.0,52.008008194284514,72.6889792256409,1,5,3
2256,25.80717962617589,65.53165124625417,100.0,32.414623398767674,0.3362644101885739,37.45845469125613,55.77055265952518,1,3,0
2767,93.41885434995628,32.25415722898417,100.0,1.0,0.0,29.691748732805515,134.94518957508828,3,5,0
2766,33.13506809367617,53.743222843971154,69.24342356007536,146.64476775969044,0.0,41.93022132717943,157.26083432858294,1,8,4
2290,6.942188140950343,59.084093489469694,69.61092277824265,62.44163901880606,0.7793033314706965,57.03727154697238,129.56706605863528,1,5,4
3422,73.39179984855548,32.14388396488265,93.59288764390112,130.49756936659887,0.0,36.71433483747042,120.07329837922642,1,5,2
3528,62.13701186431342,50.19565061565428,75.2969794707221,119.6995286087504,0.8884770154990291,50.02579814271594,186.27592783772357,2,7,4
2344,73.81292549572683,65.3766372887266,47.25798901718811,51.59357010738367,0.3772492779236113,49.65573558793184,163.2457947486151,1,6,0
2526,71.77497239408372,67.16439602839908,50.23072702286616,95.69189479502528,0.9948685069443796,25.571114259423062,198.53391957332457,1,7,2
3895,60.16537279349179,56.76443952164716,41.92012372811556,80.62556683651547,0.0,10.047331092003835,103.33348777068926,2,5,0
3687,59.385351796170525,68.82718682562356,41.97164968105194,155.69311989911105,0.1737242603190743,34.31171412443409,89.31848457573071,1,6,2
3195,53.79412335220791,22.301404282933746,72.69248622766546,82.69478641099924,0.0,29.943049126818067,186.08463060675712,2,6,0
3421,70.94635413242897,50.50854085523506,77.18181285068567,109.21086147650468,0.5954179068945673,43.18255246583427,48.69690845538037,2,4,0
2678,80.42632103844903,66.58749599442069,0.0,108.89148998527172,0.5597378430564257,35.06900539023706,129.46141424433185,2,7,1
2287,13.27589253793407,43.13550125993577,96.88053852954788,95.31954883168169,1.3290096018097075,33.17459953846454,93.49645793582336,2,4,1
1436,51.481895608395504,63.33555683419839,61.84415738896601,29.006141786453554,0.3262242202972345,33.3748285369326,58.74940507969067,1,6,0
2728,66.1611559656229,42.672858798344606,29.6038382258292,26.099887234790785,0.7731205350160596,36.10237863883569,124.8350806121196,2,7,0
1238,53.72908629538856,31.17615997996561,71.3131592053829,16.44264176023256,0.0,41.607045512784616,188.1702022959261,2,7,4
3348,32.74448471913759,16.981347898236223,77.90169674324878,167.21422876172983,0.0,46.9857548086202,55.68807833182687,2,6,0
1110,48.511081684676654,21.95275490701754,51.83145237794952,121.02683529520348,0.270872097449323,36.70603544037457,45.56861396631875,1,5,2
3275,28.255081222743947,43.85298134309701,41.90303987186015,135.41331098286997,1.5556579951008145,38.72003024786605,80.7684933964383,1,2,0
1164,33.58635363296579,39.58099446255283,31.68704307925841,153.3998889029486,0.5395553721004872,60.92098571617909,0.0,2,6,0
1289,55.61983735470065,40.583991408732416,100.0,101.006056479043,0.2674091091249382,56.99742742198642,51.6936738435455,1,4,0
1253,92.44312394025266,59.57990252964653,100.0,78.24306260189829,2.157834179680306,44.81145890765187,63.41833674063794,2,8,4
3584,74.47137764837255,55.866918153990895,85.74348786021845,123.21602804133326,0.2894301087376104,42.14864709463865,53.655758385690994,1,6,4
2965,61.11208932006897,40.16468420807834,56.02090412351979,114.46694528214924,0.625100587035167,36.36215470390129,135.7933168582038,3,5,0
2289,27.93266787652253,72.63696520106825,91.58593200474697,70.66527056190637,0.0366453740578006,42.76994331119101,141.50588322476133,3,8,1
1745,60.35318040938246,35.07277277219931,44.96713364505082,128.62357058898678,0.7146878594208863,31.075350322843423,169.33903286426056,3,4,2
2207,35.96016624386489,57.4109587846328,77.0307623054651,175.80580901775215,2.6676122272997844,54.12096374677589,103.14725482709969,1,6,0
3420,23.47055743377834,32.31337678455728,57.24840124759794,142.08161278825375,0.0,40.83294637546808,99.97954070508648,3,9,0
2392,36.44569260495788,62.29887878952852,71.95018546197144,160.83617462489735,0.6173769334144679,44.01466858481545,127.83979734138904,2,3,0
3334,42.85941598386781,67.89966508890689,87.81204411084511,155.01964461393646,0.0,42.43826926616765,155.21072604098725,3,2,0
1991,54.16765615895105,24.662254430491075,84.70191687919579,171.6812509910473,0.3303983312751282,27.56326885811158,165.8123648580637,1,6,1
1840,45.72022311548982,45.34538441922645,63.54978659505977,38.88176925063805,0.7508098704529377,33.551910636065166,52.38008074347635,3,3,0
2150,33.060773033633446,53.65295306279517,51.55658238287898,80.33994981589049,0.17952812128687,28.888762335842245,107.8519585098384,2,5,0
2222,56.19641420454055,62.6716156367255,13.13447421984501,90.07154065595198,1.505262542327411,38.32863915837165,108.81063528193116,3,3,3
2744,73.23756605216381,56.22159336183186,84.9862671580426,80.3885194327988,0.0,44.57609741940372,101.60126716841089,3,10,0
3401,35.565248933254935,32.1835214012371,75.84662752523117,92.0425264231136,0.4620217779950964,46.28730548259637,73.2868988663906,2,4,1
1462,50.70527103943457,78.45933042159668,38.26336834967968,97.9696884160735,2.0289614212284315,47.76087372862565,83.60923448803209,1,10,2
2310,59.49396465759906,43.03128382826573,45.692543881629135,135.69387220450687,0.0,26.36595752662486,37.37944077572277,1,5,1
2436,55.651599009766,60.43795758640678,77.34873469857905,108.97070855244206,1.317103502168646,41.80321249177299,77.33176728645782,2,8,3
1158,59.47665841823575,51.64112707749455,47.04952345902588,128.68835549509504,0.9954541299085125,48.930774345656914,163.11389453358362,1,7,3
2912,94.62600292385264,69.87914135655556,84.1197276476912,117.1798767589108,1.491783857497162,31.549614882837243,8.175558071478676,2,5,2
3360,58.173056229613415,45.87732048995312,55.18242942607234,114.6132728077856,0.0,29.44155362566159,60.61692040947965,3,3,0
1678,85.04540886847246,47.7463551680261,47.56867484596858,179.4720641780849,0.8454761059426368,30.41085909994012,63.82474454689962,2,5,1
3849,37.84249478648364,36.17823464856618,57.51372017786967,1.0,1.3986176035909856,42.61577484065407,42.54005326559688,2,8,0
2873,43.839314316285176,31.33186249872916,100.0,134.43563722773848,1.521412695932084,19.17528023297329,176.91974922191392,3,6,0
1239,36.76427070463224,52.77065712171625,51.10123233270199,58.081905999959616,1.2034512058475182,34.49142529671338,81.92678354182691,2,7,2
3918,63.37309609515813,21.89838044068075,57.30708077125716,142.05206384808096,1.800313613654766,41.86161955581734,47.240702768441366,2,3,3
2092,49.25555526980317,71.30756430906595,100.0,43.04692461918245,0.6074699200752457,47.89732124632008,75.97282871966121,1,4,0
3871,37.25384505942411,40.46688351776665,96.44901784596982,183.7818146922781,0.7287825466384642,33.205804390571096,59.44973802680562,2,6,0
1101,21.692585158991715,39.39661148018977,55.30359237729999,82.94535339291959,0.0,54.729835776298295,54.67461095336148,2,9,0
1316,50.420076832655184,56.24669057152179,87.90850201351026,23.173465480898088,1.02724941249131,20.84130973691552,62.38827317362787,3,3,4
2024,92.84540717223727,61.7538449719791,70.81597091727178,103.23956750616904,2.140837645182838,37.565189303671,125.31817355310314,1,4,1
3747,54.82643869833562,44.24187888003826,67.5171415551992,120.94558056863931,0.9878514444739304,58.53834157502221,41.93265646413763,1,3,0
1768,85.4160127127102,69.55261897902139,77.05085548023357,103.17709522804688,0.6331476715399895,31.12198619662346,148.19756255273558,1,2,0
2345,68.99108270882647,40.19152417511636,58.71742839140838,130.8714315463662,0.5922250768231042,31.936687811203896,150.15685016527829,1,5,0
1262,48.809492878764,50.69004120879911,89.33099966664398,174.6854879502767,0.4374648941702678,50.452075820322506,91.94362566569994,1,5,1
2452,84.04429889270476,42.53641252536179,81.88337313568728,60.33894013964828,0.5983268830143997,59.212374170896126,120.54604969408857,1,5,3
3835,45.13232041249964,52.76463596117155,87.66263658868132,27.803553875388644,0.0,43.67046792929968,114.62992228704152,2,4,0
1196,57.706347594576734,21.799849491383544,66.26360767087527,23.51255224979542,0.8545740739701423,34.651456772132995,81.83754088735847,1,5,4
2776,23.599549775585885,61.73944739474777,85.06183590705908,110.82773691891028,0.0563479479555397,40.16206599484052,99.81644557597424,2,3,0
3842,19.66714901158418,32.05163107074971,87.98998744062229,51.2233532192684,0.6572196336957816,36.02259715754468,147.40750059010554,1,9,3
2736,17.673787831268243,64.36759446662401,28.205968166795827,1.0,1.075639609081286,40.09511839940994,29.387068629109976,1,5,1
1180,100.0,57.734421326659344,91.9178546596529,77.09315050791402,0.7689121245772342,52.9963128530344,167.74464657609195,2,7,0
3923,46.10605407766637,59.66185651775163,42.8062831161583,106.69709414760068,0.4734793092847106,49.79035825467517,53.86257182178152,2,5,3
1341,33.555592088671375,60.591183707226975,46.85275240272125,53.27030525507645,0.2316074406217477,51.52934176974773,104.58594748741828,1,5,0
2100,56.929769517959855,51.084184480764335,34.82282013039958,70.84171413720219,0.5275490284959368,45.282699389151055,104.25979649853936,1,8,0
2544,40.85807486827456,41.03498475117714,100.0,1.0,1.2778016506431236,26.484525457357663,119.8135781793043,1,5,0
1749,37.76964394016103,71.4328656172035,57.345273472866594,65.89626009881084,0.6022074268430089,49.89599329590471,134.76337501261185,2,7,0
3756,40.966810476807545,34.36592617929127,100.0,161.77158878784005,0.9391296841916664,22.810900439711187,128.3060473474954,2,8,0
1663,49.34493459568003,55.600228395670975,91.60620961746592,82.75084190214663,0.0,42.16305411248317,64.65732992428282,3,4,0
1481,47.44164817038467,45.46729119526068,87.3304400414676,129.19185407695295,0.3342035656144752,36.81819282473317,114.3139111540942,2,1,0
3139,25.217858486921983,39.61473838649309,29.570702748861383,73.10280168334299,0.0,44.24919602393684,76.09266386468607,3,7,1
1872,34.03405510923093,52.36642158940654,86.66569708642227,38.6085716971504,0.5796303784361941,44.11360277569708,116.727881726894,1,6,3
2454,100.0,54.44865407795458,95.5406191099987,159.32077952588045,0.556787208392952,33.08787562208883,22.17315328991876,1,5,0
3953,59.33341963932162,39.25139767363842,46.53832235647288,79.88449886236387,0.9903479442107144,36.80487550080965,62.362125157144696,1,4,0
1550,37.92029626568359,49.462616319403054,84.54454426570906,1.0,1.3110669163389113,37.79790470365923,110.7772817504976,3,12,2
3021,51.198652605326565,49.13138375184637,10.372157532674096,127.73193540659037,0.2766559561507099,48.71844569874091,210.6638959005652,3,2,0
3709,42.97171528572535,38.39816233949855,100.0,156.3196724861033,1.111968118463269,41.49872197935274,59.64559701312092,2,5,4
1743,37.50362844608642,54.8251781206475,30.800293360993315,26.984878239538872,1.335269592599002,46.16025708747672,149.5823189130401,2,6,2
3416,55.42990621651296,59.66893148622765,77.37852448343541,67.88837607780053,0.0,35.13507384454515,117.37627470133556,1,9,2
3638,68.82621161534966,34.88132456857691,41.60910238105427,87.41106630368104,0.2962849688402942,31.003813424542106,183.8317670318482,2,7,3
3567,30.083692104195418,66.315656392368,100.0,109.2384325124512,0.0,54.318890637745135,134.75822915755333,1,7,0
3293,51.70636285130048,27.557617802530253,90.12333476830814,158.86043937084574,0.0,44.5170020097594,151.7782533888705,2,4,0
2910,52.85886189527413,37.64697544061226,89.57899719442527,65.15292699309516,1.4257839239821624,69.79854516737147,50.46763449539704,3,5,2
1791,58.59236438265172,58.79248700589175,67.78639463542468,141.13412132870718,0.8142599027350983,51.926062049773165,149.49754272000538,1,4,0
3121,98.25230843225832,29.291019411505232,98.50626381678012,120.66860145651978,0.0,38.230999095091576,58.61343051517085,2,7,0
2447,39.42766636500487,36.826051207648,89.40571261810265,138.6773807553509,0.9907918404990426,45.34062956316952,69.79308566241912,1,4,4
1248,36.93341534852576,39.002657043350055,86.0575308752794,50.44544323341932,0.0358354783222285,26.75138696149761,61.59028824972589,2,6,0
1830,44.364307822789854,57.21362139123343,59.10588757573452,67.34313050350295,0.0,36.91743370246613,114.35503187006296,1,4,2
2125,82.66863064602191,54.61514980101671,100.0,86.01936400476616,0.744823470673587,48.235461198419735,64.26935939378517,2,7,0
3721,89.08314867500573,43.49189805531216,62.26225285181927,89.31148759688256,1.113348805525164,28.74129172854876,142.27302664871837,1,8,0
1627,30.207903594828384,37.48515431762627,79.33834208529422,109.24812936710433,0.4147839223514621,36.93406925321618,16.039595497310785,2,4,1
1348,21.850724512468894,73.85873108926776,100.0,137.48833142445926,0.4684688650813925,49.240981288407895,187.91360789376392,1,3,3
1279,51.39604169980038,51.19396793564054,39.77003221900985,76.8631676001831,0.6913178747096149,41.75365240655334,37.02186355651293,3,8,0
2784,65.20111927379205,35.3225068120009,100.0,140.38697779920756,0.4638114424373378,46.208299452898665,61.54749462066468,2,8,1
3281,15.483865424188068,40.38378100192467,62.08301135164376,206.76605619879788,0.0,42.45528172056168,61.65293688084686,2,2,0
1656,51.184368680289765,55.46210444081992,100.0,165.24813443952092,1.630348277973129,40.486680431627526,85.42968193255534,2,4,0
2214,67.89848753888883,22.109948425099137,59.82564084066572,94.39367781943275,0.0,59.01765708701544,121.1729165915195,2,2,0
1839,69.68644796953167,35.47931362234632,55.54716353210892,50.058956533297525,0.7762508583496662,47.37934926262155,50.83116385256601,2,2,0
3625,58.19525591918995,75.73861446699041,95.54906941695354,208.86601905211103,0.0,20.499220734756197,89.85455107083695,1,5,2
3589,33.99922871204707,67.79218211063449,52.50997978244091,84.6211305218128,0.0,41.15025566342807,162.30294624601157,1,8,0
3351,71.19872768093244,59.20656283684863,32.319354490401544,32.93701363816311,1.3371593352047149,26.40031786327726,61.70579658396897,2,5,0
2710,30.50941390658717,49.41885657515685,48.05956607842737,72.27033797837241,0.9403597863098002,48.71353675731017,111.3291964513654,1,8,1
3024,23.82359201761776,26.00907856708533,46.232732664618624,146.12405851165545,1.219518724003387,47.15864629571147,83.18398140852395,2,0,4
1977,40.95387361501847,57.593614839588895,78.02493909215057,183.7135383035565,1.050212103569946,47.8849894735102,111.44246040479536,1,2,4
1446,63.39345097660077,32.88487235370893,47.54931934188854,13.028737788386096,1.8734478533289696,44.70571459400298,159.81304941534376,1,4,1
1618,64.51533247797384,45.73767353106804,100.0,41.40843497637374,0.8925328876039011,48.90408005186841,117.04353956731404,1,3,2
2475,34.3020337383552,62.68704308844392,67.61647272008294,118.14978517163436,0.0,30.353424111049435,91.53931709172268,2,9,2
2779,41.4139555096548,33.57094221735793,64.30572552190914,119.49727996917184,0.0542886086243599,40.561839183923205,79.84538551229952,1,1,0
3518,5.6139925450493,59.39807545005414,100.0,139.2563292730027,0.1753509400353244,46.96631501217747,92.5423005516378,3,4,4
2245,37.01444909867986,50.37816301310123,87.47382679293553,181.09368738925255,0.4979593940096438,35.52637050838784,115.32281603247844,1,1,0
3996,51.54961037037725,52.57203976385586,72.54075133833561,40.94032302852509,0.0,49.84950103005851,77.96041519940431,3,9,0
3553,87.41930350743564,47.41056298563748,83.17453478409382,158.80054925988532,1.6544339263341232,35.073451467865965,120.10822782863974,2,3,0
1548,45.93909227914015,71.99811288917904,49.55270394653736,137.30119764914082,0.6173840744016929,39.90917205904314,178.46205906423543,3,4,0
3211,24.99184532060565,51.607548728893946,85.57360076033271,149.7763345837057,0.3964078767340025,31.65623688245262,117.98828520830098,2,1,0
2624,36.63711828922012,61.57694265853492,51.70356728960285,167.63795153073815,1.016996227441443,36.6066415558394,142.92294213195152,1,5,0
1264,29.512247173314204,67.59135267901168,77.70730159097053,61.676678449010616,0.1139389889279136,30.752881195988284,95.01198623428668,2,3,0
2398,30.56771922978697,35.53699892865133,73.55944781276166,174.92731803349267,0.0,49.67429419154058,87.61942317792744,2,5,0
3354,22.680885775989317,67.433893962585,89.26158989218067,168.48905509811894,0.9290188502342286,37.832849886135726,179.3098632539565,1,5,4
2816,32.17615549169425,46.28371372640436,73.78518490180046,83.04558527365865,0.0,35.480638619940095,145.2374901629412,3,4,1
1354,46.80122940073146,51.15734744326575,88.36191862503044,108.41152705918472,0.361851391265735,37.8047341755286,152.0956302088739,2,7,0
2076,40.12486833677375,51.69710685579534,100.0,84.48019317622432,0.0546610911585099,47.824660218746736,97.91962523148032,1,2,0
1209,60.30095372612096,63.50597882592595,68.4181510025771,112.3635726054378,1.4088341428427915,67.00866469549595,86.85754669198136,1,6,0
1614,27.49021905403247,55.93729671643885,100.0,6.337994409042409,1.5900306426637305,44.27837860536044,172.66985529073384,1,9,0
3091,56.5348952920464,22.68859583296976,43.739059281100815,124.55019729788768,0.4890184232701434,20.15871933242391,102.7319720822519,2,2,0
3100,66.35779316050058,51.02108403872931,74.16213181442868,90.06654330885485,0.6613791107955105,40.20841482137772,135.48005107007398,2,6,0
2499,70.48125051622925,17.454838734114468,0.6546265016520891,162.36518253323388,0.5848275063304748,45.36290062565469,145.2074797425791,1,2,0
2136,69.28174336576714,44.17635419717692,82.9036009896595,76.22327766323227,0.8378989323892965,40.68823657704649,10.008023230578118,1,5,0
3881,5.235375333500556,13.94497098349204,16.088865574874184,104.1672675487546,0.6162131935122006,41.303572026571096,94.72573164211116,2,8,0
3079,47.21107448638001,55.016577722727824,78.97637733700917,41.14841842734644,0.1088285957842435,37.04798746897304,87.51635160958688,1,1,4
1058,43.81575248297571,53.065835474044654,95.64080284681457,94.25245342540786,1.6164441456602103,19.25040319104697,36.90612783207574,1,5,0
3484,34.666868244333045,50.551742497613525,36.8788554766815,75.99152078963829,0.7464270290706843,34.779280955016404,149.9574797308593,3,3,0
1812,41.2053788345165,56.30287314342488,34.15674937974429,64.90213508524391,0.2878350962157917,57.47059144553514,109.73142889587056,1,8,0
3196,36.76035644406782,43.570182096252,94.95544139929324,142.48223913533258,0.3422563064008946,40.3764737216936,86.29770055571322,1,6,0
1562,91.50801597290878,38.6485403447611,100.0,59.828286291437145,0.3368459655644247,38.81791554429054,42.746604175873,1,6,0
3944,46.18993788004377,26.83349227627633,78.68493716086905,122.97877441555327,0.0,53.4648059555603,34.58904010518147,1,7,0
1230,63.59195497869352,49.41470720933684,54.2087118871589,100.97729223990908,0.0,39.250624282762764,136.18997082222106,3,4,0
3510,23.5508408651286,47.87363668958693,84.83848580732977,153.07545785879222,0.0,51.12326824390263,17.006607487110486,2,8,1
2722,44.80906644832166,57.769921645871776,100.0,1.080754171345788,0.0336156295474461,23.898302020065657,108.13078117911336,2,4,3
3180,50.13599689119996,50.235466939366376,63.68437827993408,108.9334887609536,0.1581845493019558,36.936186358376425,52.03396173905151,2,6,4
2451,56.17666025197928,42.575517794478905,58.54937042463609,122.78234550442974,1.075477593097969,47.62063873862598,125.92564168013276,1,3,0
2235,33.926508640605384,26.5544854014312,54.29626500610894,25.48762383504767,1.4171363992380104,27.91807541641961,107.65965702790388,3,7,0
2072,59.54081654446243,39.42907346583674,46.58011912601543,44.17745724079762,0.8195486246754521,26.11707568515148,118.44122061243309,2,4,4
3850,39.21754593702043,41.51910544571898,86.7271302566881,89.32836514560377,0.5328149803123179,25.103903876489973,125.89866881450828,2,2,2
2038,20.7125023958036,46.67730105571814,46.69071892045032,84.35355164049929,0.0594380521554809,40.51717884813187,114.24429498576586,2,5,4
1890,72.17407161165815,62.7441798277432,67.58099742032776,44.03748788896781,0.0526542670175887,56.71354084093128,197.33492311827808,1,6,0
2054,55.21347531647814,52.92263510405207,78.11645588756296,45.20804184980211,2.016871487072876,35.19579780596506,125.73201199905796,1,5,0
1708,85.09588363968729,70.28304018300716,70.80990534208946,149.63140514897148,0.0,33.46102905768036,15.673497015483164,1,3,0
1425,62.90751899170295,23.359823689273966,56.23532332498233,143.43991691527748,0.275562866585232,41.69377469942707,106.2218798953472,1,5,0
1070,37.09760490789751,60.39084132675289,57.56614071464767,136.24146867429158,1.5379830064701348,35.196403275086446,91.23101578395097,2,3,3
3250,68.4330022384892,56.358342236659794,86.91268691099938,87.11377192068524,1.0549181234140403,50.28877441678944,74.67987908628331,1,3,0
3536,44.09820171524187,87.51350746901423,87.74831870368094,169.7550953251149,0.0,39.94669426673875,64.25470764752093,1,5,3
3840,46.819095791998976,41.130829859454415,84.80284750712296,105.22570180379104,1.064128443900748,38.206719721269685,90.24091635427114,2,3,0
3407,24.008375261448048,27.026970271345355,100.0,61.46910249373306,0.762435380410543,38.67574415056663,89.12353080832256,1,0,0
3964,28.868847144794945,29.36733665646886,64.28818640476149,50.49931430484303,0.4734597253070612,46.95269227088748,136.93040330467076,1,4,4
3582,57.78318391335858,65.34584832878359,54.54562394749578,123.06653565177108,0.0,44.28254397516864,47.77819015961102,2,4,0
3093,62.44414288086804,29.12062428572403,67.41343025382692,96.91119688647196,0.0,45.27071198678115,34.07952747209755,1,3,1
1941,24.39391202658211,55.68729678089186,59.27548206568951,71.62763593858242,0.565420944236447,35.7139776305129,111.92787657709022,3,6,1
1621,34.190510891093766,29.40710822778404,10.53920850316679,118.12249407972632,0.1615653055039361,48.01605159726371,175.61174553327993,2,3,4
3520,32.97187131479373,27.45694086976416,98.22118718873472,85.81568895364136,1.1570277550378454,41.69540410218286,20.567791570167174,2,6,0
2197,49.60724402146638,66.45950281315564,81.25389084866619,113.62589951147966,1.4421125022244017,37.91777290387248,144.95207664185622,1,6,0
3068,47.31441675627392,74.11367459599265,93.14191894284671,122.66109511414489,0.0,42.14984536332752,124.38930087554488,3,3,0
2033,57.98446245210559,32.73269395170696,82.52293322714644,125.2182532859205,0.616437206165459,33.27781127447595,68.03919296066391,2,5,2
2506,40.9354390134545,55.69108096407665,13.952101637277174,138.189988618163,1.445695734009261,52.158735621989806,79.09954356832901,1,5,0
2577,17.69736368188981,32.34556830845048,16.177162106062106,90.6781792089223,1.6704292411296244,25.77366530785596,159.5860151200848,1,4,3
3131,58.76951477619455,56.5400866283387,63.17483129943539,21.184550161437727,0.9855885685092014,35.60146736899594,149.8016251653763,3,6,0
3045,33.55160135235599,62.42088222339964,93.82940635823384,99.7868531178062,0.5874073271368353,35.50714652064192,59.32003728206068,2,7,1
2396,53.69360611729817,29.637236902370976,24.105781095572745,57.03003945913997,0.340294055498236,36.784123155742925,7.121427741654145,1,5,0
1280,42.2937280627648,58.31086656673861,71.41854208242049,84.64758295374493,0.0,42.40487649467761,117.85964394974695,2,2,0
2466,61.7715680884122,32.65376274884215,48.48586490465283,64.56108986392509,1.42227857331218,31.945983299344192,191.02901341324832,2,6,3
2504,49.93251085178096,56.19498368206696,72.4956578774942,103.73429213184428,0.8765885705056587,30.590640473571145,137.3805122636025,1,10,3
3283,73.88218806094744,65.40341927386872,90.16691005410908,84.58920359195851,0.6110783265331102,45.90688044844191,112.92300871595346,2,3,0
3839,94.37560466896268,31.584800533159143,100.0,193.76126942416943,0.7202969596735318,47.29843035114983,57.14326447827295,1,3,0
3724,79.63326804925197,40.942425537602205,78.00469637304683,34.97748855390431,0.0,20.814105764406968,68.04303911074798,3,7,0
1554,55.08841686602426,87.67334827376635,51.313608651044696,88.6736263808581,0.9238807878099078,37.10509919566381,136.30637606751867,1,13,0
1835,49.30630225226437,35.44813609430535,79.6492523142219,208.27607261032784,0.8474671525701916,35.827651647616854,98.2871590447996,1,3,0
1963,53.93042339402941,50.73962497280334,82.47207986920532,134.42479872807831,0.0,24.266530503942604,82.65628040549531,1,9,4
1597,44.60250129413257,35.39931742959448,57.39254960468442,51.35860537085215,0.5140096635011273,44.044081540714174,64.09834589138629,3,5,0
3452,33.363555835391104,51.66329574242627,81.34763073603368,57.22361560296881,0.6049965629354174,47.68116952430694,113.1517590908952,3,2,1
1803,51.92241553881967,31.74075961669281,11.238603684390974,215.28184186835944,0.3404809981326658,46.42121003876584,38.42502113892002,3,2,4
3137,52.03712590523973,57.19261322002413,47.28743721219522,52.03225196759386,0.8095971468312169,46.58820244689464,115.92504264990863,2,5,0
3986,30.799074094410727,41.462777019912,100.0,136.03196156786336,0.506869618277483,51.32842211712895,104.19011798056702,1,2,4
3720,52.47095391911164,21.425833189840414,49.98524144129736,187.2051592232989,0.869977441281981,46.871403060029785,84.55676847134225,2,4,4
1441,57.68130897878615,52.182817966523615,22.508242978527967,12.089556167228238,0.7062037603782239,42.20323291690918,0.0,3,1,0
1509,50.97043255889654,57.50360704154855,39.41949424845176,79.81482830010467,0.0,43.87857543415596,86.30037634184784,3,6,0
1077,51.74094136476342,61.62733241052175,38.04118427994189,83.21070305101252,0.4923426636279399,23.029038567105445,59.80308116364182,1,3,0
3482,84.38755812414593,56.759195741470826,69.18797410394764,116.81614846606404,0.0,31.33267329339687,59.19679057541188,1,6,0
1650,63.92412729626837,43.53311645637351,75.01746735722196,110.7491408727274,1.4699026637590369,42.357870641980334,99.09165592972728,1,4,0
1523,36.74752482108307,35.51502794715188,60.78451585535751,147.68801279056768,0.0,17.183379275794227,46.20707190810667,1,11,4
2488,14.78382376038448,41.33118834750934,81.52695080741088,148.1105289290549,0.5250903064006345,39.02205002915797,102.03991091119062,3,3,0
3209,43.73883938953691,34.61197841045785,43.05698135520996,124.34210344837454,0.0,30.7688081576347,0.0,1,5,2
2495,80.84219905135751,62.85053720363834,43.519707290677445,64.7122218886401,0.695875117160994,42.09926052412998,51.02173426827245,2,9,0
1655,100.0,52.24045223406783,56.37281925011024,121.01342645282809,0.6124798486879571,38.89616819353965,70.24155004624104,1,6,0
3817,59.641334546707725,37.77865995764678,63.29078002156548,144.49284758927473,0.0,35.20540589049541,169.59978490563347,1,6,0
2539,26.60166328579424,46.71700622396561,51.598408663287145,9.047449234872616,0.0,17.60208369633879,88.91983049086753,1,4,2
2424,33.21580665321987,64.18804465526219,95.72951090319918,99.33584555204902,0.306128634040984,49.08445165645772,108.4346372404696,1,5,0
2652,56.51592633164333,59.39920455894606,60.38777197396205,111.74640625440578,1.727362639107021,51.602481318296185,119.49325790328588,1,7,0
1631,16.150707405703614,58.94661706372629,30.796392164498734,200.22116518375856,1.8504889976348975,51.42054592352247,98.21807195341655,1,10,2
3542,24.82990178649331,75.04884172106958,35.948915728631064,155.5338842027046,1.452726152652965,33.30633760881247,107.2761246105181,3,4,0
2508,69.10610417141021,53.984254897588,50.60983488494022,5.873962426626804,0.3876596457700061,40.20804023772544,151.4879082154516,2,6,0
3942,40.670092415436045,61.5710269235565,100.0,139.5336159345364,0.5789242566537247,31.26947440322773,131.1332107959079,1,5,3
1483,17.871073594848554,44.580341570490646,47.848993825540575,29.551962660398036,0.0,25.99330145113452,95.07773429116256,1,4,0
2928,44.27991556239778,53.578324306606085,73.54949784685013,74.85451749809904,0.0,36.08821836364279,20.57484317959137,2,7,1
2114,59.913637759452094,27.043078853849348,46.2812826183,104.45990983062858,0.3836305493754187,38.903451508825405,108.2549775746613,3,3,0
3564,55.10767511348634,61.20471260157065,75.21229926438951,180.2467250876951,0.3224516822752487,64.23106130613554,101.66050899426864,1,4,0
2089,44.819157083585935,67.09333304038203,71.32648282331547,138.5025054458793,0.0,23.005704803924814,13.750728293436635,1,4,3
1439,15.932351212896904,30.67538573804693,82.63342869118371,141.34193153545573,0.6613219164393432,41.00803870459775,111.98984168709944,2,3,2
2718,53.809993595581325,67.7638496779426,99.460482939093,137.44680569029634,1.074635964818375,46.43734001192109,72.72231097942364,1,7,0
3444,63.79415610490389,41.884897013256506,37.21127155253296,121.36880227353986,1.3490887499845594,20.49904839981241,31.543366880915173,1,6,2
1857,33.352888537915426,29.063161967112723,73.78518476561943,57.11334116974903,1.0028881884436407,34.33196547904183,32.310861960425925,2,4,2
2984,67.24786944765518,47.79192081971604,100.0,126.8589907270868,0.4506777616738029,29.308957088340367,103.80512082342938,2,6,0
1167,66.4412031998898,44.15114440160832,98.39869614859556,37.29886737857417,0.0167536937115976,28.753443116670063,68.25986582663069,1,5,3
1060,69.51090254244718,44.06478932365604,84.95247887618666,157.5832791523738,0.6987495213233051,30.62586211563687,106.79208740540562,2,5,0
1612,48.8883065817909,51.67058902760078,94.06257214500256,131.7863263220275,1.6681656569104937,39.95518203623209,33.96791702350967,2,5,0
1531,62.77184917554748,72.4614752476944,84.47321621428087,140.46293140616493,0.5002230280255479,53.58357166430605,137.8297059253216,2,6,2
3788,24.07766671500211,79.1336839213445,62.52327286924863,155.58157370705257,0.2072257593041181,43.22020479655214,71.69951357399883,2,5,0
1050,14.73919689274532,67.95870385467842,48.47375819586061,144.83986660166175,0.175958534359571,43.94126510434148,81.46245080961764,3,3,3
2884,38.15071481694211,57.13048416038016,68.5734677142211,112.13014065274707,1.8807673411328332,39.56454327921119,173.7346992672841,1,9,0
2012,53.95199209384799,28.9165541921557,70.804627175921,142.57049683813273,0.0,47.64292581420433,86.891803993743,1,4,0
1859,38.95553911438057,39.14014502386087,54.54598878290932,127.78710890214462,0.5073415878717128,59.04679882081638,29.639445024790504,3,4,3
2018,40.32228331891357,60.44251995738934,48.65167728849861,122.91589695627208,1.2525724176662574,31.81047555026279,41.6301509966194,1,5,1
1049,56.872365791369226,56.382348998603455,36.37463790173328,90.33295251601886,1.2122719967514384,50.40026719862688,91.70191342635376,2,3,4
1720,48.861087525578654,48.40494496203028,91.49583903668643,69.33940537620018,0.0,47.58282386117921,66.98343685999419,2,6,0
3391,13.076242755238129,39.50878189815069,79.89785552395114,30.96739149449303,0.0,30.346179792955056,95.7935208425382,2,5,0
3653,60.21584177055189,48.0361129231081,84.07136201142826,113.34878915637802,0.0,52.30484356358352,92.91704011488964,3,2,0
3247,32.02431903353744,41.00266965020226,70.49988715516048,110.72316337337756,1.5644649210868302,32.05916293394553,36.207339765933575,3,4,0
2160,43.50337232982755,51.262523452785445,59.923353299081946,160.6045359661368,1.3065754563109238,33.13938473456321,39.52887730540829,2,5,0
1633,46.839842028420215,46.46045019183543,60.16544255638357,85.09237369000499,0.3979088969194673,14.897778589595871,105.00243138888726,3,8,2
2339,42.23646362917543,19.048952712808184,70.45118131170561,73.61492940396971,0.0,37.791457198704485,70.41781798682392,1,8,4
3128,72.28643389337745,49.78594470575917,46.33773010028929,45.701841462914686,0.0,40.62150906085727,102.0794533779217,1,7,0
3603,37.29275222348741,46.79187248668042,100.0,44.68279214614456,0.7318559319019133,27.43844725492613,125.52199890004968,2,11,0
2437,45.02617747632906,67.60163414948667,50.6864472039441,24.166872685703936,0.0,46.68562616337127,223.29636657306824,1,6,0
1026,52.21845179419732,44.17218837225486,72.9144628003116,134.73345620592923,0.843891814508398,27.516971981306817,114.01456459829537,2,6,1
3966,44.822911992603366,51.88852082592439,31.37358981483912,102.32306365770948,0.3596885121259425,30.00813097038342,127.88694144661856,3,6,0
1220,51.63748278772645,60.82218985636015,100.0,79.32756482641024,0.5890217434359998,48.80806853484222,120.37090173259875,2,2,0
3819,57.87594596432503,31.252694906159537,82.11478447098187,106.03042738067892,0.6697240802058976,45.0200188906656,185.10736617510884,2,4,2
1277,53.98119391146941,67.55298063794905,92.75539459161864,78.77009169889287,0.3491024396067351,26.87159726907274,72.52277045949776,2,5,0
3158,43.64569806487532,93.7726033259014,44.10095178483401,91.53355714424764,1.0196019553048126,34.92971737208976,46.402018157696126,3,7,0
2481,64.44762715655543,32.082155903509474,64.3626644166341,155.3228576147322,1.9772398564674645,25.21886285612311,8.000387529318374,2,4,3
2236,82.78233610888135,32.308105032383295,100.0,107.32071459213016,1.1052093542262398,25.10196934634826,169.119137284497,2,4,0
2594,68.07869682172391,17.42642892859329,67.45033363515805,141.76667176824176,1.3625986806575816,24.30223315281124,125.01666036603126,1,6,4
2000,61.45165562712317,55.409718371536925,79.96909411062036,132.21942267690912,0.0,45.65200217084599,95.46266213304386,3,8,0
3141,53.29521682473033,41.38848987074603,54.24878921629147,41.72792368894716,0.3932502251830564,50.06250799432715,108.71555017632885,2,2,3
1362,80.65477826005156,24.689834793339344,98.11941799964532,170.68848241456294,1.1779491618374132,40.69478116221079,83.16284849760521,1,5,0
2458,57.62316769765555,30.0030746783329,88.98750093790305,231.61931023387493,0.519241343352569,25.329660485612813,121.45034240081938,1,1,0
2994,64.16607694402127,58.501575892762695,92.70056656340478,78.87157904893908,0.0,43.32705294374183,145.12458277789236,1,6,4
2672,42.663511763706246,25.5299733437439,19.6274691873348,96.9922750297436,0.5520846703483031,32.31676506303372,53.14776574041187,2,6,0
3335,67.80766327039572,38.423887781048265,95.78451313193328,28.7514414092294,0.0,27.56641262390646,128.01809753333674,1,7,2
2651,61.59266346427151,46.27076219349984,97.59300034306492,89.02938395139648,0.7643982320796835,51.28002626201508,132.161770927628,2,6,3
2836,57.23007050412203,51.39468869794114,49.38374149273281,88.24175608744515,1.644403995812243,42.167912776044936,160.51913045308817,1,6,1
2115,53.00837810287153,74.44463196669199,96.53140646280296,85.93982022986165,2.375740085730002,55.336228457329234,80.45002792381807,1,5,0
2847,75.31415681729402,17.326830204028546,47.71141275363738,163.50440126274486,0.4793446809666501,37.169209264017496,57.94393162198038,1,4,2
2318,43.89550591290665,66.91863489880353,100.0,16.5643068826935,0.782758291247813,38.50189281254209,156.3228878564579,1,7,0
3630,40.41014065201513,55.50221064928164,52.88898994784543,190.3429442073256,1.5767859486384244,36.32136706303516,52.59380267837288,2,2,0
1298,56.14599041753219,35.81739680085903,41.64949535162605,64.49922785542239,0.0546202155097745,40.96430379528505,131.16277117292364,3,5,1
2314,61.15620612703725,55.75152547105466,21.336867841028397,140.5456886307848,0.0,40.97826491852268,96.86257372154245,1,3,1
1938,64.16712894598706,30.008339037805253,58.503518442121496,142.91352150909358,1.0046924074016437,44.01058307693633,141.96239226952977,1,6,3
1241,34.14958523134599,50.187489828608754,64.58692006159566,139.0971267725959,0.0,44.13626377714336,109.74194094927984,1,8,3
2433,67.2094697671949,53.40026372741896,81.53180210794578,115.77614704601268,0.7431728891959887,34.35048473344779,147.51208258585484,3,3,0
1583,62.6556373221257,78.80551253216392,63.2512025793709,23.370088270111893,0.4323422632673014,41.10549119552131,68.58507539911234,2,8,0
3907,41.67611190229492,47.357997446735325,88.35265839518122,127.16284824871366,0.857046615219746,44.91586507590473,111.15190124132376,1,5,0
2955,38.08677411913016,54.90283100915656,100.0,66.47284192916584,0.0972638423698446,48.7620599167166,101.62410273766218,2,2,0
2335,52.97334914404223,57.09557423240323,76.04505178889372,110.0016893656164,1.202319318970431,46.980834649176686,184.17074223713345,1,7,0
2730,86.76367353590246,50.29016106217632,74.16232817787811,44.57514546016084,0.7634719933224395,29.315625141541712,123.53766207738931,2,4,1
2673,42.16483701912356,57.20390752108887,78.35817636383759,56.360752323617874,2.2303536407023,42.44774841111698,105.16081298829587,2,6,0
1351,56.21815131196009,42.2090544226081,100.0,116.23907970550572,0.046643070535368,36.08732285092459,87.93393060310734,2,5,0
3746,44.06785081860403,55.50119611838385,52.65488955245444,130.44922232462176,0.5709290238023278,29.625583035916744,36.68206725767953,2,5,0
2221,26.248031619409744,14.120656935304645,97.66776060718294,165.8088040765011,1.2397113015429744,40.3301587693486,127.07914659997058,1,9,0
1350,45.73105696576305,47.94506765836313,51.97574728825259,83.40675690890104,0.0,23.544877548746538,58.8325230818682,3,8,0
2519,29.5162635134159,55.2251260886919,10.525098981169393,21.991458743502804,2.383220505102085,38.55413232673552,40.24647182424719,1,8,3
3548,38.70451991658116,57.03467117222701,99.47108610064107,25.80104702662912,0.4918871509768251,41.39825271326053,102.92385342340695,2,4,0
1644,19.93714093763788,49.474885849906464,53.26407715916274,103.18511798828854,1.2341561077698686,47.78682745725789,111.00725951756375,2,7,0
3836,44.00323607450239,43.69958409058757,69.5219455036573,100.96454401869714,0.4147080720822753,42.79811854302356,96.26973054406228,3,5,1
1945,86.93273992095331,43.81668882463295,25.14520333626409,90.35093161196552,0.0,45.48878515520333,100.2264645525779,1,1,0
2463,45.819534854279496,62.6465799848486,40.47568790839036,65.66977340758996,0.9880278345549972,44.93117527216005,122.28217522450495,1,2,4
1658,49.517498257799936,18.70283512443373,100.0,7.90404605342286,0.9559316663966426,34.16279354310574,124.57789597012936,2,3,1
3703,90.2454089140153,50.87555436226843,33.91998015535515,16.93977974080387,0.5380382058993126,52.68358611496068,13.218456207249062,1,4,0
3894,54.30793010912576,27.195698116390854,43.10265428189351,86.06718330603454,0.0,46.72612891089842,63.91889043853175,2,5,0
2237,83.55401628152882,71.52631098833353,63.57368977967338,158.0751524240988,0.0,40.48716679393807,66.67218843834772,3,5,3
3468,50.75875670895204,53.741265315275626,100.0,105.66672319526508,0.522248733409448,30.94663832485148,92.82651348478012,2,4,2
1648,48.91410266964375,53.1910966378649,46.58519984390895,98.55916992056883,0.180453073347133,35.18135684515277,111.11888744652782,2,4,0
2126,27.07309213962624,33.56720916731656,21.647806363510576,93.64003080087784,0.0,40.17219582730561,33.082908733903025,2,4,3
2111,46.186351984733065,67.19045216213098,45.51749424293412,65.17694551066558,1.3895919347528836,38.23324907291757,95.43093697860284,1,6,4
3651,31.844876397061597,47.35831349060206,42.78266473809144,174.558320214009,1.372430867752461,34.555989804210874,172.12890861262213,1,3,0
2941,56.161010790082045,58.80893620196265,20.697774333904547,44.15295579488181,0.928509764868886,38.07895319370324,65.40345796911805,1,2,3
1539,70.1258561842888,49.26455988742945,57.08464503099731,35.524996513801,0.0,39.44409476800729,125.53394415830196,1,3,4
2049,79.53080699451792,48.43485810519662,38.21128697769291,122.87709670023906,0.4680024717479207,46.7396515171005,186.1354855360364,1,4,0
3984,55.774473256500464,55.89370265822325,90.66055810479416,84.95323535149335,2.47691690658191,34.17070504400733,58.57959463806159,2,2,3
3376,78.96998459785853,61.09513202176751,64.8540035019664,15.931155414236798,1.048369306907968,43.15496808323492,103.30894159325516,1,7,2
3210,49.98582810846708,50.934970244286845,78.57896385493541,183.86197964872284,0.9161563018420288,39.275709303577166,23.529613838418456,2,5,3
3339,50.14126317256353,44.79220257331606,73.71951587018263,268.88841206446807,0.0,48.26583965137248,195.400542548956,2,4,0
3163,59.9644349699357,48.620648260936015,89.76898280581324,2.8714714281296807,0.5770243767529945,41.99379920654008,137.31974367611014,2,6,0
1802,39.67910543565253,25.995933432444357,47.32742813194848,125.16161922662482,0.0,44.44874916677123,164.56653645324798,2,9,0
1787,66.67844309097808,54.74537482304217,94.4107844299517,109.64948208864648,0.6386398481196052,25.633482078207543,125.41336607316744,2,4,0
3695,56.67719933137069,75.66543213786181,69.13589400390492,74.84182404768217,0.8921966255752676,47.07106160106563,67.99501741415466,2,8,2
3041,36.105737378218834,57.486437242066245,64.94152732824782,74.69553544040558,0.0,37.26393443465831,82.56123694965653,2,4,1
1789,48.59668577082706,52.71594114156623,42.527093631795154,21.751305327911027,0.0,27.944176489762448,162.95225020319526,2,2,0
3184,77.45696949353061,55.51265615810903,73.49955240803385,80.48027664414288,0.0742325963548225,44.0404916653297,137.28179164014014,2,5,0
3469,63.66657985622139,45.09990128736434,39.77852838448195,87.86357053444857,0.0,25.447110240987847,125.98187341342953,2,4,0
3014,31.201937977822706,46.43475024558524,68.60369543367973,61.16529735139281,0.0,36.49047257861912,47.682498215629,2,3,4
1715,49.24730595150303,65.18956114466107,20.91777130402564,122.73521982083872,0.6115752384433555,49.07611811046768,105.90247333448872,1,4,0
1804,40.75449422589915,52.39193760206194,100.0,49.22093101747274,0.5669252808788043,32.40348239166622,154.13124605011052,2,5,0
3009,63.1849133686481,38.98650017043443,62.179088173711946,97.20517666932022,0.0,33.54091826737704,88.42252530273522,2,5,0
3762,33.91368480680015,57.74966668903951,37.61853448332198,140.89960496286685,0.804425073874137,40.092900683066944,128.60388105024717,2,6,0
1124,21.962978744154384,44.629559303795205,75.25917783852218,100.70541781265624,0.2855232010394363,46.30107995583733,140.05642919559767,3,11,0
2809,18.376185959357333,71.40958046433825,100.0,67.99267474531501,1.609975421170531,49.84296445197046,151.97206961152958,2,3,4
3287,65.66781018565192,31.74654934489749,73.79143180362544,73.81478585552374,0.9153356197419544,33.64738615441391,130.8919109439611,2,3,2
3148,33.430059504395075,46.829236552730464,100.0,117.12254395884509,2.1751086063367504,34.89222808095528,42.035880038457854,3,5,4
1619,59.620184634734265,67.92144292815406,34.03199747357826,151.35302134365088,0.7802578026237926,65.27010418328605,21.386211013771074,2,5,1
1407,28.647591412348117,60.23104235093947,67.94365750821368,40.1021018829669,1.102479794958041,39.02810456176564,166.13714159398933,1,8,0
2158,95.04871610688618,42.83883940710799,50.623875924594,68.86641167238085,1.820051961539869,47.12662032127007,73.8934906887126,2,5,2
2069,40.64597597376218,32.161513023843064,100.0,110.78343854668093,0.0,22.31736490498514,108.98330194357936,2,3,0
2134,59.0706860302796,69.07838632907985,72.48284537378375,86.3186194803366,0.4989398479363677,19.131514706840623,3.4583199637958586,3,6,4
3906,65.01158335043532,44.18052546638822,50.85972107424531,229.0145949345388,1.293069315364296,41.316153732727415,67.31546565018715,1,3,0
1498,46.19322643832784,49.27867239003841,99.54725106397234,136.35839944460503,1.022099562669004,43.67165405043045,109.51414549612107,2,5,0
2062,0.0,54.18901757324789,84.9384426473682,111.9249462836527,2.019316525261189,54.1484013645926,52.75597494379923,3,4,0
1326,25.71622774424536,57.12751619743072,34.6818560274861,118.09571353652632,0.6921278349455955,34.38643262476053,129.90461363887272,1,4,1
1343,54.899331422174455,34.60446188501162,66.40851175257205,169.83800886992458,0.0,47.7508941174564,155.3749620059078,1,4,0
3357,42.61445721507594,25.51977672460374,68.58028510284308,102.6692136239511,0.5301878016671344,17.82716289746432,132.3435232448389,1,8,1
3267,14.428248319869668,66.38160175973638,90.91210344912352,114.04642484739132,0.8887657593048381,51.20129406331044,10.65162172245138,3,6,4
1783,57.60395702011927,34.36133457994136,71.44660118566891,44.512493605586286,0.7798459423317958,35.95721755787921,150.45517058640263,1,5,4
3368,15.852840848141064,45.44560890652998,79.57304275143157,185.9219807801357,0.2627640180269164,48.09779272561425,178.38251798937517,2,7,4
1300,62.59257683847224,67.05971813547094,55.35518191378274,46.84818635731409,0.9508454460700556,41.69826672583687,145.1162880565193,3,2,0
2462,25.514035274212684,77.74043212079572,69.19894073298782,50.51745169178183,0.6422933547402238,49.31011854869104,114.59829312289536,2,2,2
3374,60.0356547233509,48.98192927450777,8.9823996306229,87.26960069930583,1.8953684504076893,48.57291504123016,104.23988169565476,2,1,0
1304,62.207405308669294,34.61370974539584,98.19215736291072,11.579228718096374,0.7834589476707401,37.21335228575412,92.1410750034916,2,6,4
2238,38.92823516584011,44.790465665632354,76.93881283733829,90.75616218773672,1.1447371896335476,51.418965369680095,143.70849359482497,2,8,0
3572,21.02817170732912,42.00364396976251,80.28394077878598,87.34565794929446,0.0,34.709753493612226,78.36527696958635,3,5,0
2657,53.36921952539229,45.27055017070813,100.0,171.70005018652304,1.9383668730470536,33.91562958608858,68.23467328158982,1,7,0
1665,35.74308434645671,67.89102748124621,52.00026166945152,70.40619668284538,0.2433562849317468,47.462775936104094,41.38587515485236,3,7,0
2691,61.733876029505495,48.7592746415526,80.24213359366374,74.46580309021746,1.8779159025522032,35.572829304678244,122.8700371395872,3,9,0
1221,96.29317133347016,34.24788890596781,99.98248932303964,114.31933719776951,0.8907624748148122,41.79429521294933,131.9714021096275,2,5,4
2627,41.053562086824975,39.99216372833742,97.54344654465524,164.99356217653025,0.0570346805444724,25.562816304049456,20.12728908354387,2,2,0
2189,61.00104198049104,43.75062041576806,62.92120287800311,111.67975406307882,1.0995218692041506,39.93321426947328,74.2567668798109,1,4,0
2456,14.784744816883643,54.33092004514754,43.74863025442035,75.45635525532171,0.605851354936283,44.15663372538607,83.77624212517875,2,2,0
1450,28.81572956222097,43.79576501555536,78.39920433601442,137.0062832052622,0.4227446684956981,50.94934055641929,62.71897664139132,3,3,0
3003,34.15160158000077,23.06535241054977,65.69062606365846,155.5376586207321,2.0647992043298724,53.59771893328313,53.17400770972544,3,9,0
3617,35.31652402443008,47.474226162907215,32.56919013789567,82.52875246821463,0.0645107637505277,41.88670447509998,100.29418889251868,1,7,1
1085,33.830127942136244,47.21231371710879,67.62220880748085,168.77984821521042,0.0,15.846367379214705,121.4363996647034,3,3,0
1942,67.44914656560289,68.45333263476181,94.11924735756114,190.0764203916093,0.7744311527079539,50.68704980134618,78.32841811799277,2,7,2
1962,76.58305060264863,78.35661027733674,75.80236594821343,60.78395148498721,1.2314863465932355,45.81373059338924,29.76173891664996,1,4,3
1842,63.49638984333208,39.353165116496974,55.87348816122019,166.7253066668919,0.0,31.467818818581204,94.58325763153528,1,5,0
2327,31.213292123624917,41.06697597224211,99.45632118870006,106.93175142652257,0.0,48.31733138348177,125.87424514402208,2,8,0
3379,41.73069677753448,59.13103383686625,90.24143825370604,129.24767465432222,0.6873873780510633,48.62057590546545,177.62401868925366,1,2,0
3431,61.292118517872005,39.7092536444723,50.8411847683746,86.56610612375216,0.0,45.36824683955676,61.96330766114947,2,5,1
2374,17.72877204246518,52.03007521838436,22.27006352556893,71.73250237494528,0.5462987806043013,51.41830927736233,59.33200317755544,3,3,0
1291,45.83755499285449,71.27797017722055,63.96423588187517,66.38032078367489,0.176778471057711,32.70003328419924,126.03882223670034,3,11,2
2868,72.53410273655166,49.45504087936487,90.25650110938336,60.2670407927098,0.7036393811146322,36.592792284679184,0.0,1,4,0
2555,45.470422161969466,48.809173633914455,91.38003769370656,150.4792983945597,0.0,43.35126133073664,31.118717196821976,2,2,0
1605,58.268698064474016,61.73195002297189,68.50864220019521,142.8579194211644,1.100861262380489,32.58179358298242,8.967025340034809,1,4,1
3033,59.52715538712438,60.96500940178222,100.0,16.616736690456904,1.2608044428052851,39.82482637104251,34.401922731693915,2,6,3
1917,62.15793019433079,48.68847006834228,42.78971910817886,165.80037098592493,0.5681921401450188,24.09808676745702,129.59559531222942,2,11,3
3633,53.94584531262413,52.27104571927599,100.0,221.30890019208877,0.3540454983323747,47.28741586465759,55.03133993290517,1,6,3
3338,50.9954737436192,37.97708614843188,36.17835277589903,63.78181840982696,0.1346941384137773,22.006433187835267,170.2152752582969,2,5,2
3099,18.924824679678714,38.49703942993172,80.88865797480909,128.0786735285552,0.445129310189425,39.54357146666205,12.815274647138152,1,5,0
3438,66.52094342883012,67.75981164795334,74.87387731030468,163.8131993936777,0.0042696870482923,24.30643657274806,35.865168869481664,2,3,0
1822,78.1869488037116,54.03942128871101,100.0,119.74407450012887,0.0,47.87273694816222,72.33661706566197,1,8,0
3470,45.81372360841277,51.87128149495902,55.85157172768986,106.1364453852742,0.3745581419766014,48.701781747467706,92.9431589241817,1,1,1
2001,77.98710873172004,37.04759592552599,89.62962705775941,66.0752634756389,0.5082154588053551,48.79307292708977,113.25535472561216,1,3,0
2704,72.19399683912447,58.66967785459336,94.86395589354056,163.60992771250488,0.0,46.01580045402179,109.84259632374102,3,3,1
1019,31.83951848957578,43.23261712386502,66.31649433446235,90.2754257567612,0.946728828509749,30.10084686976451,99.26261409915789,3,9,0
2778,49.25926405903176,68.03676871974608,44.52825107333162,84.6269549992429,0.1214656515159445,45.36487727121329,116.87868667195067,1,6,0
2209,21.94789456400613,37.14722202308301,38.24094884187285,100.50105758702846,0.5993926154029149,56.62913654987443,81.01344374830803,2,3,1
3561,29.722080954149245,34.3170577148892,59.96976983638306,108.55935718728315,1.4248477882543034,56.56322507803557,150.04015216912762,2,8,0
2937,55.07479322989147,50.047215903594896,14.53575085122251,134.34137477264193,0.0,35.60782235178187,25.08590953376735,1,3,0
2719,64.1890363427808,60.84240342478268,62.51212406131306,174.70709486334124,0.5038204909969197,31.385872708136574,193.5857312157919,1,7,0
2428,27.93583268556634,37.33513944225393,40.72687765481366,74.90040199093977,0.0,26.677554132365547,104.87181434893292,2,9,3
3242,61.68825960944969,37.363510548105104,69.74119275230659,156.8928887984686,0.3735426325679953,41.60259286641666,81.76789729414337,2,5,0
3311,43.586647488856165,45.91384975094469,47.433641000304505,93.70903242258336,0.5190240173707248,35.49331822431992,20.80522044560753,2,5,0
2358,57.83608010805093,45.13897737186545,64.22351157897754,1.0,0.0,33.08438597306226,78.13820289208128,1,7,0
3058,67.48778361425455,50.291873832783246,62.79609923722206,66.19646423531952,0.0,36.99557191172448,155.43883301536164,3,4,1
1361,60.38693028482345,32.700013951913824,92.45898920867464,171.19769227705834,1.578075476620822,23.86983186423031,161.64592933387416,3,7,1
3271,56.95352967076673,69.36137636183642,33.08356941204867,193.50693464106527,0.373015775697967,27.906755322215865,85.6284895886896,1,8,0
3085,38.98926301016833,64.34442503137019,33.53104018673266,166.1670461244969,0.0879158103715082,33.45554266448693,189.73444735812745,2,3,0
2565,64.73687794184866,61.877889655821015,79.07510712015193,214.99845621932369,0.023053875495353,25.54389799223437,36.34193029200505,1,6,2
1345,40.57923388763354,35.52941861373928,70.79398641453626,101.55317131994656,0.0,35.4433750198634,11.136810065517665,1,4,3
1987,80.067966035343,58.29723734568814,34.94076791440438,81.42689894561573,0.0,31.48885213165613,106.53719295091248,2,2,0
2261,61.16653825043445,64.96448115380366,100.0,102.0153849665124,0.9288384641359788,55.97674996704983,43.04716669301448,2,3,0
2714,66.94843354300843,55.35459138900389,78.33076337475055,3.839185689512391,0.0891541761884335,32.03868494457045,16.610826972626114,1,3,2
2721,60.26211596352165,65.10735800895003,65.6989660183632,90.34223875752105,1.346558424834334,31.640602238334917,127.48756108225425,2,5,0
3647,42.58983802819942,40.88646812330666,14.927166169857038,157.34814341275847,1.2200891011229296,41.93921476883934,114.92139497414092,3,2,0
3887,39.47504286965157,38.93930144753063,78.46895405700916,93.96784829350824,0.3950235961803973,40.55739773326368,108.34296949463378,3,8,4
2576,49.28717035405033,46.67695103624393,35.01929351938422,121.65319733706596,0.3987199674803597,42.000940591283936,121.31839094867786,2,3,4
1086,39.96485912830927,54.64998474748332,61.67405952365596,79.79523440838003,1.5908064697407136,40.14655909870127,89.78463956999171,2,6,0
3064,47.93556494135007,29.88402930047647,94.89234385925906,150.35589117061863,0.0,29.57825192901556,128.02073161043526,1,4,0
1669,0.0,47.867801945891806,79.64374920454237,53.75370921403631,0.8515643042463817,51.94148148013127,164.10541957132563,3,7,1
2015,84.71927606330499,48.813989872031655,62.2733440815435,141.14942960016606,0.0394293106341421,52.56221344441359,25.6918862696692,1,3,0
1129,51.993027301752825,51.09020786494012,49.5961252742989,128.52430430398454,1.321077389414986,37.41041165232487,107.2313816894772,2,6,4
2874,65.59321064538679,53.493021311403474,47.45018376392007,130.48688616683526,0.3548502619141968,53.53435062907751,93.73165070012458,1,4,4
2147,28.074498262095965,55.82563593845252,84.740980783935,41.53423674567656,0.7448795388760616,57.70957553347745,103.7425906107809,1,4,3
1892,60.14548062214595,58.73856978213208,100.0,145.7911890798802,0.1984598739237311,39.8319868402226,117.12654948647966,2,5,0
3472,97.2774498923872,55.72601253443764,100.0,93.7725760156788,0.2444614770365205,41.884400804207566,83.9415300478159,2,5,3
1308,38.168572223283405,55.42491591870525,91.42438842456966,118.64211243279124,1.2292129968582175,47.94774038460336,69.23038371225614,1,5,3
1384,39.48489956638478,65.40479394979599,66.83702757615124,49.73424370013822,0.2472389856291913,28.787204085182157,56.45505897660328,1,4,0
2834,55.74248330403648,59.29608177054303,63.24330989090277,87.45831640943845,1.219036351770002,31.9662129283371,87.64073173227928,2,5,3
2128,34.914482999612844,76.98087527526968,85.62258986635108,1.0,0.1538514183295157,51.41454578321271,64.4858981424461,1,5,0
1427,30.70153078839791,53.78853268994935,49.64004531384191,51.10305822236806,0.0,44.209727825314665,101.97483806010948,2,4,4
1495,80.46248154539315,57.67249363042792,44.34797889510939,53.69183682583959,0.5745537809934305,29.29744559985584,26.3359913553154,1,7,3
2566,44.37344885763573,41.44039354699831,26.973061975988266,27.93291271423152,0.0386582166398214,40.40428939833467,156.62027703546346,3,5,1
3792,38.85153893783357,12.401426441949248,59.4024731916851,175.25979994395198,0.3969798465060945,43.957115324169536,36.96779420056722,3,9,0
3612,27.24628659150367,76.49767700491451,84.54308412426265,230.1239937437157,0.587786075633091,31.87530167707666,117.49877678128443,3,5,1
2252,66.6705792321785,53.16002697804666,51.57426597118257,149.71893654960232,0.5678285132240202,17.167195424727698,38.83464761067482,2,10,4
2296,48.02220693617715,27.092482151155288,59.52591386196913,86.43517184261798,1.252938755812362,54.53634150874947,33.76070448003874,3,6,0
1276,59.24206948526542,70.33164201658244,72.11317459460811,6.664970659802904,1.2189492104508974,10.63799056221885,90.1235331265416,2,2,1
1490,67.63279513898901,26.03601245606852,100.0,113.4425393200496,1.1553075158897474,41.11694130106675,77.80367527825541,2,3,0
2958,100.0,65.90134609862999,100.0,111.22100191911252,1.077268037284001,44.89811254794013,0.0,2,4,2
1691,42.7806766836184,58.00038867058174,81.82863633169467,124.2367323984462,0.2164922499845117,47.83731396752878,60.82559358270629,1,5,2
3052,32.65739568578199,55.26748201440626,40.56458736876778,16.379773709382377,0.0,27.961143656270156,81.92038499653268,1,4,4
3239,41.85927374146439,52.69871554319625,100.0,108.17238733087386,1.195801427654395,34.52781559734027,128.74530204575183,2,6,0
2243,38.366381721027125,41.15161523366588,48.65442281239058,76.07228666411409,0.0,38.61432376602589,28.89623362870867,3,5,0
3674,39.22316287614524,92.3649588650457,99.8402938793147,205.25433196672512,0.0,45.673056252922606,168.1370413499481,1,7,1
3080,40.99621470297177,72.17107847534666,100.0,178.1177254686615,0.9682751372027276,46.14547237650868,91.91554459874696,1,4,0
2059,60.87200309188864,64.42980783607761,100.0,123.90189075961418,0.3928413868932412,37.9780966461238,217.73556988720455,1,5,0
1119,72.85645629030041,65.73060689624845,83.79910648329569,95.84141140326902,0.0,33.41824725862896,186.13138303522743,2,2,3
2996,71.40300476632855,49.26552453712325,100.0,112.07045581850235,0.9328025123174956,41.388639892005486,119.39136710044792,3,5,0
3286,59.24121786503793,56.23739944183014,93.60963057088476,63.52814755761754,0.0,43.031538283762735,96.2585728340401,2,7,0
1282,63.242613490420936,50.45047218746123,74.64594072256882,105.3246990145046,0.1704051189144013,30.41071732285384,98.71153220613716,1,5,4
3808,33.33887885998483,44.584861651211455,69.25778024285054,110.7515971471728,0.0610744435951088,29.89003039923993,0.0,3,6,0
3336,61.50410032213132,42.53057229773237,79.70464489136833,51.27737261948519,1.2599703364285464,40.800412692152605,72.74862135387842,1,4,3
3763,67.90710861525199,35.280110952238026,40.31117083062399,13.11569008773283,0.0,47.25923611648402,152.9435923287781,3,6,2
3946,27.04617220368665,62.504048072560224,66.32018123079972,102.19541509385785,1.700582752725146,28.529344002809232,115.57041755946656,3,5,4
2180,27.92821365568458,44.85681707663654,51.89243664480833,155.9169068396564,0.6639542895196919,37.35790715005635,152.7899119233286,2,4,0
2603,37.080716417509294,74.5259959179128,82.13399768882975,57.21287100242464,1.7717552656636608,34.64754296059605,92.0028925850583,1,8,0
3117,45.428001693199626,75.10045919228786,44.64589454682579,122.0247248081669,0.8805578897964248,32.48976608609476,115.32561032348973,1,4,2
1305,49.58196812071704,66.51232097633908,21.31643814647964,149.7583832579303,0.0,45.62719860082079,73.78857759477063,1,8,0
2845,53.19712783994801,67.49555818503879,100.0,80.93813563635632,1.7474168788910307,43.3300212944904,66.85050193644761,2,3,0
2357,39.075111034950346,53.40551718297333,77.65336382756888,124.99108179869046,0.1346311041668723,31.71859862387103,145.09991891050464,3,4,4
3437,47.37054808656664,49.14438249720588,73.9408639610236,90.64172260680697,0.6724435670639491,70.96695513772053,71.44149917814029,1,1,1
1576,5.777293819842299,54.30433781452563,98.90016673627818,57.72239118226931,0.0,45.73767761144585,96.13552499253088,3,5,0
2872,45.70157939422529,70.40173850270469,100.0,114.09590103755252,0.6349591547543881,33.23684136422638,103.41969303183312,1,3,0
3846,28.05394944734312,41.82220632910517,51.46254375218187,94.55756874654192,0.0,48.767599891542645,139.7633606241102,1,5,0
3624,78.20918290407008,57.149765612008366,99.76187462983704,51.44050654310042,0.0,54.86159237018532,56.63427456228342,1,5,0
2418,55.37184557726514,20.756574233684493,47.209567446152434,110.87029263635016,0.0,37.982256237008414,72.16327438376153,3,2,1
2796,34.96061336522362,31.039907480789545,99.83966338690657,86.09400678168329,0.8193423234062203,40.27010554301906,137.8057588087591,3,8,4
1844,57.64819492368101,29.423853061047417,48.72789777402753,37.432190888035656,0.3726979539468866,84.79084251025756,113.47117260274506,2,5,0
3813,84.77702703706663,53.28445873783963,72.1216364590276,85.79060589226107,0.0,35.942634983677486,0.0,1,7,4
1270,52.61481154572183,59.69734306588656,82.34943455514112,78.30047688920214,0.0,30.898012937720893,99.71385795475396,3,2,0
1630,71.88383036941897,40.50867455172441,81.00149822557863,202.00669429984595,0.0,44.3199656336961,54.62518096320041,1,7,0
2034,62.94391879405482,7.413820107718593,45.4418931930806,72.93504525188801,1.3653434847817172,52.556775257411005,0.0,2,5,0
1287,46.964298099288335,45.04819859050325,43.99503222611317,121.41764568857243,0.6720734552714724,39.99868313773062,169.53629645707156,1,6,3
3212,62.09030652710734,33.82230887953104,86.03854112340031,95.92720061110604,1.696834276165201,39.3748623182279,101.58848563488176,1,4,0
1301,33.420099781558555,55.07829314428872,64.46000764037402,121.062368934549,0.6589441372009047,15.68878836028372,119.18275119333944,1,4,0
2511,27.1662177173299,32.19509917541383,100.0,51.89293859048077,0.3335936386570211,28.74049103864606,65.0340563371664,1,5,0
2812,52.93586023971099,21.28909894118799,65.54941774840404,111.31521038725673,0.5388173346103894,52.09086398014004,219.6149191834879,1,1,1
1066,77.12480057141646,54.823898170088576,63.17666699436218,81.64626769909086,0.613254078421904,46.50489639988436,139.1911702873329,2,2,0
3398,29.92085255837003,60.99581422198997,74.21628419025488,59.83197836171531,0.0,32.7034211770588,132.81926504206612,1,2,1
1891,66.40964362394729,60.39286376356155,95.27099337550784,162.59737272565786,1.187407690285113,50.27191560040414,97.54129349864547,1,5,0
2768,46.48228375135327,46.20855117355722,26.898454728299114,178.9472546358988,0.0,34.35128505793088,212.24492070743636,1,7,4
2732,43.01366407763605,49.25179768807824,76.08687692841926,116.83561477103056,0.4636571488567573,37.84430538640231,101.034629142713,1,2,0
2377,36.61854522680167,14.425109587116616,81.60628095307509,148.03066162517428,0.1991170237965025,56.34605511761201,45.6466243532541,2,4,0
1231,35.39266736565727,43.73135681351164,77.2800688784508,97.36224459996173,0.7166889527370061,40.288488947931846,74.27916191717362,1,3,0
1504,61.259384733811416,50.76796852821628,35.74933431588927,48.76246249618049,0.0,53.01096693465622,192.7331066929792,2,5,0
3460,59.44004541838549,46.94808288379543,100.0,80.91144016629785,0.0518386531723902,44.96346411070492,56.66348833331412,2,4,2
2351,26.59773947881281,19.45669245716095,47.113074272742686,107.05572483527963,0.0,14.32414882066242,93.47925865914442,1,2,0
2445,57.99375903505283,20.948709462463025,25.48435817731277,124.337075107903,2.7306024382677383,35.87280720805236,76.85847382848146,1,8,0
3552,12.4015122972191,56.099330513340114,51.4417996780857,95.4878559279839,0.5983562329999238,29.405785929179437,112.06336876327669,2,7,0
2005,63.9644662722718,29.497124550787603,87.68644277160952,159.85892657309563,0.3962750265512396,43.42853465781648,195.8629767252036,1,4,3
1837,81.01000985628154,68.56480636267997,93.20226527477703,151.2387056140864,0.0,40.70864997055136,6.209545357618424,2,1,0
2589,33.44819558702561,43.10514841590505,79.90917391168378,119.9356400895172,0.0069477730453829,54.77926736159536,213.92586579779996,1,3,0
1375,93.06364915023111,24.760119588159714,65.70815865188041,59.53266576025599,0.0,23.03683764883778,145.15837959973882,3,7,1
2353,60.82925456409576,46.26392233020439,57.428281158226106,93.31103137393802,1.1365011776855858,44.17080498008645,39.96781338394524,1,6,1
3111,39.11771995771615,42.79028087767638,45.915091470035776,57.4191379906646,0.0,35.00991735570211,19.41074682563992,2,6,0
2787,43.81581845900273,60.96438464564324,72.6545729860054,152.87136435570682,0.0,32.725351935457205,161.4233245211771,1,6,0
2804,19.725712147743454,39.38133588988888,74.79723862554118,102.19502665616942,0.1723128263426667,33.33354807042022,97.5247676967466,2,2,4
3072,74.72261443612436,46.7049582147356,86.86737444521549,19.05887140067797,0.3528910770663878,40.42039036997231,134.0151446030238,1,3,3
1752,22.966307887673327,54.93660168065195,50.841936880464345,107.1708815340738,2.034146778538491,41.45758639327657,94.29148661197596,3,4,0
1100,45.30825733249706,58.69785927942698,52.04838040954339,75.0064482747484,0.6135562518291824,27.135305064305875,118.6383612138201,2,1,3
2724,62.30734968026107,45.44653512101127,70.31304660824466,103.56436302747308,2.118430839451672,51.22969371585736,169.9312305279707,1,4,0
1867,55.7173078144981,54.79287006174433,97.36996255568312,116.0792270186378,0.7289526526373153,42.0650562514583,147.91663573425706,2,8,3
1911,43.84443530093999,28.770992121137187,17.254043984358965,110.91693752210804,0.6157693383167041,30.323435717114787,143.55226465726088,2,7,0
3010,68.75140275253116,47.87705543993229,95.77298345917268,96.07046020155904,1.8313392040637504,50.26014125707297,208.3442017408156,1,4,0
1530,31.913667497911828,34.230351325409835,49.93924900337908,92.40244382640071,0.5143512105573679,46.56805828509481,35.059822297406924,2,3,0
1637,66.46341167923829,44.91316581094942,79.56083289231339,96.18804913397013,1.225141346602424,60.10903035413434,122.13766606545522,1,6,3
1186,64.28000988184183,69.95862356058561,51.28000509949865,96.69438030239964,1.845557192188617,37.40915940919369,68.89675825275226,1,2,0
2188,45.50733700005951,39.2593484558624,100.0,45.8405776666975,1.3255971276982994,41.60692867464905,175.06384417558644,1,5,4
2972,0.0,48.78431052917384,86.11724508210582,90.8979784457172,1.0157859868736254,38.10500423607871,80.77087781398936,3,2,2
1932,87.6231413888118,72.92047039081748,91.3291326603298,57.69801636861828,0.0624248055144431,39.58482030731928,100.69178616111974,1,2,0
2382,40.24177183708595,52.64284733754039,79.88434202964164,147.4944534124646,1.3582732097338477,43.57162585701271,102.48306778541088,3,9,1
3296,60.450282105315154,47.46315971535776,95.6869835838173,38.50584423567297,0.8010094666679484,47.58065706173968,68.45724806437903,2,12,0
3383,56.87575763099771,36.3684549378804,72.31568969872309,28.51378784848144,1.664129581717282,53.69114367674751,0.0,1,6,0
3402,53.53641744278796,44.04015121172957,99.12477206409808,64.1802853149627,0.0,38.12402999908388,110.00758324037125,2,4,3
3000,35.10194710387102,37.27901602954237,100.0,85.76022216762834,0.5750017308162978,42.94934735110136,19.00400984057833,1,6,0
1608,25.10690593377166,66.22977213874913,74.69500845106305,121.71318249610356,1.0566639744800272,48.634140715616105,45.69451568371875,1,3,1
3897,8.317741210028231,26.432714733231755,83.2585725417645,83.43803455608025,1.0053448766858604,47.92395039415735,25.907724945935257,2,6,0
1152,56.92896418993952,44.46189199328831,47.90702148272343,111.60972523211638,0.3160116503763247,38.97733649782408,125.70663499965596,2,5,0
2284,69.13404633589168,64.59652341522607,69.02139932579145,111.6642520543936,0.0,46.01936237103242,84.40864735627234,2,3,0
3263,74.71564383644308,54.08632094980415,65.270245468123,97.60071025747096,0.8210203177143415,40.86694571485534,139.7339161522562,2,8,4
1732,30.43254444769936,37.57705590552148,47.90327762148176,157.82908257971198,0.8994092900839017,26.03770869763809,54.78024385226898,2,3,0
2338,43.95060627023743,57.54878097124257,26.554884603837515,181.17646054459036,0.0798570427900602,35.833080132042646,147.5776039039543,1,6,0
2599,50.41587415350816,56.326701113763065,94.85747066719058,114.40750207701274,1.456722715686078,39.01127374340518,141.60551086105636,2,6,0
3841,55.9124897749419,55.37516766614005,52.33327239817149,129.90860751673972,0.4785848550384711,42.01785107370954,113.56365150546466,1,3,0
1024,21.505036275730863,67.30851101383621,63.12196429362383,144.05294460287166,1.3102637240669703,28.585842077727808,109.73870028140335,2,8,0
3858,45.38950749639498,42.22896470787415,73.31494180065252,151.3979501128899,0.4325471000882436,45.44322704765736,46.32282782380553,1,2,4
1159,26.17393005594703,69.92961242372347,72.3094197909981,169.89221535157492,0.0383531942131005,29.418490075293136,146.29023207980296,3,4,0
1862,19.68511770005536,38.159922414204885,100.0,123.6319881495006,0.1476502833653688,54.88134627240202,153.4845840869804,1,4,2
1903,50.57489645869635,75.03604288739497,80.560874322536,44.13364955343827,1.5361281538173053,50.86758977026565,127.64715945990528,2,4,0
3656,67.09050454133231,37.91300517673693,40.64494260699634,65.49937000927073,1.978462529077036,43.64711773208485,19.415077903140254,2,3,0
3938,45.40902689279306,26.290940887862465,100.0,71.4048575095038,0.4985218240106236,45.61711027918443,169.78537409337528,2,7,3
1445,23.910609989902937,60.43103711825448,89.60366040883747,171.7088518260163,0.0,33.57278406117286,55.17652811248998,1,10,2
3939,17.21031674949132,68.66847740532884,81.91075416792812,67.94441729236152,0.0,50.4770156887761,46.96341880222331,1,3,0
1755,31.01202222336114,39.616245061011554,21.460804984494462,77.1157719160461,0.0,38.785128945595886,134.92163910314878,1,7,0
1924,35.997583701216534,25.826489613457586,52.07045248193822,152.34772672141045,0.0,51.8806187625106,23.177014822693906,3,2,0
3971,11.75490049160446,64.63570066503875,60.22438332836059,113.13209939358453,0.8066165237296679,41.156207904214334,0.0,2,7,2
3103,32.60673837450611,53.72487713773823,57.98563966993814,51.70866145520179,1.203375184230539,21.2594449726878,178.05114652239797,2,4,0
1312,71.9755370397438,56.74210869248461,100.0,52.34797683175751,0.808725084395534,38.037063822542336,100.882090436751,2,7,2
1549,57.422917467426174,33.32629625729673,79.78023318093484,68.62299986279636,0.2785924245446087,31.160101010779982,62.38555891192659,2,4,0
2946,42.60779327912732,65.60092729853864,46.46492077494938,160.50830476826593,0.7443085880396555,43.14289315478708,83.6627705029454,2,7,0
2457,65.06683242209066,32.64325071930094,47.25775528979164,73.40342458539538,0.0,50.158565189929774,58.426066354925474,1,1,1
1307,75.5532979157685,57.98009298232915,49.73678425445934,141.50806861731522,0.9773953094779018,40.723755156148925,64.09311706186351,2,8,1
1288,61.76634412969153,46.82499527103235,87.47039175701191,119.59143538580508,0.0,57.91782273613359,84.19418596847946,1,5,0
1695,61.86202515936768,63.08295500109467,83.01723741056672,88.4606923948639,0.0216332744359092,37.12415852407903,84.04409551510483,1,8,0
1309,60.94194762340076,76.41782187301061,68.28883768333961,111.00946571025663,0.8861761625791786,9.057107509086103,152.65348587974563,1,1,0
3321,58.79002461240453,53.34921369883056,19.74458363584843,119.02601526581516,0.0,37.11969260560779,46.62915070556556,2,6,2
1750,21.866778063035557,27.888018019368413,65.51213562818799,157.61743194809628,0.2002982683050367,34.40774202044789,156.3640561716035,1,4,3
3816,66.28303524236533,60.26244812913432,71.64344150118218,135.1982338397117,1.1725180082768247,43.27818715815984,105.27503748981395,2,5,0
2240,82.56793246257075,48.82654011412223,45.07670933994683,141.9972269871014,0.6791610639548425,41.10880502892837,117.801623356357,2,10,0
1909,62.909683622821504,58.78856301746974,48.50966215303865,153.09083229948658,0.9539827233430984,51.87591818018013,114.85835736124538,2,4,0
2881,69.29703266194915,64.90673321795659,36.998070306567456,57.46086256859233,0.0,30.346038408182995,100.05804933604362,2,5,4
3381,30.72482147578778,41.2037727666684,72.5447083426832,123.94237866088676,0.4261325428603321,70.71336701606002,41.84504074744729,2,6,0
2407,21.563786665163125,48.27163651171704,60.61249899811072,106.03951162505552,0.0,26.917467445756284,92.86125234146532,1,4,3
3495,24.86986211441487,56.46293628522556,45.311925939325135,163.1288703482075,1.087457601268153,34.554270681762084,169.2050015445052,3,7,0
1971,52.56208829821578,44.04207025781019,43.34919570930799,54.37059009111867,0.3690480110540955,60.60341543836832,176.50860276102603,2,5,0
1014,11.73439510684404,29.04322722330513,97.3544886880369,107.44043808397952,1.0927397763057711,51.47520616632242,73.26245977045426,3,4,2
1874,35.38139920116162,27.84612608702148,58.62002737959602,169.5416774088322,0.5506416521234272,41.99982199863687,70.49870154545893,3,10,3
1809,75.11512251147042,59.82463376332535,60.6091584820665,1.0,0.2281121313078574,48.87308962459746,110.58962100928922,1,5,0
3579,55.61272808980273,29.777344318587648,13.605216722631312,160.80032694557383,0.9762010160024296,29.359540727544275,176.8327914369989,1,4,1
1515,38.46457338863335,56.52155096835337,73.63568043514398,110.3771147444371,0.3899345255800135,43.58234594014453,92.138664155444,1,5,3
3414,31.649943579714726,63.14260897539613,76.51917043707658,112.42725525594936,0.1392243413192054,29.57416846466174,34.53030272833614,3,4,1
1410,60.28877668117498,80.70293293579337,74.54974706556995,167.79026697157508,0.0,50.1779596903596,105.04734851447904,3,1,1
3834,44.52013836341391,62.308302543318455,93.58994440682363,19.813526248505227,0.8336294549138701,27.67545609169774,166.37501227277104,1,1,0
3260,53.97896293592989,80.33885345854222,76.72030891030386,46.83706567343609,0.5878909657315046,44.62912779493113,129.14140347280696,2,4,1
3824,21.8962030639285,67.95366423142028,53.77503698817106,161.88690528746127,0.837331142428237,31.228660615525754,88.46719155659757,1,2,2
2226,47.40358600533148,57.79853209293129,41.98080873259376,146.23609027567105,2.900237334605749,50.94166835615131,114.95978110900448,1,8,0
2656,44.091971797219415,82.32393016074712,61.6634826704557,172.7269230443879,0.2783775899678482,45.55987433690139,94.02727993718324,1,11,3
2611,44.16377462168912,51.01757770875407,75.88639487777786,89.83408572912467,0.548302450515943,62.31496335202466,82.4196285859066,1,5,1
1383,7.522085513803859,53.18861045948322,57.12072752269955,37.046754427590336,0.0219454255793697,22.055564149110985,128.9790623992402,1,11,3
3107,31.987585307042625,34.550415878345966,69.04190410756568,126.10103175553832,1.7733540331370636,36.548627695234096,105.0311055417721,2,5,0
3188,44.6669534153117,53.20713190911595,85.80540785079626,127.42316367702853,0.3754096544340585,33.00430721421578,139.38146794774775,3,6,3
2622,21.234440433652665,75.89339818453449,57.38415644276914,122.39653663864736,0.7339928262535648,42.06882529756791,199.37004412635812,1,8,2
3832,31.510680237408916,48.20570563446843,54.84790419450853,69.16349450217992,0.0350124945289926,37.92087689933886,29.84307959555001,2,7,0
1553,73.35564123319614,55.2006496640738,79.93492558648086,127.79130137875636,0.8666094357896974,11.437245866588428,85.11321755593845,3,4,0
1223,63.72520380749027,70.5580421599507,67.82288184642125,146.94785891174257,1.1602353124344558,33.3831012903368,140.7926755039258,1,4,2
2097,51.57270380632181,58.93236346458886,100.0,133.65668461164842,1.5908688083165472,40.30848667053508,168.0147496474955,1,5,1
3755,48.52104868783215,47.06322093547128,53.597569099858966,70.03221474735015,1.211781622308996,30.967963911045487,0.0,1,7,0
1009,40.61051228130096,66.2403658083061,98.501696162379,115.25754179374864,0.2423592024994235,27.369646464229337,78.47926456563579,1,9,4
2477,47.58103702784437,43.08245401948072,13.860352560870927,50.303953541230335,0.2535652407773958,64.25412591803892,160.20005650428257,1,5,0
1317,63.63905942589928,49.19142726491391,100.0,85.76052952423025,1.7786529555183563,55.10286651273145,151.32096885673002,2,5,0
1428,63.72102919996878,70.7679807139086,100.0,69.3788554549566,0.5595321021401273,39.8405027302323,67.3800769768761,2,6,0
2986,60.26170840194586,74.53696709203723,48.98070275253437,109.7581023570909,0.0418045408829887,41.50867628511563,54.04206707629988,1,5,0
1106,58.08101713629077,55.42125975909654,96.5713423258304,82.8404215656644,0.0,58.61914878150173,162.76615947654693,2,6,0
3016,46.12347722454393,42.32354663086545,100.0,103.82590311218556,0.4553750548245755,51.51515145933001,96.42429953635089,2,3,0
1143,17.85033530877545,48.51358549638096,69.585789754437,112.44469845666282,0.7571522444032406,22.769539707087688,189.19593033037424,2,5,0
1122,31.81225090410522,40.81749624267769,73.69389768500321,28.888274924656315,0.4444225330301544,41.46632587646175,92.0320712621768,2,4,0
3372,39.034254070187984,33.11619328952047,47.106123971660985,10.200863270798834,0.0,49.30873289065691,160.35132567138427,3,2,0
3866,43.84383057722232,41.00267909124408,100.0,43.54677890838491,0.4091464195567146,38.8521117836545,18.995283040247145,1,4,1
2190,30.633110902727296,49.05315480333128,19.37400215809568,205.84015274819268,0.49029650584701,47.35566898302572,198.9325643774252,1,3,0
3962,37.828205535206,81.57946144187468,66.51144892680242,101.8783429353626,0.410986042594108,33.6297439012714,85.92467192896154,1,5,4
3601,12.46894587916252,47.17696341840768,60.39545835732561,7.203335640578175,1.431240455242803,40.02118421017472,24.55756581852519,2,3,3
2658,76.3519507121592,35.88465949000431,16.60500378162986,55.668041539770094,1.30431028723668,44.06542138266695,51.82504697419743,1,8,0
1116,56.03094684667225,53.77210413410768,44.224368121317326,145.54722019197376,1.003529321280607,33.7224501324251,124.4619887706178,1,8,0
2406,34.864098228610786,62.70323155827371,100.0,152.2528072615603,0.5735531798458064,40.63821225033639,3.525886868695892,1,6,0
2512,46.12681081440564,65.86721271231194,100.0,100.0111973997894,0.1688248106476343,27.573798550550848,40.10731273370446,2,7,2
3493,40.13754355200456,44.3186024509536,67.1710376385979,111.3271375465498,0.002982439229429,43.82131275890804,0.0,3,4,0
3798,14.282670161317776,46.12737292952848,92.4413942912436,61.98577806892032,0.5001123551849594,58.96604068573929,123.36655648228243,1,4,0
3949,46.2620768367603,24.998548898162035,78.31901196592526,58.751965670437954,1.0278600635269488,33.02968530635138,79.03843105505426,1,6,2
2597,62.38308522010396,45.83683615526672,30.67526857317848,124.97794541246014,0.6169020451870169,47.479953986272,115.3601972948936,3,3,3
3890,57.65977969481857,44.738326915976685,63.4144091220124,64.26679415795037,0.1291552235784971,55.443334869712345,139.30481600521875,3,6,1
1673,43.14624811839303,32.85471031889407,79.22541094562918,48.63740562474356,0.2825595321141836,31.09168319869218,160.93040871672483,1,6,0
2432,66.31474425078594,16.542979713133114,34.42807730471114,151.38593743897667,1.228449709959767,54.769220222147,100.00359335294316,3,2,0
3173,43.60304953490312,43.78059649142205,76.56257227129585,40.70925444925274,1.350545923914147,28.216538751931544,93.37776401502138,1,6,0
1592,40.44685106469767,59.061813343827765,40.55596355021605,84.41072133719877,1.4847652701130754,37.77434929228587,4.451703220389746,2,3,0
2403,73.71408309325994,36.810758263820176,67.25339692245161,159.91842846867297,0.4638931199490954,48.937617973878304,60.65861846324813,2,3,1
1889,61.81309661384618,52.14573154818429,54.16818238224319,112.79885732093857,0.5845393258859531,51.12060680033157,82.9865161022915,2,6,4
2755,60.22405199049962,41.97864993733516,71.35129157115003,70.96294547217748,0.4740943341487365,49.56549461787269,64.75742446379715,1,5,0
2367,49.45390920980136,42.11553599021924,100.0,49.2168384560087,0.2564073152830918,50.16643207315882,161.319497196096,2,6,0
3397,31.562803737493734,53.59441277358497,93.13204731792078,105.9175100561718,1.5155596264161175,40.37092341936456,217.32006619966992,2,3,0
1214,63.02782502611596,72.84857932568387,37.385263904988186,126.644586011352,1.361452062924608,49.39319890232456,122.83853888502296,2,6,1
3008,33.658227378636184,57.31662231626508,100.0,63.15493238841005,0.0,42.47288125627739,177.93132584814072,2,4,1
3149,47.93490479701905,61.19917046903235,76.5938896205644,36.1314433224691,1.005943741752941,40.87964277474276,101.5116901358668,2,7,0
1801,68.76567611951995,29.171861692531834,46.276179305783046,146.69052130374985,1.6163333923307044,25.237695196906017,85.8353520291144,2,4,0
3481,37.882783584822135,79.39755882117012,61.95618240024479,100.75616307922768,0.0,48.49521986994124,48.96874797480897,3,2,2
3440,17.868457985226414,49.09943687467153,82.76501726025784,100.91154985685586,0.0,25.873088475073686,50.491248071477465,3,3,2
3284,30.376689377206368,58.99366311868034,0.0,82.66250544958787,0.2227412237445118,25.91015700048265,83.67586881102218,2,7,0
3663,61.94456436506769,50.11044022135351,89.91075916605276,177.4004110409346,0.2970551928824892,30.022437208930658,128.04216429882104,1,8,3
3712,80.64735449356232,34.45784642037205,58.68274628726167,102.20323174564687,0.1055127731259094,46.86288541731814,70.4312888304031,2,3,1
1274,50.20466122039174,60.81703043818372,42.95214078217168,151.6594932181574,0.0,49.16328953438571,54.94483565078215,2,6,0
1072,80.76073132931938,75.53771987194409,32.28610079467859,73.96846967188505,1.066679321777058,45.23219011176937,81.31395647547832,3,4,0
2790,76.80900892046289,47.446126298061415,98.19470067779116,77.23897095586473,0.2941339841279564,32.01527203200368,103.80962107243612,2,8,0
2088,54.77578318053027,51.197022260881,22.846782401224345,30.911540571614808,0.1672736076224678,42.41078976405813,121.77078263654704,1,7,2
1395,73.58880241442574,79.58813265184712,47.429776825930006,108.49872698746348,0.0129332725616841,40.17752546173286,61.98688001482604,1,4,0
1584,95.41385715608791,31.656574706666543,31.413726420356326,113.46530947811692,1.6289461628879274,25.222278922466828,90.12356978543926,1,3,4
3081,50.010559177131945,35.096157266089456,52.56589430209573,144.44938745918216,0.0,51.09099465476719,113.7446504455486,1,5,3
2981,30.56686530917428,32.03050356174107,46.77683793848174,1.0,1.4205336416669412,40.554799187653806,148.1295991422901,2,3,3
1501,68.52355095063282,67.70961368678218,100.0,86.61172406375776,0.8575148847250913,39.13453839319397,97.28243627998988,2,2,0
3015,66.58949683863497,51.14913605677489,60.56533706344475,147.08095067757455,0.2611381452836052,42.35865065749571,126.14857869484726,3,3,0
3224,46.37551653563794,36.06811877821312,81.23583789868155,16.920950541100396,0.8858791456342969,42.73935736931338,118.19456810750268,1,5,3
3980,53.99620867437427,57.294649900253326,64.41821028916726,211.84855385308148,0.8749481575116265,50.70857597912482,26.280856534092592,2,4,0
3741,58.29731000723821,55.07536162903939,51.21636325991574,99.0830966683145,0.8797529607651609,60.222125629720864,15.570389968629655,2,2,0
3319,38.833964921079385,47.09441930292557,49.36770097922839,96.50740659081784,0.9000714878305194,50.38654287319735,40.35519031816081,1,4,3
2260,48.88461844684588,36.68345732692189,100.0,98.35627574237829,0.8777583420415493,39.96251466198149,73.90582931474778,3,9,2
2743,51.40104326226363,50.02428547035412,54.21897159398249,58.68173573670657,0.0,40.36279292638335,50.53108646301399,2,4,2
1206,31.243499201697546,39.84507292312203,100.0,14.761212788597788,1.0311934360871575,46.064247283911634,31.28003757629358,1,2,3
1734,15.94832791524319,52.175956189390725,52.98764880589881,37.74247120199572,1.9282426192345423,40.30283636552964,112.42312105656458,2,4,0
3503,43.37383233633354,52.481054904495565,100.0,129.59005955725078,1.057678912064134,55.38847290469344,144.09091401003326,3,1,4
1527,17.449151242336747,47.03093406522977,61.51722032154602,40.55294409733256,0.0,38.96871937648624,21.349572867524984,2,2,0
2376,45.81352645696268,59.69009280671827,100.0,128.7678362260063,0.788848953010076,37.8002991332697,100.64819707358797,1,5,0
1899,74.13017933016714,56.44011234202601,68.96771595538347,180.6434185353564,0.0,31.725232487381703,102.39443913376074,1,2,2
1378,53.66684011476704,35.53193307634713,71.61264932156429,161.0902342488351,0.0,51.49477060828529,75.05106284720573,3,4,1
2727,39.28073109771904,53.15901258946462,37.86002214868069,78.24736998820701,0.8934645834578323,35.83294516408942,143.40273271138884,2,6,0
3683,43.411044273058174,34.896089585822835,27.818023008970783,197.5964544758712,1.1568879967113044,53.08989409729112,113.36956503987032,1,7,3
3723,28.82184825886799,38.49398816899549,76.93789647204726,82.04341859455627,0.8119963980947569,31.20863906892315,136.5555419844737,1,5,0
1387,56.83511951554319,37.75674133187053,69.39003581909608,60.21411682396943,0.2698926309235963,24.51416966378608,104.12952584377064,3,8,0
1199,51.16417436892,44.41521420593116,62.5294977742699,1.0,0.0,56.857441919739614,67.25077556956404,2,8,3
2051,37.488745969809415,38.92914374507913,94.19486172508564,11.40516588767781,0.6973642116663358,52.849797147621686,57.38331607734451,2,7,4
1591,51.43132474438785,66.02569000541024,64.6053218417945,143.83029399210898,0.0,31.56403387468287,210.41741321699357,1,2,0
1520,65.02774246743579,16.74771740968903,78.48389531890551,79.76520715683368,0.4379757255559734,41.91442047344609,117.26352548061443,1,8,0
3951,74.11989033093633,52.04896093383128,75.94106640749898,163.70317917580746,1.8076230474713768,51.40962932365408,195.5947082248722,1,5,0
1430,14.825210271537712,66.51984436603644,58.33564821993058,201.3408558021196,0.3088074993965233,51.88474966503524,90.99486993243212,2,5,4
2084,91.53495967121682,21.325391740223644,53.70278543671548,178.3427353606893,0.0,50.75120748981757,94.74992485479392,1,5,0
1208,60.275719018244175,62.45287717793915,73.22968683329276,7.853154687616211,0.9113864313074684,44.527625878480656,115.39807760401476,3,4,0
1492,79.59888277780053,46.79814830974343,47.33378637114268,97.7477940994538,0.5864202893183997,42.60706161971275,99.72064330159084,2,6,0
2610,44.95292995747425,37.41660988961395,68.77925410165741,66.40413447675047,0.0,25.847660691335275,57.90578248573283,1,3,1
3913,35.38087448569053,68.8642858453904,64.42435796833995,93.25048860114693,2.698296037071566,37.68624042509961,82.17917329886285,1,7,1
1793,55.43157674390747,53.85798455533891,92.25144331188648,109.01525256687516,1.677853315809308,16.835551430725097,176.640656616171,1,5,0
3020,25.21483210293055,55.97220897683805,94.44618911635828,165.39820962746717,0.4066789354373256,41.53763829544706,191.04836126331156,2,1,0
2187,30.35025212923381,85.23613680051136,18.367430623984745,36.145771883444056,0.0,38.11018755487376,83.39111030346307,2,3,2
2186,68.81542375976431,55.39213696320688,87.1714477753064,245.7054607884181,2.2086467758195742,34.932958237897616,146.059451891228,3,5,1
3182,42.851091543791455,43.30519227148483,77.42900059520554,77.5174903078593,1.6145575515541424,36.83316512036591,132.71486967371376,3,2,0
2341,53.211479620997295,64.11772799629955,55.00900012946991,77.46298613486242,0.0,38.51810709596358,83.88794230821395,2,1,2
3233,10.597923645763288,34.159538000499985,18.884274904968294,109.63095737934682,0.0,28.821056612797925,63.82813884184561,2,2,0
1084,39.63459563452705,33.242203074394965,73.34895951450588,115.11614501741374,0.4594936885499613,41.38147556367575,112.78497690240714,1,11,0
3370,74.71623240013878,73.83410492666124,75.90107659560925,162.68673931098672,0.0,18.572801536014538,159.03216158302234,1,6,2
3227,78.39206009027274,43.5672811159089,59.184062091661794,235.74084697431607,1.763087578688897,25.368987487503013,65.59955925775812,1,7,0
1021,79.31297537843108,68.00392624608244,76.23627364825181,109.431554078399,0.0825727176356555,46.84104990934741,98.29140592328363,3,7,2
2379,37.88768920526272,54.42919910931303,84.31113265387755,91.4094768098663,1.4660863027097797,27.32663034033429,84.34192385599432,3,3,0
2559,79.85377137919043,41.93531363330276,48.300614436791705,94.86757132746844,0.9494315643254928,48.596950512977656,0.0,2,5,0
2939,71.71572649878695,64.74024714154912,100.0,1.0,1.345826300163063,36.12283133508433,91.13386060549809,2,1,0
3838,82.51917830724126,71.66618292582632,36.25875824449648,117.1777288519968,0.1945968663040901,42.78923097167444,48.52177038864136,2,7,0
2938,59.35386343530867,68.44985552658025,100.0,80.0836493559186,0.0,64.83765992587507,216.9998160966224,3,10,1
1974,36.94752041395218,51.300465491215945,99.10150381464844,130.18907347764792,0.6620787481696639,67.48782415910065,74.21829829598364,2,6,0
3790,53.62853240227943,51.41931567004037,52.24658482906545,133.96906865059532,0.5179706206453284,23.241598354481525,89.01281259890929,1,5,3
1884,70.88321754138144,36.64523227970192,65.27464255793815,122.3848133197506,0.6192907923151784,50.92055411438802,33.18340553922775,2,4,0
2099,68.32655349404963,48.01745966533442,48.062899446109206,79.99401693494346,0.569388054733312,27.574359972002945,125.19299670862452,2,4,0
1157,87.31549022289514,31.438600426661413,66.03655768958858,115.64111183834233,0.5742508034707867,36.58479584994695,102.52133820697216,2,12,1
3277,63.58746565913007,27.94265673153124,100.0,194.46412271251265,0.9247110017640744,46.56506083175227,151.21731009929124,1,6,0
1887,61.67856370651928,17.058082683500807,33.093436399955515,92.98622072247858,0.7582420420357727,59.75705101230074,132.12372232863095,2,4,0
3999,56.68352834489795,57.01925633197778,52.87532052140631,94.96520635914116,0.0,28.506954226098383,110.42286085261831,1,2,0
2592,0.0,52.94361411000081,85.19868917514384,81.45344481961659,1.5614019153892098,52.9171560752124,51.97915397953856,2,7,0
3479,23.227884005535024,42.765296435955456,100.0,36.06320725903718,0.0059371614190453,44.122805981435,0.0,1,2,0
3718,67.70462965977981,46.07362564668358,73.66189029133295,63.251244937136704,0.2986079783096185,38.5477135416108,58.0450888714476,1,4,0
3535,41.65266372789832,47.593709270369786,100.0,148.5672142270741,0.3383951221614453,29.155293764212164,58.8178435072178,1,4,0
3118,30.113012507829755,41.15821400091922,78.47439734170653,96.24864998015995,1.6213291541129868,46.19656691763148,55.27778999064098,2,7,0
2473,47.31965666654165,69.42478377225433,39.08804283519128,75.14846546670456,0.0,46.25228470873103,17.44733024690423,2,4,0
3649,50.31236667899206,71.71694627686799,76.1726515854153,110.39600336919789,2.192849027500716,52.46164997877945,103.08854356882728,2,4,0
1459,38.92701389305636,50.282285746108975,52.54345378121519,152.27301202411263,0.0,32.844555802414725,103.43808754223916,3,4,0
3499,65.80743792103422,17.08426295269964,25.503122294795816,87.94683887671096,0.9083834410587336,42.156627874860646,108.7461733720982,1,6,2
1079,51.835215530710045,53.51036681529722,36.58578749212701,46.71586510902167,1.6734963924908517,22.03723433222465,32.59828742274853,2,3,0
3915,63.710154775804085,46.47613592718538,66.17862520464436,44.81207186988417,1.2271095299404384,33.29909426181966,111.1021774073036,2,5,0
2057,49.488918580171095,71.93293908076456,63.24083258097075,88.87125363875735,0.2388589326352591,40.20029748824348,76.92434323725458,3,6,4
1907,22.802877180401616,69.88148163642617,40.898734189854366,131.8276603436632,0.4549826849165277,53.653287482758216,29.937299290011595,1,5,2
2564,67.680907927221,53.28953505800654,91.81968536174026,92.39905471836512,0.2392064036003596,33.900972930507976,120.19440473703094,2,9,4
3427,61.441148834282885,64.45860401113794,90.7624533496488,1.0,0.1917720207266667,37.55682961360351,141.74178687923313,1,4,0
3697,71.63533455345657,44.00150014836025,100.0,68.52028840681011,0.6941947778661403,30.34424993790161,0.0,1,6,0
1381,33.20556315638448,82.47584101709904,100.0,99.88809417629096,0.4459003337735933,43.13123417192992,102.88113815797978,2,3,0
1948,36.16183860237511,56.42279371715864,92.45293310305868,69.29809192252944,0.0,44.45396772114286,98.1391070668113,2,4,2
2713,6.546609079719275,56.14454178025991,63.81660090258955,28.44058333821241,1.0597651607433023,43.00968376642411,67.58218148387495,2,4,2
3757,53.90049968056253,58.55631760041193,57.56707134105826,104.75139426360366,0.8898635176383523,41.77297213147308,87.69200878407392,2,5,0
1716,72.06603764033042,47.6276923344152,81.52062163509663,96.69170327267828,0.5638903287173013,31.75777560632547,39.15187115782401,2,7,0
2914,60.01688949888914,52.36961468377177,83.55507517272622,127.50642406089398,0.0,37.67400761564514,35.006279631577385,1,4,2
1687,45.1934920368373,87.27784875018338,57.1023671716915,5.8508276664136645,0.0,33.797357033323216,90.57040744468416,2,4,0
3671,36.0645636314085,87.4612268962978,98.02341281015616,19.33158818975301,0.7926639992546212,28.062881457557225,195.0692332793158,2,7,0
2294,66.76981548903284,46.87297684189388,45.543626548488064,91.28664827665372,1.007913122837625,50.31738980514059,108.40128008797656,3,3,0
1306,52.34654766617564,65.920564473097,94.46144514166376,146.868370712684,0.0233638196050137,30.21925737336448,116.8160904810843,1,7,4
1210,100.0,56.768379789777626,53.506283968650855,144.32897463788248,0.0,39.23814330048081,173.68687890380846,1,6,0
3012,34.74550442867572,61.00321720258799,80.77557395027233,93.5351271482246,1.8434969101011212,38.65355908175205,122.40491066755122,2,4,3
3222,37.049163887296814,50.2017554692894,94.17391613362042,86.52531221480068,1.145355620899749,50.08991476931648,88.0225271557581,1,2,0
3976,52.11507582542961,40.42121262282455,47.16353550919443,31.24253039798485,0.2660551013534858,41.30151061985585,135.95916904746437,1,5,0
2538,39.34598320676177,45.44974898784299,16.99781962199564,41.40330353884026,1.0434055135231253,49.36506606057008,65.31510161916664,1,5,0
1886,86.93414651472068,58.04436364275785,49.6282962772664,45.27528195825519,0.3440762507935851,44.60045390883556,43.22779028314384,3,5,0
2860,55.206436775424415,47.87711369949577,83.6145600198407,73.30776780925407,0.5326772139133729,46.70992652088924,84.5073887654751,1,5,0
1918,53.73218246312716,58.22479441331748,100.0,73.06075810763056,0.3182191955912519,39.826319924909015,99.04234547993292,2,3,0
2887,33.80792960156708,38.42342063910687,99.26654073294152,58.108846941610906,1.098239117385492,20.83699234002293,84.06305502112603,1,3,4
2661,76.34230134679731,72.22941152654803,100.0,170.2158140997476,1.5113952010818654,25.28788255720847,175.96890914759766,2,2,0
1192,67.12797588646944,60.68483239370243,43.09047031494854,9.585233575024276,1.2511826187595625,18.188247623343223,83.59648148176618,3,3,0
2748,60.0218833987969,33.70810551227885,77.33380090807458,52.93092569303674,0.9901553378976024,57.61501893492003,145.94023233511786,1,5,0
3132,50.3923331538798,62.65759264462606,84.62553330719496,119.73786945539966,1.0070997233647885,57.894387110773735,188.71198090200903,1,5,2
2266,21.7257100619004,57.40340306501437,53.58439823000738,120.03686268458064,1.2883667319054686,49.66883416755744,159.23478989405015,1,7,0
1484,54.06927271734446,49.037237580667714,61.68551550375312,113.75011491459054,1.239941307949604,35.148899806959385,167.15040418680655,2,3,0
1916,55.58043051540678,48.62232853497567,37.85000733708766,114.49555870188314,0.7471274738905007,45.11605090369021,79.10882405953095,1,8,0
3600,40.161951049875896,56.884910025114365,78.63535454109635,93.97512930503204,0.814798825247556,47.4958257137363,105.46684517986728,1,6,0
1278,37.99566245682411,52.014447458716894,65.41179569607118,119.88187508881396,0.6877168648753816,18.12619085023957,95.95060452989163,1,5,0
1989,45.58071652340672,78.8516869223743,69.43909870048566,50.95266364933153,0.1761595063849765,42.74513987493283,149.26100864045503,1,8,2
2988,60.32356574229917,51.04054703987104,61.197806313652976,91.06465577182522,1.2754762976917604,46.36180488684036,65.96391954411477,2,4,0
2895,48.232740815893294,34.036699897739766,21.61425100715484,83.19666517471298,0.8249846202650551,52.11265496493013,159.35636262040128,1,4,1
2870,41.7837142409083,42.16802644970012,88.1270261111877,129.75655929568842,0.9716381840353818,34.439474425205965,70.39168350083105,2,5,0
1572,83.52874624550566,69.6797560786092,36.97769293734597,71.94554345095014,0.6869954075232115,58.010451965393344,184.522633479292,1,5,0
1994,36.36031504004403,61.26649181760965,96.84054859768928,25.068225142539404,0.0,36.40244983394368,48.09757092876698,1,4,0
3796,33.03142731618371,48.4070886494037,24.608775603029564,72.4162430976661,0.626778602222601,21.545761151954643,61.5964822267816,3,5,3
3947,51.70418899267802,40.9831017099673,65.02343615600326,128.86311836004597,0.5575420483839575,42.49736067863813,168.08117291544087,1,4,2
1586,54.96441172600672,30.597385621938564,72.58845384872939,21.28291411340186,0.5419740003869946,50.82841433916391,44.14011671297775,1,4,0
3329,63.91075515131555,57.13382653892874,71.41276621163891,60.16093836654123,1.433754947921564,66.64614492001434,171.78700304674408,1,3,0
3994,45.75582060197696,57.781895261775816,24.66766319957104,52.65086171913259,0.6684065304086144,43.1537289612739,134.56312455044025,2,6,0
2350,45.50469196214633,41.588586395302094,100.0,89.23058555699618,0.0972839741187446,46.416252324412085,119.7902470365104,3,6,0
3901,49.08975509397516,48.94669457723575,67.08571633866678,131.62913998210988,0.1161222485321721,33.83851871107372,103.72820310302482,1,0,3
1675,21.84976610564357,49.029670924512224,93.4014041984004,131.279565125328,0.0,32.61284734457614,10.074975240766292,1,4,2
3591,74.74876269368278,41.70234131979095,100.0,128.22491020237484,0.0,51.0317393879364,44.274636595296535,1,5,0
1856,38.58507412501048,47.73051169651217,100.0,129.58340248465657,0.0,43.234523642603904,202.38259519484248,3,4,3
1448,31.202404273452892,37.92550278721159,58.46832373754232,72.36535231082514,0.0,20.10965803828704,128.41760742713214,1,11,0
2420,60.15671512579247,16.72478359923378,63.80299702303343,100.46976772879248,0.730743472965454,38.38572101967184,43.07096331328086,2,7,4
3230,70.15027379673845,64.36898082823527,88.37830282635228,100.47131802818866,0.9286881570407626,51.13000699138681,145.068835821446,3,3,0
2617,55.975058167313726,67.19041362520122,74.06991545249781,118.6826702810574,0.7533354854526917,42.7598584942054,114.27430813440266,2,6,1
3259,0.0,25.59492618699877,61.920808357437885,77.01973506212597,1.2119458807791077,46.51841571980356,171.48874297574372,1,7,1
3822,66.90315942368643,54.02890371566447,100.0,29.27684943168396,1.3109958449756252,14.463689843514018,103.336322811742,1,5,2
3754,46.983245768666094,29.66044482710054,60.612275484012514,86.91096388286466,0.0,47.07058858401204,63.99194902140805,3,4,0
2717,56.63960661138029,85.82557989305658,52.14837205044553,102.31058018354584,1.1625859529964315,48.01639716903692,84.84790895264625,1,4,0
3672,61.64053134169454,50.69009580104512,100.0,100.38365966607532,0.0275435001605512,49.9578351015749,99.40814268798378,2,7,0
2248,34.60053537882716,82.94334713229199,70.37569375717743,131.57093031362032,0.3818596423934633,31.697653663327152,134.69916201635186,1,3,4
1295,57.140309719300944,31.894675282141765,40.22708735065683,197.65298477699483,1.184602083198886,18.560331683780056,96.5390296029241,1,6,0
1589,66.60671633088491,68.59376009662343,47.9997004577309,1.0,0.0,29.07880090277604,41.02412716797441,3,3,0
2282,46.95060327238912,27.321748706551794,100.0,96.89556508928564,0.5559970986705075,34.67206786919553,152.66435669761998,2,9,0
2423,42.70094540914229,68.83105414189845,41.645721368055234,100.671024269423,0.0633118259189177,24.924148652360625,98.65500737553076,2,3,3
3350,42.15974720161741,50.51044379520022,100.0,112.60169899674383,0.0129190375254073,39.355778004228114,153.2707389119176,1,0,0
2427,91.12414259880644,55.25555324579507,61.836603686635726,97.98976327318104,0.0,35.682488249688724,130.40463119835346,1,2,0
3253,20.97648619896882,42.99861782072839,22.992789735780384,57.02701382759916,0.0,46.10133545087935,100.21052604378929,2,5,4
1426,77.37263115064698,65.95911481341284,82.74223078061641,101.15521730003655,0.0747353630555027,32.242140106874004,104.83453514434098,1,6,1
1535,36.96327784395682,81.43765252713739,52.85812706024674,141.007179706153,0.0077904764209303,36.48325757156229,95.30238171838576,2,7,0
2055,38.9938969230916,34.70457020436715,73.57476587023041,44.777408607250194,0.0,43.79123633069237,119.4084016716971,1,5,3
2865,76.08680485756305,48.86192823972465,58.52807887437508,97.49597005717666,0.971973815897336,33.8808694735818,162.9700901496062,1,5,0
3505,28.29698946884404,42.74574290666845,35.689756560967325,193.14345607000885,0.8773290477269312,34.76547570165543,38.62378786808044,2,9,3
2426,10.672868212479962,33.008225730983824,83.49411282070855,125.34578600681552,1.1362562478220195,50.28849153609595,102.86877769034906,1,6,0
1133,28.753925725477902,24.03198044832612,100.0,112.20492217511932,0.0,33.328404499336735,241.10001249191995,3,3,0
2838,52.17119411553046,38.61852113096938,68.05446409658818,65.75019249368037,0.4505562142436181,33.154143808586696,174.7002623853773,2,6,0
2826,58.83881299138818,53.61860372610094,99.1398723786032,86.08448720617119,1.4146319485065333,42.648242424647776,137.82764503512414,1,1,0
1422,85.10681684886409,48.84168432165431,49.454629289466354,114.01179730012473,0.0,36.83342235263356,92.85866807024247,2,2,1
3659,53.436786795870624,70.67701033180712,71.70805324849543,126.12226054633472,0.8168368209860846,34.33023608995721,62.511206248409465,2,9,0
3029,54.19318830549251,69.32113587278566,29.37196852793688,118.25845005241604,1.0178315034880885,36.77938603521668,95.85808107876991,1,1,0
3990,98.23353351156842,44.09019978135319,58.87634022761868,185.61523437188,0.2779401282449671,41.91362254111611,128.13549187862805,3,9,0
2369,41.1343549761698,39.91271605990496,37.85339956800713,31.526811267197104,0.3675737653887559,27.48301951479857,187.30387591470972,1,10,0
1557,40.24787551855013,59.6081440261216,67.29652524021458,26.38229692446112,0.5056467315877953,47.164302036574,74.19699117348263,2,5,0
3044,53.04709744067444,37.807646144951526,93.64823963175944,153.75106072554547,0.0,39.93938174226405,45.70236332107326,2,3,0
2487,21.632685341339368,56.31049446527718,100.0,87.88122709474443,0.8960169531177659,35.23989999979149,70.2589844772962,1,5,2
3680,44.73103567835502,42.52049156317323,29.8823747550547,52.1036080252366,0.0,38.1240117872316,134.71996710736187,2,3,0
1571,50.36836758379104,45.53776698689225,66.67492090174841,81.2008210324067,0.0,17.005444763301014,73.24178664161812,1,4,1
1353,67.15319246404039,56.42475038562856,36.15613313225603,49.640250623651085,0.0,34.832908905701146,126.25564714429078,3,2,0
1092,69.37289981065778,61.39568443226253,72.33808741096524,82.6237528740571,0.0,34.29924660815346,66.2140998792234,2,6,1
3563,31.49150747880825,40.63234317367134,93.20039147879216,40.75240293869625,1.544585156632541,40.47104697759313,129.8347690455242,1,4,1
3534,31.626269770278117,53.15744448382255,100.0,21.476247731601475,1.140620505503036,50.34799130526236,114.55048136237212,3,6,0
2171,65.17857179573531,26.857951726356504,57.90853406406079,188.4956533827797,0.0,29.02356636421389,83.86617675000174,2,2,0
3249,46.21759218445933,62.29059902209109,100.0,161.86848967817997,0.8411192141373212,30.223531628451944,92.85426540034088,3,6,0
2286,23.37534092884444,53.04853931879047,43.5875732343685,115.70113012430572,0.5541619979325835,28.623997950357648,117.29718339900332,1,6,0
2703,62.6944293712354,59.994045080652846,53.5741190745669,78.92585014168186,0.0,49.0511918316939,75.07679587295783,2,4,0
2469,26.082338759296317,51.61166561511339,59.46607980573896,161.18968112565824,0.9478162546892264,37.30259393388342,160.17300284501982,1,5,0
2908,27.46465062180389,32.697613610228245,63.04067580980265,116.83007137810834,0.1982992259169426,40.947384758329065,112.6164986685838,2,4,2
2478,58.39064887814055,61.3484701236971,74.88508053208301,157.64566281024048,0.0,39.20877777615491,77.15029807217704,3,3,0
1698,24.97772847229394,54.98911265486296,98.18375223388712,130.74806160233874,0.4066267745218642,31.643987593122542,141.43702268427876,1,4,2
3507,100.0,34.23169955326246,96.2050991918819,154.97318856978268,0.6204412456563811,42.63866020902945,162.86174803371387,1,3,4
1349,35.63111557495128,60.18396935088917,40.76298426992459,130.46194154448764,0.0403027201564734,24.28510812423727,122.01240151051992,2,6,0
2645,28.752129437062408,59.55987024534609,93.63279428089665,60.61387833672404,1.3994417494125582,56.133589290794845,178.40998452637433,1,11,0
3347,40.42325087983192,45.87796542870968,60.58943613529512,86.34238767400491,0.0212978576574944,33.82700930241955,38.26772912590673,3,7,1
3432,29.606713226157687,40.741816300280576,68.0302899979925,117.38367711224996,0.0,56.546347484020885,112.61991033260249,2,6,1
3169,45.31960281786037,38.508187540839934,51.169905460225735,94.60081569936948,0.1844508548345742,60.97127212373027,102.92193474417938,3,4,0
2138,25.44784369726015,55.069362923481776,54.720571199516826,8.341477415063622,0.0,38.19864395590149,121.40293738255828,3,5,0
2798,34.079482863930224,20.759423670163653,62.004343052781095,75.85611403544326,1.0216308173256794,35.00037502791364,85.66468390981734,2,1,1
2545,37.95575879276439,55.553178349126114,96.45425234560254,86.63414884160956,0.7731348274237819,28.028334073097696,137.40600161259374,1,6,0
3837,88.08273179146013,21.429879598018044,56.3509518221268,98.88457305437844,0.6856799165062816,44.450426998941865,98.20447981807852,3,1,0
3821,44.42233211698487,50.5057858235158,79.52066045863134,72.69169478909902,0.0,37.321605674316885,79.85284656952477,2,5,0
2340,53.40832444750976,45.23974261636198,100.0,43.6357238146535,0.1582083927123184,30.92619047236679,99.63813432752322,3,10,0
3491,49.723245078115255,43.834625952452406,100.0,59.309317903553534,0.8185529030042593,21.774656563133984,140.3237777501133,3,7,4
1454,60.08093031035689,41.59088544729035,54.52192629375171,111.49621727089688,0.1290049478075672,48.34989427378586,172.28175233290435,2,7,3
1914,81.5490655952695,37.32587842109756,99.08440137908876,139.79319061706133,2.489815609607321,34.34447237597576,44.89540222037205,1,1,4
2200,77.28280859947688,58.56769109328813,33.020099541055835,115.35015300026808,0.9121823660793632,41.78239743905056,136.20471012530467,1,7,3
2275,74.26195399958367,19.67302040057079,100.0,61.96996677874304,0.5946977559866226,44.47386296473427,119.60640627438411,3,5,0
2867,70.65092408683314,52.86374786215566,91.50456595987892,108.88490228951198,1.0029432081219904,64.48812305740228,94.14054829677308,1,6,0
1038,10.806597522404488,52.55695656494856,27.62566403708468,167.34706221944978,0.0,26.64308478306924,128.96493225398183,1,3,3
1975,41.07633133570441,55.33503422844844,100.0,175.7659047161901,1.302530314241532,40.66588826902922,168.4311711349255,1,4,0
3771,45.88281138239319,78.32655409421385,60.62227512641088,3.736889370625733,0.2191787797768276,58.56672337917714,168.89398209092366,1,4,0
1984,49.0457728771604,33.14758950140603,53.20698026854807,112.19454708102256,1.053432403187984,36.434575713572144,63.778011994836206,1,6,0
2806,18.31728113989021,26.0615904713883,56.117847434974095,66.95794016237096,0.475278198283573,28.41998193477768,83.86961135991768,1,12,0
2962,55.71108149715314,34.55282227187232,100.0,36.71817774550945,0.7520916658942939,44.52005368582448,66.6388381556676,1,1,0
2419,80.56936852825064,44.73725854885288,69.50204009250672,142.74519613182014,0.614709981215519,25.428273015790435,120.26770846645675,1,6,3
2285,34.28021078984101,38.31360890934949,100.0,106.0739289664529,0.2209087522617674,39.58542037670215,83.61962369539441,3,10,2
1040,53.93722471738247,46.9008308045593,90.43265509345817,99.62596016296268,0.0,40.1578477336065,78.09606759482315,1,6,0
3541,35.80840290501655,75.33783400477519,61.98040345370002,67.9292104988283,0.7284667054918923,48.96707778368703,122.04405056972378,1,6,1
1170,34.925276712850206,43.76049608078962,80.96031748741613,117.11127897121727,0.5562237008376483,21.079150744150745,44.9951518711097,2,5,0
2356,0.0,60.73809117036439,91.60174955347368,228.63761946222368,0.4065319851832583,39.456591589633504,112.16107866261127,1,3,0
1738,69.65381967891028,47.6095665178114,78.29796119269719,75.16744739358766,0.0590209777010172,43.13238249000712,0.0,1,5,4
2591,28.55721976028786,40.79618591955808,48.837554928277314,86.03248764715393,0.0,25.97070927586889,102.37573173806445,1,3,3
3700,76.5786663907082,59.19186112374935,40.48848786919795,27.19767533267833,0.0,24.57177850962788,118.12555056720862,2,5,0
2898,81.97294341009433,33.199288662951915,66.98532028816327,65.61078525872844,0.0,52.64050170507165,93.59357927901094,2,8,0
1635,29.75791249479665,56.32319125304842,50.99090896959674,96.58987348336656,0.5167624677144829,40.17183850385528,40.00022099531785,1,5,0
3648,21.88865961642716,73.52273644290989,64.48585149331716,96.75642794733194,0.0,40.63193603850227,125.41843383609756,1,3,4
2919,46.63712362830421,70.26671134980073,52.77220505695525,48.81701269346428,1.042455274975932,34.97892175170303,103.06263551701936,2,3,0
2291,57.77157209061928,57.62912559850163,0.0,50.07148067587802,1.6952842225252325,33.13119765211872,0.0,2,7,0
2381,63.558517426785386,52.35691878486411,93.29164917170236,217.4554279012516,1.0788622426599597,30.618201487787577,152.49717997625066,2,3,1
1580,72.87508086413858,34.006476021511624,25.17309005219026,83.06654730581212,0.0,33.91408194430721,91.5053399166202,3,5,0
1329,62.4823963410431,33.617545509228655,100.0,111.26348610075232,0.2439534782885955,40.39864207491586,158.2355392619955,1,2,0
2643,48.4071721750857,46.61515428931622,58.93526768064609,153.46418531975917,0.0,42.27313795492318,22.61467993794064,1,6,3
1893,71.33349379178307,38.000892399470985,38.88783875277836,81.8412220633592,0.0,46.42107758998613,52.697999087422346,3,5,0
2850,58.543887237433694,57.190414301441336,61.83381092028471,68.45682446582956,1.2959412020318657,47.34964815751985,98.17195286854148,2,5,1
1781,53.55402001866508,47.74519309592192,100.0,77.11615035057835,1.298627184005192,35.53545521744952,88.10930589257896,1,6,0
1160,63.1310721726766,54.6977671079747,30.884446816604893,159.55865224700477,0.6193392764878398,43.9086990780196,95.9043852137196,1,5,0
2546,59.37548512150048,58.76471249652965,81.76274618446392,122.42066247395547,1.2868671262911375,56.72989702844953,100.68278319187289,2,4,0
2934,47.88103291391729,66.83561328054739,100.0,105.13452583742936,0.2931634302694524,54.31749484241079,128.58043554035578,2,10,0
3979,60.86958757340186,53.59786618773945,85.63961484187502,117.83338036249236,0.0,51.912351951807416,145.0102826725247,1,3,4
1062,46.28682046672365,45.00709393426233,88.06117463052448,101.87765383302816,0.0,40.380845057194925,68.33350392348818,1,2,4
1850,39.380060899963645,28.50272278212932,45.1601749017138,134.28281962568553,0.0,58.81621289357771,87.50407575802356,2,1,0
3130,64.36371451415869,51.46740762061884,77.03029206460164,148.80693450334604,0.0,14.338806140675864,150.63176272009704,1,8,0
3893,65.36414433263475,29.013823577232863,46.60421925523586,54.36606196520665,0.8998981372150074,37.73239203349856,173.83768649244638,1,6,2
2044,49.229830609985854,54.49471531756022,31.9416420429564,106.2192383453857,0.0,37.37183157473885,94.72035203556608,3,1,0
3497,44.42074139336383,48.071805601220646,83.38646868524084,76.22576294052786,0.0431814634679582,34.2081385885307,156.96209091816442,3,4,4
3261,58.73477103467019,68.78811096543846,57.0340500628856,72.33794990801003,0.0110683692507977,33.24960988580532,107.5716880080359,1,6,2
3122,65.69208575796048,43.457668377387726,40.49420664499075,102.73058914550352,0.2945032143863797,34.28261417774811,87.85428844563612,1,0,0
2071,49.06158842241632,58.580094174507096,100.0,77.95489056945722,0.6973540122436135,30.59022738717283,42.61686860261257,2,7,0
1054,62.23352577681736,38.24369718313358,91.360050028018,83.24165133868075,0.0378964928644668,37.750804604446486,121.22742998598343,1,4,0
1259,58.87638856292457,67.80101930265997,44.91402741251241,238.4186802812972,0.0,28.532169013734507,147.1884392399661,1,5,4
1506,40.25749232470608,29.413016781738488,63.54886210972096,149.53554233120423,1.319134633849393,39.33041109684754,30.374371643076078,2,6,0
1753,30.482534940453345,68.79263951641225,63.38635253238195,46.217475821255626,0.0,45.11555528522005,69.49251272099275,3,4,3
2979,34.54244664352782,55.84406786137982,72.13783324098998,154.46361234655495,0.2793052687834993,35.426870934432955,135.68676098306798,2,5,0
3948,0.0,67.48874780382835,74.62067584054135,27.45435357029937,0.2678843547479183,35.690561995147725,90.3111839892151,1,9,3
3411,66.37555287509721,42.10202469355936,66.33798323179596,67.89364130841983,0.7165913295994353,21.7280406252874,148.58631548802515,1,4,0
2518,62.61623369109555,55.160808823452,63.81649032437108,163.62416654243796,0.1512656555089926,45.62979181904856,52.27979747124286,2,8,0
3998,25.164788490367517,31.73894309754572,100.0,141.90070272681552,1.4185455955210722,47.85255359571548,158.09543098140225,1,5,0
3274,50.68304834976049,60.48379527621184,60.285794487719926,139.17328241623673,0.0,45.837293615218194,86.73880672747329,3,6,4
2390,34.93164259307633,58.77949154774507,90.82948578175454,128.95381504377514,0.0586883664447741,33.27012780834743,144.01070698120884,3,7,1
2267,47.775478773026,54.36345586385009,91.84974377517206,78.67001818569815,0.3317210670181122,43.22670630742012,84.01298928662479,1,4,0
3467,34.73427791642837,54.403062949529605,85.09283101360491,83.713055340869,1.7425259147892258,37.34477138566651,103.98404899227069,2,8,2
2712,47.59237672092804,58.887954609766425,36.671299788069774,205.80060284154973,0.0,38.57714307554852,198.4429425602438,2,4,0
1772,38.75066448211464,42.53643742422189,70.83811755971469,114.189401391904,0.952258268848298,37.823845772823326,99.8657137068379,1,5,0
3803,56.99600049135815,43.84222275905405,82.41586537449739,74.35128780160942,0.0,36.51691604955994,178.86636485252365,2,0,0
2808,60.17450046459868,59.7849550726502,100.0,99.4049588452886,0.0,53.173513046520114,54.185347649771984,3,9,0
3686,56.32311914365557,27.58943310065374,78.17926382194476,125.34881729140707,0.9172060710902838,46.61185474816005,24.659917758235466,1,4,1
2086,58.6008329438214,46.63521543682843,17.385430030866694,108.78368562458895,0.2045958723036439,52.81269645401343,155.2131533630334,1,5,0
3258,41.584764126378936,38.91953752505656,75.72737079115949,100.26026309474732,1.360109638660244,39.7761534350319,194.63268541685568,2,7,0
2533,56.46335428369563,57.51247386506317,72.19933867822922,78.26026533138915,1.6967956200728629,39.12191648365146,174.80015847777628,3,4,3
2326,10.490668672922574,65.5445433810872,87.68979554936548,34.290023518844535,1.5599733199866208,47.718504858067945,51.26324090437897,1,5,3
3120,46.17944474799662,62.25255517146472,70.26364279352563,148.5231318453333,0.0,45.51398342778242,34.14509016225108,2,4,0
2813,82.24441256510849,59.89176861670417,73.8788835716339,94.99136156066216,0.7015437348722002,45.93105399357739,138.1659725716574,2,4,2
2715,39.29343628092155,51.21917633084298,100.0,87.74137890743071,0.2788252340531112,31.20846800906454,143.00920601090382,3,3,0
3035,71.2041981499776,60.736013617562605,61.83465548346969,56.09391481972737,0.1347186209582963,40.31368416099709,136.41190536529328,3,6,1
3424,49.13046100372275,48.63386209470459,48.28081138567725,82.89913270976125,0.2586633940884404,41.90310125397057,41.39134764867809,1,5,0
3435,54.50615844081883,60.318994580771424,62.79624343943709,16.02486035432983,0.6343454035252792,30.3056755671168,110.98008409067744,2,2,0
2682,49.51608787218168,41.35370635497734,49.86183293723698,104.76751371663892,0.7571235714944377,38.19449709114261,74.76977022575129,3,5,0
3228,37.9915286852259,56.23755254429091,100.0,175.09395668981594,0.3362842776806421,42.43620021489824,84.69503033344577,3,1,4
2164,17.092025060862163,22.45460324344404,36.51276583678353,94.8971804685576,0.9423302374104692,47.65643106482696,66.03548401861973,1,8,0
1964,64.18007515177024,61.532595139533456,61.44628372181903,88.27462324270545,1.619053315513777,41.52015777837779,16.01822511466851,2,2,0
3903,38.60334143522483,47.72048926525942,45.5844921034111,1.0,0.1488473248424797,29.68173449271565,147.6544027496247,3,5,4
2663,7.562902019828108,41.51635448189015,53.17736669976496,147.48207493082668,1.59103961194906,42.4445444960555,111.38545592379792,1,3,4
1399,47.70920309494764,84.07174618134194,92.00164907393356,73.35031402870231,0.0,30.77975674822818,64.80833709652686,1,4,0
1585,53.63732510116991,51.068806248663385,100.0,157.47436820051843,0.0105291550396473,26.550133313915907,166.72411753717518,1,4,0
1949,49.088279672890046,45.8001004718828,60.80538683572362,90.096318492532,1.8883615195958017,30.674406115532943,66.13188856391153,3,3,0
1705,18.867416529521925,47.894374116419954,63.76575937068797,127.12119847660507,0.8574732965011651,30.90367827255298,50.00264866033088,2,4,0
1432,9.21535644479799,70.19338634304123,4.546670032693001,58.49647524353816,1.5766113973031433,45.86515157618,147.1758409076354,2,2,0
1293,38.21270486111577,69.15448079132281,82.63894633037519,21.65203144163236,1.288503601722221,35.475757351909586,134.35887375493243,2,3,0
1146,65.6364574355462,57.05066281052303,64.49715671862928,14.76070471049428,0.990680625892776,30.196862540494028,107.23430652625184,1,5,1
1324,91.8477455137092,53.869639718317714,100.0,19.262506885433453,0.2105928383364428,44.53935888403775,47.33968019786686,2,9,0
3109,43.42763048502031,33.89467011623371,97.66936296560822,90.35969563462938,1.2972374280360333,50.788495665089634,162.57896913413484,1,7,4
2166,98.79504812678546,61.907277007157234,67.10007319196166,125.0545004654386,0.0,12.162837762019011,173.88464365160763,1,4,0
2453,54.81506358977136,67.24508028318121,43.41613750424203,145.7826902129172,0.0,41.53854228873499,131.89659800276445,3,4,0
1003,62.953770762013846,43.79591699867534,46.44849541064387,124.93449560677722,0.2705434608857758,40.64294878587582,134.56781905402627,3,3,0
1577,54.71229116217132,37.52067623758323,54.78765240671996,19.486844060409997,1.5914276033376458,40.78077713895989,90.57615905527544,2,5,1
3658,67.80495001673017,49.334578167326576,100.0,154.62689168041516,0.0,50.066246315965145,179.98521005240514,1,5,0
1340,38.7255089439205,76.94541234390445,68.8719277418987,101.06113254171292,0.8303089635136731,37.8031295497616,82.31474788722089,3,5,0
3540,51.098682219996974,64.28692955804254,86.15324190060429,168.49341116809555,0.0,36.066075620442646,73.21426835002251,1,4,0
3936,79.45341351501963,56.62620104566336,68.78085870392212,113.05922706398144,0.1406223234567569,31.284894056668428,107.08882803997446,2,3,0
1926,19.536261904324505,44.95419581883296,36.96110533722373,73.95535480481183,0.4732171022750909,35.05089804509698,29.81663469747363,1,6,0
1266,25.04433636070301,79.11826154695623,73.49134223913377,133.67363980791154,0.6023503574642914,58.34431333140088,67.70755058529907,2,1,4
1377,67.44641273441357,45.802844864344905,78.94153416577723,1.0,0.6212383498961231,51.574219459938256,13.433771056184256,2,6,1
3023,77.21317191677302,47.21113278576844,24.70026656094865,138.15711503548283,0.0,44.80229261905703,107.44713981206442,3,5,0
2464,32.989590915814,67.44257866302479,41.20797227414141,57.71553442767388,0.0,49.5586060652498,131.0628047101765,2,7,0
1272,21.28275697641121,36.90558364319449,88.54555735975316,163.92174789828576,0.618961297736038,40.34754478291848,211.9982596115724,3,3,0
1697,56.52266044484236,41.42380937065908,94.92648391134104,106.19534082605357,1.4962854447459626,38.6221413880772,82.36496024981965,2,4,4
3974,89.74551998461615,17.69404139312808,100.0,59.39152641368351,0.2961853607015611,54.90143595883477,133.4626282063081,2,5,1
1245,25.994071858884475,47.40797393905304,54.87733090179563,85.01532520335554,1.5935855774585486,45.35654051352474,64.94682345104064,2,6,1
3814,43.57514467764177,37.37267552197771,87.14048435546208,178.3895754897832,0.0,44.994146079390696,96.23477896295826,1,4,0
1477,61.53113926111533,64.667233245293,95.92953514122624,113.58417922500152,0.3454475951455621,40.166209813624135,134.2779181608592,3,4,0
3786,42.961573643669816,58.86704176885899,75.63141704958998,111.58240358054611,1.1208668252312202,41.67043104169144,73.34313661301199,3,4,3
3844,26.6444089746413,18.140786259490028,62.82226237844143,73.68045674446611,0.8312376082576582,53.38249630762076,167.6387087877124,2,3,0
3299,63.00900185072278,60.44484293120485,65.31931696232799,84.97153047073755,1.6802048648393109,28.82413957376676,106.75278523918456,2,6,4
3449,34.32468668827207,54.79947786717744,50.33569771105375,148.05467286160416,0.6154698127863173,38.36592769268688,126.61860056483616,1,4,1
3784,29.159111755137943,81.4733221182012,40.88341628719013,77.94116546031199,0.8547679783641344,51.38698946694648,128.3620853403452,2,2,1
3954,80.4201245431876,62.143916539578285,56.33980951340818,1.0,0.0,45.1486117993516,140.52653813947745,3,3,3
3983,64.64984205559604,79.87055627625357,67.53197763860818,1.0,0.0,42.80574965958619,100.0676651232821,1,4,1
3160,61.15382121450249,33.04731905772975,50.9514690466229,190.28344390581327,0.0909131577182328,39.51504138451174,94.76766878708985,2,5,0
1251,24.782320913299092,59.04871250857091,55.75752592685672,59.67400837717193,1.148176290896561,43.57470185848724,165.5801014861961,2,3,0
1414,75.55353643797018,37.51908042725215,78.28677240827238,79.76807399795268,0.9227419290383622,41.95640528312316,31.68766853014445,1,4,0
1546,34.062094890590465,54.69698210019733,60.76703074604528,93.71268512521137,0.0,36.45319640069242,210.56214751412807,2,4,1
2194,56.39563868285074,13.604118941971876,94.77977782316664,99.10689225561332,0.0,36.30283315240708,120.25148022220964,3,4,3
1739,83.30948888925153,44.44125856398826,100.0,146.1522413613381,2.091865498400268,40.65931108578901,182.1209622964161,3,9,0
1311,45.6463759354556,32.27188811868798,65.37255876446953,196.17567438017272,1.6445050160119932,39.77355869863626,64.86364672863536,1,5,2
2980,58.141045742490704,16.69368486597311,27.107292034046765,119.10168528580051,0.662063140432523,41.55675387688387,116.39851952361164,2,7,4
1894,73.38591180891345,21.379967943150387,81.24568034316275,89.17906441808144,0.0,27.126214068646547,208.17374268500708,1,6,2
2132,58.438415084705696,50.03431904215256,65.38621394535137,48.18354015809185,1.351316043747578,28.412069335753955,12.92151748744375,2,5,1
2450,50.425431534721234,72.45065611168972,63.63809808386646,88.71386841939325,0.0,50.876069851989534,92.09053100889004,2,3,0
3908,27.39861321919285,6.5072918019727695,31.55730478674994,9.620517540927125,1.0550337602860411,42.14014389700837,103.44655261542364,2,7,3
1016,38.75424941518055,65.57568276528974,48.46726050757231,51.15271303090589,0.1351216352007093,49.46243671615314,79.43600378347308,1,10,1
2951,14.53935063586237,53.60308765919334,34.611898327157334,65.35214977343924,0.0590796336990994,53.304516715623166,35.77924865224546,3,3,0
1722,15.796632146867488,75.54758914877057,97.15951778014596,111.8865863952993,0.3509980820705429,45.97472933896761,76.46634275089099,1,2,0
2421,60.76592158099266,70.54551661481277,59.29204355505611,152.81442418730614,0.0,40.347692480944566,36.78313491188215,1,3,0
3634,56.226173468857695,54.4767772097216,98.66217896832596,118.41760019204855,0.1277570093268539,31.519330731145825,130.51221288947596,2,2,0
1982,58.50915123569929,74.60921845232431,100.0,74.81388315852732,0.4498055576005221,35.83208348861658,98.02417288842194,2,3,0
2875,76.20617492239217,40.87990785594015,100.0,170.95322066787605,0.5906126497832109,17.698697470853865,99.2443204957026,1,5,1
2540,0.0,61.49364462560765,62.226562091222654,193.42635940365452,0.2430843069578613,25.568847108221888,186.54075965223717,1,4,1
3531,59.47264153622909,69.38090501489785,47.95098089332065,39.09119665963405,0.2771082023971873,45.54254476026521,97.2287969008789,1,7,0
2551,47.99691847040094,70.89771886902359,78.55265099126045,65.5335465959964,1.0532443060846022,52.74059643266796,139.19865714963075,1,6,0
3423,45.41218511863944,63.88962651071925,55.04301664505381,88.4065746687105,0.3169029437414253,39.391140230932976,123.9538527748726,2,2,0
1364,58.034234441978825,29.66828745331566,87.08031010002672,106.965981536478,0.1549805613313972,49.66278739234672,249.85991458595691,1,7,1
3769,39.67140712224857,53.07613008851945,71.3114346722361,100.36753374598496,0.0,26.67871045369099,62.34395247836691,1,10,4
1183,28.582150038777755,33.44495257204446,26.77042776241449,89.19992892134434,0.4268140280020315,36.0869689605954,74.9052942501165,3,6,0
1986,26.832706216149145,18.76851945216519,56.12458246139727,80.36368807870912,0.0,48.7926390516656,28.833160255930665,1,9,1
2991,66.00819050455365,18.509656033714617,100.0,95.13270155536335,0.0,54.4700461758506,161.64333956933572,2,2,3
2195,18.14012532936661,14.196051947064907,88.6861242856764,83.26980727348521,0.0,58.28625262441825,51.53604008278174,3,2,4
2770,61.02970752080935,61.95052890606113,99.16320840552508,200.32043188564683,0.5657345371623148,48.45280304606848,107.67739882119577,3,5,1
2676,43.5535906157732,35.56023482121536,51.43783055576001,74.48544202184684,1.1061108120090402,36.766463305612845,153.71366487100607,2,2,2
2122,73.7406061112076,47.94033551316681,48.96376214677478,75.80078301997234,0.0,27.88231792510636,79.04331032055477,2,8,0
1188,48.54342174686254,63.40546534083666,99.17801970008244,119.58490080052364,0.2018527804777038,46.952927266643854,113.36053275725278,1,1,3
1620,54.477680485582624,63.419707813608085,64.36843393771616,67.60638551767394,0.6696038300616228,36.411736290564505,104.94436079275918,1,5,0
2613,67.66219554294318,71.62917508702834,49.80873605633088,169.15678233890762,0.0,36.22130546038649,104.15190999066516,2,8,4
2176,44.38649846266452,57.37258470870175,78.99202119215803,89.97144096721158,1.2902697146280633,29.595326921104338,69.72151723482841,2,4,0
2183,68.36633212004625,37.304604201695405,88.24432342585489,136.83816725839483,0.2998894215146156,49.7333744961342,170.2527792801447,1,7,3
3385,50.65593990823173,62.634459905208544,73.08572954259122,89.84157355076606,1.5159628227492672,23.828482855599564,69.05112157964524,2,5,3
3716,7.999469846967521,43.61366593022614,84.16505370981814,16.433386618261395,0.0,44.29350713661271,131.94344368394408,3,5,4
1615,98.91503959233653,60.39283633726717,89.18698361385327,77.4815904371666,0.5527863902472661,32.265850733849845,80.5394427401618,1,5,1
2514,12.6692676585388,35.966055518563614,58.38081940220681,29.39621968421848,0.736931173718478,40.79856835769304,19.343499054265564,2,7,1
2467,83.39809008702812,62.7511899862633,61.923940780674826,59.03292036327132,0.9015598742937008,40.20271892122288,146.32600921732222,2,7,0
1402,38.012499540924544,58.54640535797971,49.64973326771111,80.33244375885636,0.9829581938272608,47.53331171778212,13.234464820361424,1,3,0
1995,29.967599802101688,19.02375430615519,54.22886123022859,159.7107241506996,1.3658103254627574,37.086679938750535,83.59453558198794,2,1,0
1935,58.800289001066645,50.90128991922745,91.97409932676628,102.99548870397518,1.293581948668956,46.6510605152148,80.97657319413328,2,7,2
1372,59.95996582490899,32.07059354601133,65.30351497478202,97.5044883479419,0.3629925146412819,55.47310983087678,66.72330664956604,1,4,1
2923,28.54513948520387,58.81087549709018,38.58586660136412,184.61565095524375,0.4850673328582387,48.81013347165202,10.748708046514892,1,5,0
3307,62.134461182723655,48.06448827305324,34.395809995310024,87.64602815961402,0.0,34.25206772784683,59.093288918116265,2,4,0
1594,56.67324210573896,27.80833665290414,54.4432444276501,156.82277871624223,2.578656655421965,52.93933523105714,123.8132508628278,1,6,4
2911,84.65029998970184,42.226210417081965,78.37635879780429,96.2703661495962,0.0,28.68275811400341,71.29676432159809,3,4,4
1727,50.36867866130786,57.453103857613954,49.8102164975426,100.1091795418518,1.070311505135177,53.70962760129293,54.20162093174242,2,5,0
1827,81.59144291461425,32.35739995167829,32.6114615875449,15.598283740116088,0.6142789384045158,28.64683718761227,144.6527963355518,1,6,3
2675,82.30751378938884,62.34174171251004,49.03748459040119,26.141779184380923,0.3498353347648638,38.441909178180936,0.0,2,8,4
1688,42.50358384900805,53.97162966466969,46.865193558926094,23.82010946659166,0.4018754491222592,42.93747351673999,96.05366621127222,3,4,3
3216,55.31756459304097,57.56431780076409,75.99681880711813,155.59766804302043,0.2247345135860082,51.92477402507571,58.85482045117628,2,6,2
1137,34.334934153275256,64.27324655861064,97.24762397727076,90.34589629966936,0.4700006266377634,34.62593621096186,64.64056603532697,2,4,0
3765,55.06330476075962,51.608119430602,68.39155881552084,96.49767781360175,1.7577274257985438,49.08889036369287,134.45947993490742,2,3,0
1629,51.114498245773895,26.85797727185531,55.2245386066642,56.840514391658594,0.6538306587581002,20.699131306765675,63.380862720246,1,5,2
1335,69.50239466835502,70.99391967718691,67.136014313187,125.4756781964843,0.0,19.321816235226983,86.67138575355074,2,4,1
1391,32.03170657303284,26.34505276713504,21.45353351551485,94.0170548763425,1.360000457443398,33.65478676566059,107.92748265798214,3,1,0
3310,67.75310851747672,35.31888745535351,63.37337507778552,43.45063057572068,0.5088581249040581,38.86829351709937,150.5065357174125,3,2,1
2110,88.28062707733572,53.47763138202272,78.84426577228474,165.67365806626185,0.0,40.19259309031212,37.77819761256524,2,3,2
2738,28.64394156841614,50.5101214434222,82.99677545254778,49.98647386116058,1.28188559934809,30.885725624620363,143.86811046032378,3,5,4
3699,62.44139980612097,48.42548438654564,67.40468788992582,121.44055902165027,1.2679527144888394,33.350334886800034,124.8183121817483,3,6,0
1711,54.220349344052366,28.461357141972087,96.81354498931896,47.65391249465469,0.3130973667630778,55.91215290882293,125.65214616829074,1,6,0
2040,70.94196605224309,39.66671686136892,50.43521593629667,199.283820550742,1.4369636560068906,39.05756156475248,156.4453297938611,2,7,0
3715,57.35298585982843,55.91869978226329,97.69302739956122,129.27607664284338,0.066280013927417,36.73582373851905,92.08849317445568,2,5,0
2851,37.075453803123935,10.627744154388324,100.0,56.77848431632311,0.0,57.33441339384263,127.60041551578894,3,2,0
3596,5.062213320307897,23.858420391784385,65.04850591952734,143.3697246498988,0.0,24.110103975222245,47.82502524526212,1,6,0
2562,35.05576641704353,75.78560919262732,41.78523317257414,130.58007807748416,0.6192806958434075,35.25043295478623,85.89202320062677,2,6,2
3758,34.8343586222482,45.02852943077745,77.35205096983036,186.41646902831667,0.0,39.98928866462586,94.3428731684512,1,3,4
2595,2.7413512891632337,49.87830197582375,100.0,116.80377062526732,0.5272410796121312,36.09732469068382,61.26993260573442,2,4,1
3751,85.1095139663098,49.32118547053495,92.02655468451664,132.31600815679127,1.3140318007808975,41.18594423056874,153.02021055393263,1,4,0
2113,67.40135461377508,73.3818377674534,100.0,66.4346204314457,1.1104631368736486,52.04675935756926,101.57087367332753,3,8,4
1466,45.58060800933554,29.94911841686104,90.22781976828446,37.52175440379975,0.297939287524539,55.32978247531085,86.04470718200267,2,2,1
2561,49.57265411303128,33.947126556585026,31.682900726906645,78.07863163923633,0.5356395868748309,48.55735320860841,61.71733573773111,1,9,0
2224,58.27598194902997,67.67769034697633,100.0,121.5181320753249,0.385456430399756,45.91289589293473,143.40877397779468,2,5,0
2954,36.9246732270236,64.5435353862936,35.25549642018327,115.80439110544668,1.7806938174248674,57.77644818819429,70.95114929626772,3,2,2
3967,57.05009936713759,62.76686147570357,60.917199790286375,103.89428634903372,0.5125808055578158,27.470002428316064,94.60082666273648,2,4,0
3349,63.86957823827987,20.01666639708125,84.59707555710003,169.2252481325517,1.239930393415756,48.48805457731449,83.94239064349217,1,1,0
2509,51.768137725836944,59.86644764225561,49.9916148458674,124.600202705148,0.0,43.10153826101507,76.67462363249413,1,6,0
2105,72.16365633475033,49.06040634009148,85.83063275287734,57.08919841141866,0.750833849837845,51.18912271707174,67.44118530541124,1,3,0
2989,37.17036809554095,52.88895378096958,78.11895598833854,131.24089115269376,0.0,42.57581749210437,201.829117833604,3,2,2
1339,58.25862908551249,57.54176640342792,73.47571717382814,101.63868187778908,0.8424638094850249,36.39295499550426,208.59966047471457,1,5,0
1216,65.17938440986535,76.7269836315659,28.965497109947577,160.11245016805856,0.1966546114408316,56.69246942376501,164.19443916351344,1,5,3
2616,100.0,45.35525429017908,42.9999347904467,114.7209488842024,0.595287243853091,23.20254673481004,165.24701020040166,1,9,0
2917,34.24432496183522,65.93985936181289,63.13390626584256,98.22899296542452,0.0,34.6027320184823,164.47968098123795,2,7,0
3515,47.490914799942,67.93297082130064,59.19247035476148,97.99813962394504,0.3852518162711388,29.739319172588424,55.8277947119075,1,2,0
3805,48.09071505821854,67.65777444776509,80.00424013001243,103.61245671181014,0.8595726510553143,33.41891190617234,45.509847791653314,2,2,0
2593,58.73119608315336,58.18680070298534,51.11252792165127,95.94034079322653,0.0,49.5138498350077,178.2551702787122,2,2,1
3241,52.11788906230469,48.47007925046102,75.32060996674922,89.20846222819227,0.1745538899446956,42.96184553988464,17.83654827148611,1,6,2
2685,26.41920417680395,34.44400889645006,94.85878799538558,21.13858145402496,0.987332801078372,65.97437207375225,26.20644514492942,3,5,1
3523,57.34963330948609,61.30129195253646,57.62588622773248,38.86248606309125,0.7233845893079789,31.41413774370014,140.99995679586294,2,3,0
1817,55.341005317385175,44.257742155805474,20.886599047426884,105.7154376529624,0.5674639861798251,59.61104291291467,178.13342526153417,2,5,0
2068,73.21653574757039,54.45866410070186,64.8558251580707,121.6874842980481,0.8717595916831649,34.4951173973237,142.02838488958358,2,4,0
3004,43.84076940721919,45.04864712447844,87.8682931879425,137.75924869019718,1.0665176327519106,39.55291243240415,128.9792110881869,1,6,3
1275,30.36982697904098,36.25588849154413,59.91780520222653,67.42787250681593,0.6356590996369644,44.086847622754085,93.19517706591752,2,5,0
3245,82.34425149937248,64.58085448609583,52.37223699585098,164.8648766962773,0.981905563912268,43.58554459889821,60.00596672433267,2,7,0
1866,42.24596880128032,39.07307567479486,95.76649520603898,98.51167558317992,0.7039621193670087,33.55377868921527,113.63966931429898,1,10,0
1102,41.58709354469282,62.83333488531068,75.76527121915537,151.09815775300018,0.0,25.79698219929305,63.73299795926216,1,6,0
2502,38.97628567342933,29.712369658389164,73.04611160331135,166.69990929384625,0.6655795355304042,49.32828704092198,105.08686029199632,2,4,0
3150,17.13622377691665,54.88366725180605,56.03001069844149,145.54535175168746,0.6320286393825083,49.10461102451841,0.0,3,4,0
1172,33.68379430069123,59.12369287527453,73.31242858739114,102.22848054446358,0.7595963248976978,57.70641872462673,126.9481536327861,1,3,0
1108,53.49155625663678,58.58585466763513,48.48107995745451,122.4039170506446,1.9124645141551209,37.43644357146854,55.50187217214293,3,7,0
2863,65.86977441104426,39.69478850450754,34.593278516484816,99.38170308788176,0.0,41.17844326141301,135.94317097703498,1,4,1
2522,61.64195406937232,66.11499507155366,30.35385899035381,107.28084984134456,0.0,63.407226115256776,92.63650862435271,3,6,0
3988,51.86744748553303,50.613871230933846,54.64641171882038,144.4631712379488,1.2254701360109177,40.445020823192365,175.03304247300156,3,1,1
3203,64.39515884296364,52.24184134494964,56.49059152532364,66.7649547424493,0.0,29.74056660300572,91.32567046430236,1,4,0
3055,23.082581530535705,31.75128793796436,56.55053677945112,141.32265554293812,0.4454643675680771,46.234171586011584,128.6716895843991,2,9,2
2765,45.078750237401024,35.08357217300312,100.0,177.82080177858836,0.5279346861638328,39.19862932120191,97.78699398607117,2,0,2
3034,60.10940318333254,58.07652435824679,89.63364007525708,149.5283413721395,0.0,23.958789875296752,123.32348454681532,1,6,3
2963,60.42244856758677,48.14983903930835,50.496402965305705,62.59545085756687,0.7922213219542162,22.8625642587076,0.0,1,4,0
3251,47.44901759244932,35.51326050704061,59.76648561953439,164.16772886441026,2.1399999058011856,21.91657945975766,99.7294332673646,2,6,2
3341,63.976568404050695,34.19246756953481,72.18478572300305,96.08345755349214,1.524940890766511,34.39442654905632,0.0,2,7,0
3576,27.76065948451673,20.639921162990152,80.14560216684535,116.43411747482416,0.6278114629500353,32.18440140775415,106.59088662983594,1,7,4
2925,91.48165339499948,56.71090905603464,62.046037459551776,101.76857085443196,2.003767441370348,42.82828160118703,150.56477239864597,2,4,0
1296,36.14180809478692,33.87031410426143,86.96820173198547,50.25718237662294,1.389370456903,41.02382198347653,33.67825863460018,2,2,2
1713,39.10161826382101,54.2151387542271,100.0,35.76361167912664,0.4128803591999045,41.40293425700544,71.3122224797812,2,7,0
1073,49.283479217800966,53.03493194634203,74.6242643768289,20.11901354157717,0.7058114795146417,50.82378711323443,118.49896069403736,2,7,0
2953,31.88535398274762,61.84879583271278,63.24071502160522,142.18950129407878,1.7464470196343955,39.11845131129609,81.29132075982814,1,4,0
3270,48.36954653796708,60.86204838971746,89.81777544334162,161.82447560920883,0.0,42.13596574564316,87.19170468770832,2,7,0
3562,51.71374322806718,49.60608810095222,87.73998698458917,42.852872680839226,0.0,59.24845495123521,64.532054517879,3,7,0
3886,40.00539647696739,75.08398856146292,80.72419871371292,138.05870195258194,1.3901877540657903,41.93655316631493,124.05351847553862,2,8,0
1482,30.88919118799149,10.952943682590522,19.308068208228782,78.23759014974158,0.4060616175001829,37.33983304439653,190.22244859935623,1,6,0
3219,91.99443578333032,42.29149060026735,64.48178107604083,132.09395307388846,1.036519171894796,37.975568258166646,96.95302441070017,1,4,0
2531,52.81772493822408,52.52023010798793,100.0,177.03761882583862,0.9465288213819474,41.86927052554498,78.41172555033134,1,2,3
3116,39.73572867056829,57.79038118456832,66.00628755021033,124.46059123321506,0.7702172330959918,33.951256009908164,89.34431229536054,2,6,0
2515,48.34638628314602,47.331231862934025,40.56933956371974,108.274578206657,0.6042206227676391,40.11332378367734,134.15312907541323,2,3,0
3961,33.50971676944653,37.81181344817021,81.5103912460706,100.89161272648788,0.9402573767875316,52.28327710544461,75.56490148839382,1,8,4
2491,38.96283708215107,55.93131478082057,63.391104169913326,49.5946746619786,0.0,53.965978462231774,246.51601427462552,1,4,0
2172,55.62382847938751,47.59053320711759,63.83188939713899,145.49812704302792,1.3034619542318269,45.07932669962016,107.42655078207524,2,5,1
3453,48.65643419901289,75.56888139946065,47.85715500500776,9.363601746342852,0.4343080686436434,52.33039133450946,96.73446441638023,2,4,3
3430,43.31845538040119,23.39045575831806,56.674897954341645,128.1836827135078,1.2306438694812285,48.5093692777578,89.54680091637458,3,5,0
3074,53.94631414811191,26.66939399238137,50.12765882495774,103.66097251562326,0.6887225858442709,36.14066873484436,41.13394793651143,1,6,0
3217,41.265605279188094,54.364470952061644,100.0,155.2238851918733,0.5237698196156177,42.04000381077692,146.39097280580296,2,7,0
3272,40.25542871772896,88.81863460296026,96.44502518854796,75.03990008620349,1.1634745434887268,43.02743792505042,85.54397864165865,1,4,1
1406,62.45699864694998,12.016308721704718,100.0,190.27084232098903,0.5726804645228883,44.664559729694126,0.0,2,5,2
1758,53.69672247389748,80.63114060215617,82.30035701417246,75.21470267125501,0.0,49.86761617482823,43.04089378681252,3,7,0
2957,7.286515720426088,47.06452203279648,68.96879677551992,1.0,0.0,59.58131615301775,43.23043380633843,1,1,0
3185,5.762761773409864,65.60646338967258,71.34743367583016,76.6886304141444,0.717972956387499,57.98414979164819,107.74860092782365,1,3,1
2952,75.23843001427983,68.79699237152366,94.44680680527844,151.3043720480002,0.7435412546846183,38.51117203979117,115.62575830977806,2,5,1
1098,55.221105443597786,58.75316454517832,72.18684384201848,38.5236874391307,0.0786719873471705,47.54187961032403,43.4455127415579,2,7,3
2334,79.81452273699904,52.99135978980151,100.0,92.4835813118145,2.1692184602320284,43.44000106305036,67.21243696804302,3,6,3
3390,70.70498669447505,17.330484017079684,38.664957042624536,85.98586434614097,0.0614498487696713,54.21893088704343,104.76320321883576,2,4,4
1744,50.52182100421668,52.52089708950231,32.68844324985018,109.39708882163782,0.3031512763981981,42.896698121381405,130.05264675370518,1,6,0
1807,54.44267543267426,50.52070623128843,47.2418914517929,107.86732838365388,0.3527496773561617,30.09139245983285,181.3559026079879,3,3,0
3770,46.07066833143806,25.649262050881347,89.49571601887624,45.857973556582834,0.0,43.98232784692272,71.59691928151996,2,4,0
2897,44.82407874665795,24.6724221789725,100.0,24.472697481525188,1.3233579947309704,49.15529791724743,111.3328679824497,2,4,2
3500,56.80102589137781,73.99206410170684,96.60426755852608,78.29833228382,0.9732725468080048,44.35683111924503,43.15546538004254,2,8,0
2536,18.10593865466409,40.43618686886055,43.10658378895972,39.32683199235385,1.132723980445201,38.49416451625072,79.27180683756532,2,6,0
3051,66.5019652933527,60.93595467503547,42.98981676803746,172.21717059899726,0.7003913357442096,34.131872843969184,0.0,1,3,0
3011,17.848802712620518,73.9748271146155,62.79843004121803,110.3338814269558,0.1345759971107705,35.782231356123695,140.14749632597474,2,7,4
1149,60.43883131233795,48.34001947164006,33.059689827013884,74.20095053254602,0.2821541975784229,55.077076993133645,163.88166749039044,1,3,1
3555,32.63414536247267,49.04639691220818,93.57346549743085,121.50714871576857,0.1446150608739359,28.63663776844009,88.3522493275733,1,3,0
3054,43.92547942446671,45.93027532897554,57.7710956203946,100.02799961698476,0.0,34.72228124054574,29.516035267017543,1,4,0
2903,73.46249275173282,34.588946727109835,79.72047275659283,24.27929688009397,0.4672753822681084,39.93396089516635,7.3828748445061905,3,4,2
2316,23.763275352996807,65.08886767694625,100.0,145.77014852424685,0.7028491350607553,52.61498990802384,98.92908525238316,1,5,0
1693,28.37873344800205,68.27292067631384,64.05482406435151,226.51848343208445,0.2528158739982874,37.55600164462489,138.78826926413626,3,5,0
1819,51.64567978550848,44.03480459578094,69.9407770966798,45.53286811439469,0.0,48.259522089259455,83.11254836490325,1,4,0
2729,57.345746268026815,73.89004997424325,79.31620466200138,1.0,0.6974003797881576,41.087849058607965,105.39899064425214,1,2,0
2387,76.03482578797596,39.705812963673736,62.09792597192567,38.525242114595606,0.3720970767299707,43.06619786981922,132.14965773666668,1,2,0
3282,36.4487069532869,59.88581515870129,100.0,83.17275393954445,1.4969983899917,45.58558153281572,73.7023630102853,2,3,3
3734,32.403712929958914,47.14330721106175,22.989111398422963,90.3696780619597,1.3970467794773886,53.12549194340226,201.4544929974533,1,10,4
2600,35.43994117541731,69.65287862121346,76.36827843450524,117.94240363394594,0.7192001161934725,33.140654960503824,127.34842365635998,1,7,0
3611,63.03043982679012,59.89297204383708,58.52420817052749,133.1636690632239,2.045632233280484,29.58568730135457,96.28252425960387,1,7,0
3458,54.78809001070754,45.837295717096495,70.58463036646269,141.45492200091678,1.1914840949155954,20.292787181544305,48.96298948958508,2,7,0
1702,70.98018451673778,71.78925118229269,66.32866196861748,122.3351805404572,0.8538772138322457,44.13647898282373,165.63620346363308,1,7,3
2879,16.331236155580996,39.77929647395639,55.44846664767469,33.06381469322133,0.7112543514570109,53.76522659738668,90.0692138560768,1,1,4
3657,28.16132199209374,65.15411880254024,61.101627072825735,173.29179893014816,0.6501730432204912,42.83269950146598,83.17822111939968,2,7,3
1922,29.469694011778795,53.36352116802938,54.22883992632028,111.3465971900124,0.7836680178844018,34.49548127310788,104.50552146155432,1,3,2
2425,29.103816119579328,36.49114471195907,25.14641222003499,52.27806868545184,1.2173416604655076,40.98080450279794,116.38196183607104,3,5,1
2709,47.34732507234853,64.32903855810808,51.83064655415392,90.87075607937793,0.0,44.42562429022807,109.32531084417,1,2,0
1906,50.92873096312297,45.16957768261912,77.18909762918321,37.086768531635606,0.0,31.927222299896293,69.54319555712183,1,3,0
1455,39.39484763255118,6.058269649965979,32.336868549022114,138.88988154388574,0.202866857685754,48.498203653189066,83.82044643594841,1,5,0
3186,80.6686740259265,20.67426844522576,36.84344595127107,47.92735241125907,0.8287175383060805,31.47232137430069,138.36123137266443,2,9,0
3305,89.9133497956793,46.140499990733154,90.78747167329156,50.35656473106509,0.2656586727066207,51.12149062806599,119.7734720022792,2,6,0
2772,83.90102080861506,35.37790136115737,64.89110683385879,178.91713387486428,0.0,22.44232142241946,70.95414114029408,1,6,0
1168,87.93585965307895,52.37080234880198,66.15005837005421,50.05318118772043,0.4398952694415667,35.0435124712066,123.0479320928651,2,2,0
1731,53.91690510195363,62.87021292953218,100.0,36.12816980773287,0.0,11.560563352282324,160.97664679741294,1,2,0
3189,41.41511159402676,36.23035843083896,87.05846955149147,141.27072989115425,0.0,24.57807105812777,57.022958932894326,1,6,4
2311,49.49946082509712,50.6653819627341,58.74366530554322,104.95072247436286,0.0881619598846198,41.81459006942539,47.480794632509685,1,4,2
1027,26.980128451553945,52.856358348875865,96.78789838952596,78.17425683672282,0.0,40.94176469173642,114.6242093971148,3,4,0
3060,53.87179822735089,43.64164936516471,45.2118239723842,140.7662083404507,0.0,31.67392780261152,0.0,3,7,0
2653,53.88768603154672,50.68345821712848,68.41525369912974,80.6209554372215,1.4400694321418583,41.93050802958115,123.91501961273448,2,6,0
2623,68.38457869150407,36.69005811716343,49.92222915116714,122.86124059746716,0.9190165640110746,53.30803915639862,132.51555987481714,3,4,2
1588,33.003112610704164,36.22809524875137,63.49909374548888,129.04997699808462,0.68935943282648,45.847253470359405,62.7563607361863,1,6,0
3017,44.70970317378779,18.42875741421478,51.67684904728662,91.2778032857359,1.1461611047150906,28.575181018815773,33.03648422573495,1,5,2
1998,62.8168572253402,45.19553293195037,56.815273459009504,64.73416380420758,0.130845663595924,37.172067898906754,101.09907763218013,1,6,0
2177,16.14086371609229,49.860671576482765,99.67694196854389,96.1038632160742,0.359822321231057,25.42726341800547,132.44009080757877,1,5,4
2701,57.01260198547119,35.10700998371682,92.29657555401872,72.08848688011079,0.0201117999615463,55.83936440963483,101.76126531739054,1,6,0
2041,83.67855382915738,53.07138323602676,89.15971191430998,106.17646009205464,0.0,41.89647954874898,163.4390294206921,1,5,4
1034,28.84578142088199,35.265589486179806,47.731278411193415,41.01116253127457,0.4448729796287516,57.44010234075733,29.81508076273788,2,2,0
2810,67.90076628152231,43.70847871012174,21.930705698441592,125.40061455273,1.1691566421248174,26.095709942101905,114.5302348630896,2,4,3
3627,78.06739940250381,54.91716610361185,61.51174608335033,63.06306373475362,0.1922225937570852,54.845207658487,2.4616336314249168,3,7,1
2380,86.52019427093873,38.35251289260499,79.92616674706,92.66841129781989,0.8915487868008052,33.30643903749705,239.16175711236644,1,3,0
1042,53.42736562379941,52.35459441452652,100.0,114.78327757409998,0.4290145191946952,26.87087023241761,0.0,2,8,0
2792,52.30052158294834,44.00182641997443,50.163506752913214,75.14737565821588,0.8085297281071349,39.02832893627497,74.00290812888964,1,6,3
3190,61.7710653954144,75.96754447650949,93.66442508933466,13.689301902105528,0.0,48.85527372305955,45.15241014226845,1,4,0
3607,37.90510670923575,30.93572418361576,34.46625136703632,59.78192491186915,0.097156850832715,40.63183668807756,77.63946317277241,2,7,0
2973,63.118015530595216,34.87326901178976,53.63075560940127,191.5371912415631,0.6036401897235703,43.2383926632745,55.94293455611189,1,5,0
3290,78.44739723397015,63.65627749528355,22.34408449776549,197.44815557238093,1.3949396452161704,27.01258313389508,45.65431525416438,1,5,0
2926,31.61230816827153,42.48148838314681,85.01832537863979,45.66445943076364,0.0892101243330697,38.41358973956899,137.33424280473398,3,4,2
1610,79.92088622978366,43.77179348142093,75.0839864999692,124.95552533994706,0.7170481767126052,29.75105100619133,102.73280604563492,2,4,0
2133,82.27422538117294,66.05547740344895,84.80823867533358,57.225865203720936,0.8065665840858288,29.474769450026216,133.5436097250966,2,2,0
1029,37.9872262016239,42.35289960213676,20.86110271308737,114.76123791726214,0.0,37.85497433175781,88.40610124693836,2,5,0
1442,49.34610503811814,40.78816152487526,66.79341298790423,87.44410826787795,0.0472145870826635,36.12915755525061,124.58899448003454,3,9,0
3356,55.22501062467712,63.423658340402376,93.89259927784668,171.1211477642911,1.8004951059034653,24.360707350993454,12.262079086187072,2,5,0
3799,42.80740655095075,57.65186541875112,100.0,186.4650433022378,0.0,39.55401328004777,66.79436426851433,2,6,1
1494,32.774315973434724,41.97024931148512,86.58864046246087,119.622800923526,0.0,21.114765872845936,34.849903909259766,1,3,2
2259,35.89976288483182,48.62440963782311,55.38997558509922,78.21445838076315,0.8356573940589123,50.270044117876566,124.9629242790832,2,5,0
2302,69.84084699073045,29.51573893714776,57.12653233916819,51.13179412581447,0.5480764967553768,41.707054827545065,150.05324212853816,2,5,0
3366,80.67455419832999,27.53829997091377,78.79155887435148,132.45738605352102,1.337293601963775,35.748070467271155,92.07816779363831,2,3,0
2383,93.14616426531006,39.99726924572654,62.1830707586681,53.90881718398931,0.86816092643736,31.04052996411221,94.40416574003976,1,2,0
2305,60.73019687140807,30.38945326653554,81.40623721321332,111.93689626456782,0.0,35.13418753645262,142.62044388990984,1,11,0
1237,9.49714826684786,65.11165959792798,54.21493611083604,126.8194609423788,2.111172396435542,62.56752472168766,23.927895396725745,2,5,0
1552,46.88645529215841,26.48210861951816,98.92084452592472,103.61441735624348,0.0,43.11039065368078,99.57931670143176,1,4,0
1521,16.61189437757257,57.54117211236222,61.29606507956717,151.48021807098465,0.5022385934307019,40.06924721043714,76.58256557202753,1,4,1
3447,55.88448258026988,29.75340395928153,86.63336336272188,80.57464664405737,0.4638008220843679,36.16056377936541,31.23396589704896,3,3,0
2233,48.2343590329749,40.83713540292401,76.12785710931544,55.30917847091937,0.766235655221118,49.9938094639279,60.05505509534348,1,6,0
2139,61.94800139699716,63.36955530304633,56.80014945585966,150.89785262146796,0.9269363858582508,44.92715419461401,105.61689743661884,2,8,0
1721,56.15603537784119,64.93372271003045,84.2068344288196,83.76901628010293,0.0,48.63827344155767,124.6241742372311,1,3,0
1736,59.451949648260864,48.16914301818084,82.74207693105822,92.82092056439328,0.3705873759637861,55.45226445884819,64.64444593533953,1,4,0
3654,70.61161171248115,66.92359674903255,66.55647349030183,183.92869821743787,0.0,26.616693731795365,111.88182015053724,3,6,3
2751,0.0,66.55900320052861,70.54722052912086,116.27425561623087,0.3579532304260405,62.11333028601533,139.87551534390622,1,6,0
1059,56.62526862807128,31.967757108858667,100.0,25.888428816134564,0.4914064265484769,59.12178047662954,160.34851623161245,1,3,2
1632,80.59100638921228,40.48571228465895,81.43032659231285,95.13444246492044,0.4280627769586802,34.72402657420949,67.78985008400306,2,6,0
2182,77.84004572689199,42.36179956101298,61.02604037051466,111.19974844505244,0.0,45.05864358116156,22.948346544976857,2,5,0
3204,24.13454084257673,61.56125314428181,49.96290195422483,93.9462283804723,0.6159305875677056,40.24647378210543,172.35673992224224,3,1,3
1593,59.57959651492784,84.55458128157184,100.0,162.6173181149004,0.0,33.348597007155874,92.9492140755154,1,5,0
2304,34.885096810143104,60.55141875180964,78.4748378452355,51.739296162472606,1.0780968688793966,36.80903965748976,89.33557933070264,1,2,0
2388,81.23022393453705,28.509930653905208,77.85846707828576,79.40383828070235,1.6743788636298664,41.48463681546889,101.39832719893133,1,7,0
3616,63.36680977436161,11.69675605916153,45.5494244119358,101.57945030762892,1.5337205695518037,31.82904541359768,76.047501323142,3,1,0
3631,55.93151090281523,38.89264840501762,36.80503316301423,174.69640718210988,0.0099176857292107,29.9079684756261,168.50131881881137,2,5,0
2846,29.44649718148084,57.96463492946136,100.0,89.64191554529799,0.2417818279440833,43.26563015863055,70.56475832216151,2,3,2
1940,38.71842738526543,38.41146876865639,37.47226834021637,4.442033736975617,1.4258324888825404,27.795857891889156,141.90734484485802,1,4,0
3789,40.87758345051624,23.791674995521166,86.98234549955873,180.19330336339328,0.2552108782488747,28.26182002901576,33.432527931239306,1,4,0
2250,18.88208707592745,49.13723370491805,33.22183986566205,100.30657252176134,0.0,50.46879032323288,206.68228023409483,2,4,0
1905,53.82198136039807,74.22168186064778,60.81990164470629,148.524422980669,0.0,26.196101532759325,61.69597719265352,1,5,0
3544,43.8303442308836,47.035692983060514,69.77102403663362,145.68558261712954,0.6479664582521752,39.15329102500336,121.4544201805466,1,10,0
2280,43.81767071594997,55.45955946279107,89.24921828338057,159.4821322742618,0.5151657881924945,52.61761160395,107.8162571977722,1,8,0
3403,39.06639830825469,58.01547347954575,85.63295835053758,68.05074729666612,1.109572286304425,53.67651303935972,200.6660473048721,2,4,0
3960,27.87412975176732,80.80728035129894,62.5030631375847,153.2981859865913,0.6976468647857568,24.60945078429532,124.026483126098,1,5,3
3127,26.383743693823103,45.89406121749859,91.9753538639252,49.08730492911357,0.6028945990019889,43.09138187334798,280.1416067905437,1,4,0
3388,31.515337114633912,27.312065520516867,79.25850668322114,137.86521118873736,0.0916599469850584,50.37466669565043,74.19759219491108,2,11,0
3043,39.51823204130815,47.44421351917706,33.95224109720477,88.7660049185065,1.405672383570308,37.18539920111704,0.0,2,4,0
2143,46.99888825934946,55.719644183971766,70.85679535500556,69.25279487419785,0.4202863745849813,31.01509513227155,40.14724975867947,3,5,1
3382,30.85698170209914,40.70341807619184,77.65868834830057,98.63929338110717,0.3123771888706725,18.227639311032643,0.0,1,3,3
1707,24.39141295007434,42.13149479349424,59.664405734088966,177.89527161591784,0.064884168380521,28.61217063023787,210.339136230755,1,3,0
3642,45.63908209215252,41.60680572065797,50.73938002155303,98.4264314898158,0.6576196525588551,36.58381533229684,121.24512658931924,1,6,0
2023,49.51290815478034,22.22235902638012,56.08053067891584,168.05033523848869,0.3743291162168557,48.24152363455639,90.51108502160096,1,3,1
1746,35.48512373693069,47.27745256796499,46.94527736420932,132.54828393897208,0.489539144405248,49.37406282469496,65.86285775978826,1,5,2
2547,30.03229121623417,48.49286419142442,70.29656697951961,117.71546907594303,0.0,33.788652012037595,164.3025051931713,2,8,0
3358,52.86776934684502,36.42578250592901,47.73910617643346,131.40514849168525,0.7113521795830927,32.69165100302329,206.90276058170025,3,9,2
3047,50.00414129836394,18.88270473475533,54.26948317881594,172.77006688630956,0.2802334691588976,44.73731660768657,64.65783268426998,2,7,1
1514,31.84872675916804,23.78545235257608,62.349651141064776,87.51722308905403,1.0867240537196063,26.35966835160686,93.97408128104033,2,4,4
1082,57.14225143023493,52.10539804772071,78.00541444872073,180.28389790412277,0.566276972629511,39.30544862148981,9.460021084015963,3,6,2
3662,32.09860315446791,36.1638052273407,35.01644585378073,70.43921903788132,1.346671980795388,25.250493202896617,120.07490752731044,1,4,2
2309,71.71791131663156,47.046172880046655,43.74533656595827,92.26548344327226,1.546311705088513,67.28499745296607,171.326807720332,2,5,4
3496,66.26410373495955,30.864760100064025,88.53299542269785,97.1248515602542,0.0,44.930864020479376,78.09425363475415,2,3,0
1915,48.09408935226096,27.51476059312398,96.71980803485732,132.71940670303815,0.3049906933702997,42.00925706565246,107.18687189104284,2,4,0
2405,69.92095371611633,48.12238357425254,50.69519030489052,78.92088442798536,0.0,49.88526104647442,99.02617673493272,2,2,3
2648,69.71459991359725,49.48174064069055,100.0,116.75802832675588,0.0,34.71669110889576,27.857312296633225,1,4,0
3761,62.59059168443622,50.441458875163285,94.285308941809,103.41033913014182,0.0138511128263642,34.260653669258,78.4634767516991,1,7,0
2109,37.5246207860839,46.99471133308754,10.813058665668043,96.1567296498169,0.1172130813636521,34.09559229796725,197.73312717312447,3,5,0
1151,55.00985700691753,62.6297554317819,100.0,132.93159763952548,0.0,45.90270311075322,92.9429840278082,2,5,0
3727,70.22926070816712,16.875788356576216,100.0,126.46499669718348,0.7619517143617348,45.8645313033361,158.09505649782528,1,1,0
1775,62.436199244343925,23.433971703678637,42.57812301540035,84.89514794876972,0.3923338554832751,53.06280475728203,46.08179181025673,2,3,0
1330,62.5669101852856,62.52126989487323,72.7782343824128,130.33810751032036,0.4498900149742846,47.83468106208917,112.01153128852238,1,8,2
1007,81.58425631014782,57.29054434126456,61.97102403235744,89.86971135409631,0.9273078738666451,52.36619742142975,13.947643718516858,3,5,0
1944,48.01648272441234,14.145434487958433,94.0076292021667,191.5588567782944,1.3926729090453809,55.65454659959112,56.11113467820948,3,5,3
1823,95.977962472385,49.326604548161946,48.30193843122116,59.67451854872089,0.6355690128437181,49.34274017636547,207.5582020712885,1,3,2
1735,70.58311274651288,61.89763532328016,85.37361597578445,167.88098165250696,0.2168394407508133,55.73136022042903,48.093035749428125,1,10,3
1910,93.2650944661092,38.94844796078567,47.73577973522464,170.70145677809938,0.5295841454754854,38.50319052084683,146.9297901587556,2,2,0
1469,39.38997704778945,43.181784218848335,83.26707807525119,65.75939451305521,1.568351171157395,34.10820950302353,135.27742823979935,2,3,2
1182,32.856848871674345,57.83213818900904,62.36388243895795,80.57600466142596,0.7120736152491117,20.40818391264023,162.49105485268396,2,2,0
1165,69.26752258488644,32.684559976505234,100.0,146.9484734352396,1.5908449720993842,45.50556932826232,40.94045297021415,3,5,1
2524,30.811215265530404,81.12597559022812,81.28065040340248,96.89319667653456,0.2390569438746728,37.863228294117846,185.5387888847193,1,12,0
1452,69.10284641002477,31.17296942039908,94.25437706419648,120.79013628602226,1.486332176488463,44.22143692195263,137.62181004087398,2,7,4
1491,49.84054717366765,45.09474023585344,72.70035302448753,110.46744286673444,0.9904167780939892,29.020736369329537,25.854347941104336,2,0,4
3005,12.12770666092429,60.99243622732617,100.0,154.22387624286438,2.2364556422585,31.138873486523497,25.49586622116909,2,5,0
2144,52.51152906943084,54.67479284007168,27.97823851904699,58.7417050127231,0.5105237478792534,37.292135030209366,235.33439704877503,3,4,3
2312,66.35532598400574,23.81438850710522,51.09989951358488,73.87926358112453,1.1355858304635935,22.279721715759575,60.9869637260601,2,5,0
3243,89.52881169030971,61.26309169101998,65.65315449213534,82.31737225592244,0.0,36.30756108384243,75.66685963381522,3,5,1
2112,54.348657463594456,38.3394277273114,74.08400887289501,193.2099762943675,0.7293383521298904,47.96935925658596,144.02406504570567,1,5,0
3855,74.35918304611117,29.276124223046285,66.23829646262544,71.807583407007,0.8057374257773481,56.01118685639269,87.28921748559672,1,11,0
2978,68.95052924245715,51.73736880840419,88.0759484894966,70.59457005378452,0.7331409045469331,39.20934980512628,48.34855774825281,3,2,2
2442,73.4694771497065,53.347295821215454,100.0,72.91896183454062,0.4558317129319575,53.354530617017424,91.83608073858484,2,5,3
2890,49.71095458243442,59.53951626067607,63.29652151895592,132.33719677093222,0.1766170814201011,49.46548527716782,82.91673581901208,1,7,1
2007,67.90386440055465,9.434125525958372,100.0,150.0410248884207,0.0,35.159803768037214,127.7647095006808,1,7,3
2628,75.62032723470226,39.00546651314362,82.2998371709124,64.29791281112725,1.4843626514837869,35.171993113150506,96.30338173715448,1,2,0
2633,37.12900335365076,55.79573980772091,94.13316667902816,83.41106141139389,1.314297492955946,51.09207982586731,145.83138443614206,2,6,2
2075,69.9253363889428,43.3108442920826,88.29745173085954,145.88840988975687,0.504889441379157,41.39452466029197,37.04986365159244,2,0,0
1579,20.428275084403168,37.769365575258185,76.34343241937083,45.8991107479032,0.0,41.07603436222951,167.86707478581417,2,4,4
3728,76.82951831061763,46.541204022145806,92.66968182330996,167.80533571051626,0.7574736979107056,47.51090543003633,151.7349848043641,2,4,2
3346,71.94305423507392,75.12289509371098,78.30942083799025,77.16504276532436,0.3279266113022597,36.93003642837397,117.8532687230192,3,4,0
3264,28.578926407019026,56.26197634731943,67.84155354383182,31.63367693575221,1.1357557668642102,47.42995410939152,0.0,1,4,0
3303,42.32057456095297,62.86848237937014,51.96077294149927,63.85826024108752,1.5328178917296058,37.53142107489147,41.77266109449418,2,5,0
1328,65.83325387925872,41.160925223160405,85.47582366471332,153.72648951149654,0.0,24.98163075370162,130.36275088774607,3,2,0
2791,12.496550607085112,46.01593159570842,72.8492667031943,87.06177940638106,0.0,43.1977804112682,144.67364472129952,1,14,0
1443,8.651157999202468,52.1147404941809,35.41648057570974,51.39188910283375,0.0595602751207733,55.393565226006935,76.99064755510605,1,3,2
2859,55.77387258559714,51.96035036696573,0.0,149.7434346893969,0.5788456772779482,37.07483806450658,0.0,1,6,0
3171,69.74669033178203,54.64842169070952,56.41448925558708,144.72294215525645,0.0,31.66866866319653,113.08536417381696,2,4,3
3833,81.25777537016396,33.45223428150359,57.83309192796008,121.65920336357712,0.8529081856651946,39.02107594827864,89.94069149245414,1,8,0
1833,29.917184664958643,65.54131476569384,41.20006131052142,77.23287884273437,0.3871001964371984,36.99681857434527,87.47960032159962,1,3,0
3375,72.34797631804922,56.47447444456396,65.3927749541822,44.51953160484846,1.0260942577815195,19.83705689576835,84.24681952004171,2,4,0
3104,72.50869568829539,51.17176602854025,23.127698398811678,111.83585605131964,0.2035943917745057,61.96332234522522,141.5682127237995,3,6,2
2415,37.12963539239714,53.00689447120593,100.0,100.17913009163917,0.4109907793802887,44.19341872461625,56.6982777388304,2,8,4
2202,41.41188917749494,33.64687389800855,71.62561577971951,110.70554911430668,1.522476232490396,44.559683998805895,127.06896863176192,3,2,0
3315,63.318485041089225,40.149659815588805,91.59808874906116,92.3249652215108,1.0668922427835987,53.63545946639613,129.72332407766137,2,2,0
2500,61.85053898402366,32.08715898361566,65.50950696485917,106.77456861583808,0.3581427160244954,50.251346045575815,178.48428404888784,1,5,0
3878,36.64440887062227,55.711671070475774,39.389944823818205,84.73454232407175,0.564036004184298,44.60327818381483,80.00913344626998,1,7,1
1087,68.30804235404148,49.151172666501566,62.24022521556086,201.7765728359797,1.0532737535748289,17.70424425888123,133.84441022403576,2,1,0
2404,64.37906621330134,55.22892679791471,65.39782832460202,100.716821108788,0.0,56.20158684956707,88.82464698517448,2,5,3
3927,47.67541913756084,60.08584006417074,36.21773993253914,221.99372334927503,0.8692976812784231,39.3931456679808,63.58912375972276,1,3,0
2482,42.54333695816466,54.287049301921,77.38779228975847,87.70758412780083,0.0626321568248775,43.10479277005933,86.69681721189984,3,4,0
1778,45.0496272889699,31.57334253101356,78.10091106766333,108.29295133993364,1.38816535942187,38.7144896561487,148.43723105836256,2,4,0
1800,50.5951227899149,34.761817595150326,100.0,40.84572423751174,1.6249133057744969,54.76114874565764,167.13976577108525,3,6,4
2667,30.013955354101785,40.37499769804427,44.25759400917349,142.59645353954213,1.7294645913395943,39.71833091550448,178.7467156894529,2,9,0
1055,70.61999044991902,76.02404863755213,78.53039606230084,12.7733555696973,0.3821636560339664,37.98912064399632,122.8835805596793,1,6,0
3363,19.55281627564218,50.92825029330703,36.90876072894552,56.92782852678568,0.0,44.62547922797749,200.1655940191023,1,7,0
2288,60.15982653825088,52.785328706281085,96.18191021398655,100.46134964977344,0.6797034209570183,34.832324324537105,144.46589536646766,1,1,1
2668,39.90450157543565,74.98027876435296,57.89957190944788,145.74338990489247,1.5824790810328804,39.678140490557176,50.94563683526594,1,3,3
3587,23.615056108024653,40.33489599467024,100.0,69.70049769575441,1.3208883040295472,31.878428694659327,0.0,2,4,0
3155,24.7967046965484,36.960695195170345,93.1564372771098,48.07295714821221,0.9038442874790048,50.01326134799592,182.64170931695136,2,4,0
2702,59.78374260295327,28.32192103381662,42.16762914713422,130.64126608346606,0.0,22.437697655204232,145.81894136816652,2,4,0
2246,25.52119466475487,26.853226580856944,54.27405346990973,74.0082927137387,0.0,48.52015034908494,87.01263083008453,1,3,0
1114,99.26484224970572,31.85784596871792,48.175275827766185,83.82425266077715,0.8518023420600059,34.597144721043165,169.84717281164106,1,6,0
3807,48.38800501406478,15.4368209608405,48.32788537791333,28.89707514160345,0.5522396068717932,38.86403072365252,108.6406139885642,3,5,0
1988,67.54724581151342,41.776995527498414,100.0,11.200887651905362,0.0,27.77774280408046,127.05254920308316,2,6,1
1502,88.18833280940261,40.59029831073046,39.74598742547788,166.13516099944897,0.0,50.90979027619465,54.14859856296048,1,4,2
3892,7.38867040385599,60.73239645154228,83.27167905167872,201.5579356536616,0.0,29.20838183095508,84.93340692983088,1,4,0
2010,39.29529576878864,59.499902391068574,100.0,140.92973091716067,0.2600975561852989,41.10468755886136,109.06355797570276,2,3,0
2199,54.47828268129323,4.8855149045936415,100.0,164.57344445326817,1.0501818692058222,34.4595561591192,124.10198986098246,2,5,0
2395,42.69356897375783,62.59495796646783,71.10156418516499,135.86317718916075,0.7520115256667577,44.24585096047145,58.48689246399741,2,7,0
1590,32.878323481822655,44.0565548284736,76.729523006379,139.925066895361,0.8537723082124957,25.268541233534695,106.61545103442673,3,3,0
1769,37.46065884424465,59.97054117999665,100.0,135.16269140479736,0.3296154676434163,39.11739769864959,47.50432273152363,1,2,0
1018,56.28494665190548,7.517666028341466,74.85833658345584,63.26283932636454,0.0,38.01397844646516,7.925264533177085,2,7,0
2043,71.57361666862592,25.76169818884291,81.51993109039918,87.03890934979538,1.716533333284675,31.142643993662453,59.16969064302082,2,5,0
2448,61.72728037510186,51.4983043161382,57.901663876219175,47.45294169055197,0.0,39.17409674583488,50.47868189802921,3,5,0
3464,25.246751553454043,38.7785590306753,42.38063315896208,24.50034147103966,0.4119451606391692,31.33074760655565,132.1956505148078,2,7,0
1286,10.958244009549963,72.55129742643499,54.59641354877641,1.0,0.9247565175417444,25.33961798551128,83.44739156248211,1,9,1
3639,29.34952192944921,44.90361488528714,82.7323830910502,89.51800032904188,0.0344248402868363,33.85809581874507,53.90706600362108,2,2,4
1429,71.16848973699176,56.66297490936008,100.0,1.0490653255143911,0.3323814343640914,38.44937955301521,93.13544660448169,2,5,1
2329,25.80610514317785,75.49153974513064,35.609147780340955,125.80815114632348,0.5387778382483339,37.19130754202342,155.9783058490546,2,5,0
2949,72.52100501544336,44.21491053533228,94.39558343221408,62.22695993035591,2.4151721115684417,34.484725998983706,123.24808227530484,2,4,2
1670,71.83013703844924,55.08030976882535,87.56649996248265,113.43878945743208,0.0,55.27308224194598,72.63560583973135,3,4,1
1032,87.04556369017875,40.126273814992274,59.37921631185904,88.02220705314502,0.0,23.36310021803617,12.9254171692952,1,3,0
2342,50.06092040306829,52.87846603809554,80.29882497654523,1.0,0.0,53.919915761813314,34.36958664236549,1,4,2
1723,23.03629155788574,25.42956413845975,78.33424628152196,105.1539110765424,0.0,29.503258842432054,69.23063451187434,1,4,0
1952,57.04110793028593,37.48577284948063,99.27919081765369,111.37025394958104,0.0,40.18796191985492,63.02447143529737,1,3,0
2915,13.978845316945218,30.92121498330916,61.55305561315483,59.98533591963117,0.5646670212992788,42.4551844332736,127.11296956242754,2,6,1
3294,33.834685567181474,36.22681750235313,100.0,191.70672821811957,0.3048435141599128,37.76601583657909,117.23152523172554,1,9,0
1215,43.69461510719309,61.0343299586862,47.66012465702199,69.13571465605564,1.3545006368468089,43.64426077135348,0.0,1,11,0
1990,50.537716779890616,38.38077544972127,68.55123645593206,61.45931846929553,0.818622968908177,38.17076701587409,30.08214627698888,1,4,0
2165,70.45140864019281,43.50839174617417,51.44034073923163,1.0,0.0,35.21307811060809,0.0,1,5,2
3793,41.74004355713132,54.46193079676725,71.58080366282753,178.78602251868824,0.513442394675883,32.72050132525687,132.30404688188648,1,8,2
3006,54.26587414745877,30.886518213848078,84.26218327158934,89.40552344008788,0.1521258069556491,23.80310134483373,67.29078371198358,2,4,2
1327,73.16221747000135,49.96394238621719,57.07882792065429,60.12809414649505,0.0,36.07241047583191,79.64840865269703,3,8,0
1561,55.79549713792826,53.49180114410245,62.42786890502517,84.14485837130171,0.4387125174825924,11.24226572371725,70.27931507110137,2,5,0
2384,37.88570153993323,52.96875001013113,50.10027724978115,104.99940818827758,1.1498720753953195,42.71034252861244,147.55284312407326,2,5,0
2725,31.291225959108093,48.78623993505968,100.0,131.94784071063725,0.0074544891235392,46.55960552141374,87.45726693861525,1,2,0
2087,70.60566908063684,62.89377308515334,73.45196021043867,51.57581765190522,1.3457923184564975,41.135214964779415,107.02129337224171,1,6,4
3684,64.63741408576591,50.717379796770246,90.78027757999388,103.89686482791048,1.354333473756752,24.89075438183006,164.33848781876267,3,6,0
1342,54.873744229838245,46.3597808478195,67.15833277296412,103.87926947431954,0.2706565938830275,33.08665138837223,90.60785899681044,1,4,0
2654,42.93667414378624,59.35110707419874,82.06975310150796,16.730768087950025,0.3385023192606238,24.820488681567483,101.6800853676778,2,8,0
1148,23.590867738314472,39.31739203735935,60.70552471191279,76.00159269256368,1.0702791061058483,41.60975497587155,169.99517205847792,2,5,0
3340,36.793577210531055,61.56203329981957,65.71859237937664,125.7859809585068,1.3373051550682884,53.7479797005478,112.9692166721401,3,7,0
3413,27.54910387511172,38.5371982004323,43.55408453474414,120.10989124561756,0.0,26.64677461244495,42.99014011219408,2,7,0
2108,28.93168873652688,70.34875078741973,66.26596260875897,94.62775591028752,1.0729841015079988,47.848886874941854,135.1251509531679,3,6,0
1849,37.24520031497368,47.75088921381336,100.0,58.5909718063246,0.0,50.99415601792937,3.363292871553071,2,5,0
1967,36.4721539588146,54.666649867147925,55.53850677809172,75.66844059053653,0.8353018368643921,36.071561092327926,139.2085086862238,2,6,0
2073,51.53643782120511,26.93622805326237,35.69802031825965,149.39307912032547,0.9888975940690604,26.815986175265337,138.66708473223542,1,5,3
3465,67.38312128778546,20.490124036610084,94.71521983747937,264.388059369437,1.7757243400956535,46.934958206046,10.096082002855994,3,6,0
2906,58.95433851620555,63.92368537016487,68.2219927292416,14.73961961119916,0.0,56.31888848370221,21.256619376267352,1,3,2
1156,35.71297163947264,25.530862768085814,81.212136354911,76.85718571428102,0.0,40.21626630593565,10.955917995984931,1,2,1
1666,52.12860455383794,31.131977661366683,46.89842981647337,163.7136129367185,0.0552862412648347,49.00791174028302,12.564348129063902,3,5,0
1662,39.06282117519216,39.07884353217018,54.243767624889095,114.06741737447884,0.4614289851873753,33.4136791904497,7.093749313320416,2,4,0
2003,51.19260739840348,50.2702530806667,87.86864124722362,70.13094694774286,0.0,30.87674485933642,83.09066415087658,2,5,0
3342,58.4194588877878,56.41721592729355,69.59864901878535,74.22653634580703,1.3293207290946765,56.941757581910565,114.86435473799864,1,6,2
3517,51.71786012586661,57.568727217160856,46.815674857601664,84.50775493179634,1.1644801112970364,40.71664139750851,165.41691835271638,1,4,0
1177,50.26003783755814,27.998222140764845,66.0743792888823,162.88065562883256,0.0,41.25923820485456,205.58066092089865,2,4,0
3655,36.84330892295726,36.86236390257335,89.50504302965187,1.0,0.0,55.32783884768105,104.08276123863872,1,4,0
2880,33.88259867007622,64.51739036037806,79.97610351616315,55.7165907996792,0.1412546263833686,42.01066990031392,49.87290189975354,2,6,0
2525,42.55586447857894,67.7019226061229,68.17231744977654,111.4241088859096,0.0,31.005520237403253,121.30125058964892,3,5,0
3818,57.3746629463504,52.642256778315385,72.03228562606203,121.03832812592933,0.0,29.719321875358894,141.5275145165067,3,6,0
2204,60.86596058072776,35.45384420547988,48.90365306437752,102.7585318935732,0.5746687587569315,67.53229510803207,105.7930379421,2,5,0
1025,39.11234550949635,21.95387450456869,62.05597764956511,102.3649371564364,1.176302908686507,45.0023835069824,145.33241929046414,2,4,0
3811,47.664681684095065,66.54826358080487,73.606338057051,59.51322663050942,0.0025156052730925,48.53060456051611,0.0,2,4,0
3810,39.0091945080893,46.54007500040438,89.18268406506218,143.47862593267106,0.214106104908078,43.544065674743386,206.42338842508,1,6,1
3078,74.07768874337633,65.55738347987365,98.40478436606357,47.092678435279424,0.891763099227058,47.97565622685954,83.67316983118357,3,13,0
3300,19.93839396480364,54.18199718578191,95.81643791555032,77.65112235969796,2.188148134251998,55.47640773595271,146.96815320357862,1,6,0
1876,85.89115727035576,67.87849001620359,47.53000474390406,98.95394813084616,0.0,27.756002267789704,163.04758427404636,2,9,4
3900,55.74657808806019,66.37708008611969,85.58355751687071,151.85857362660022,0.0,36.99164713044968,31.89851589994996,2,6,0
1939,54.87601427542398,44.75841009174566,59.259125536812284,36.851853156633865,0.0,32.72534293766328,164.41052355330416,2,1,3
3698,23.755616131371877,38.82248344523974,34.99821913995653,38.37054679155424,0.0,38.92872782829324,163.3591065869442,1,7,1
2553,32.440348264868774,63.09236526508452,31.860707298472903,35.11358121593837,0.132731853604245,24.748943589856395,106.31279363569664,3,6,1
1347,21.03831317005352,45.73423025590236,59.19262052231674,116.54335142031756,0.6454972666963522,37.5818208747102,34.65893294194258,2,5,0
3508,74.89359161473573,12.023460256237795,49.04558794171172,82.41699080828924,0.0881469049852552,36.05320291339497,187.14332350258803,3,3,3
3972,48.62731907829063,50.011332611818936,100.0,27.49918219162336,0.3160282236920584,30.341283657449036,86.38889141136521,2,6,0
3038,39.82072748585003,39.69926985495057,34.91103426090844,121.64864640218175,0.2315653867532793,34.06270806314258,107.38259202687252,1,4,0
2927,0.0,43.27185745208208,47.34461669881972,61.43652916612596,0.0,32.277469291168046,66.77072560257031,3,5,0
1386,53.00787572952415,41.54078767912635,100.0,118.33031235069024,0.4466686720962877,48.76045776671928,40.027687102232,3,8,0
2830,50.37699245889695,34.24065017258298,41.25731317756485,70.23471511530089,0.0,41.04046481039086,72.328437701239,1,2,0
3162,54.9300955686401,18.880399436804478,91.94565078097814,51.3832498091906,0.2811958022237165,59.68654100384584,61.17283552349105,1,6,0
3509,22.97851267583957,46.59340988328611,54.99153352483782,159.2503491791508,0.5089700131965464,42.783856953208826,84.16460338370428,2,5,3
3197,58.51774412386072,65.44160833890561,86.09171882556227,4.357432332608539,0.5964308836218261,51.61211402411614,108.63522082884768,1,7,3
1244,67.31510388340243,65.88092794825818,93.22330033830538,44.663350613527456,1.144356702545975,46.230110292977486,63.11868673645728,1,10,3
3087,39.83719604705378,49.744908882742536,20.382801463852253,111.04208851451762,1.460924766374211,39.41577689480139,46.6673315540613,2,8,0
2827,28.19201845114308,51.26757718539294,68.52917864671194,81.39678373343371,1.3072187889183913,28.01638453000903,39.93935905533685,2,1,0
1937,29.575343657385737,68.74257351059238,100.0,115.60310658633692,1.1756850690663136,27.40704448119962,143.91027827183223,3,3,1
2690,44.82190052591845,42.75635240809223,65.09766973307656,74.72763951732364,1.0627905471233516,45.20865692561573,109.4779930254338,1,1,0
3581,57.44210945213726,78.50402636466447,74.34868021032028,93.47122713524143,0.4549217215627044,54.0220958950327,92.8416833182234,1,9,0
1313,66.5083269797606,81.2907057430567,39.01029968687429,153.9062697897386,0.0,54.57101826227405,168.94556215008413,2,2,0
2460,63.46362702539917,59.930777521377095,36.30010539082078,183.88127210780672,0.4628636056524257,56.09541657038369,167.2592327673149,1,4,1
3926,55.04480792853354,37.08906254906992,86.07138734907369,103.6943468062277,0.3011023117177228,38.14194389900221,91.23458399179856,1,6,0
3108,62.76783851216766,50.69118832449727,90.4691492712204,72.83992498118315,0.82730243873751,37.63965809843959,125.70704953803612,1,9,2
2333,45.73114258139584,61.32099947101714,100.0,194.77536729956776,0.8421921228690915,23.707909609199465,146.86125868333073,2,1,1
1969,49.196840987113134,80.2291266569096,68.53924702506279,103.16916963188592,0.6846733599755387,34.85790555636974,56.0064797644954,1,7,0
2455,61.31019291263088,69.01477266781961,43.60025470182892,50.55638261822081,0.0,38.115831530912736,70.7354734341815,1,5,0
1661,38.52675986239528,44.59941096864526,90.82894416573586,97.4022614549611,0.2199597962822319,48.60150795872546,135.74083442400362,1,7,0
2935,100.0,43.10353076254285,65.25766266368981,112.39231409509124,0.6454868683548494,35.730196284932376,161.42588032074565,1,9,4
1936,39.958915512947776,55.824680081351744,82.01521483368369,106.18773212621386,0.0,51.00799805422717,108.3825077693328,1,1,0
1371,50.49020348517885,48.8383480891101,63.52653008554024,24.708379733468973,0.7063814824467861,26.51572487219019,37.27994701362493,1,5,4
1567,9.237509296442925,53.43612032308554,100.0,50.67797504503767,0.8733275214300433,31.509765679179647,99.2514790984523,3,5,0
2974,53.894723894375495,18.711531833999945,57.23478751756051,124.65978442449394,0.0497947129141413,30.034715833814403,49.714350978873945,3,6,0
2855,70.01164636085957,67.72351574628719,44.984265687918985,59.31677124312236,0.3940906721612048,44.35946323899337,29.36057111043617,1,5,0
2025,84.55086340201423,39.82035408058845,98.43452744072285,138.27187471875078,0.5936324018379604,31.84293951900656,57.19461736717849,1,4,0
1825,41.08994957198456,39.94827199318651,88.73206392198628,91.19329011446108,0.1180700905698731,57.4976650588083,137.3139194967697,2,5,4
1983,30.66047713741574,97.28085101768129,63.07776610577991,126.29686401273251,0.0,52.074257491566485,50.32832004334421,1,7,2
3673,55.20884526667112,40.38328609663033,68.31383603612045,33.7421422401119,0.846861566901427,43.79833455037085,73.07500565028295,2,6,0
3957,68.6438312852077,48.15295346971599,40.92652532867717,169.2435546897022,0.4604457127385544,53.96465700455733,87.03620128106233,1,5,0
2646,58.566141944152974,74.24450064082875,56.18576634702869,111.31461336217184,0.1682819911499966,48.93542205889109,117.41105520720843,3,4,1
3583,48.93758693964909,74.65312263680794,29.52067358710338,78.20713225092966,0.6731333111777666,41.30542292428358,65.79782774799526,1,8,4
3246,52.087118750464256,49.80043046932047,36.2598686072018,96.03119299898438,0.7378481154974611,35.915004818437936,9.59385230291882,1,6,0
3119,0.0,26.2635803896454,64.19316243001317,154.64795554483342,0.0,44.546727409425806,124.33552651627494,2,4,1
1814,53.931095530231495,51.46505565122503,17.32777213434798,156.03428532112977,1.0088093666214553,35.972427100935825,79.3973865107539,2,7,4
2793,46.7973440886672,48.28038746740411,46.87288448803412,102.73474326873132,1.1344402647780063,42.94568512575164,151.0829364098969,2,2,0
2431,56.148133956182015,23.2826237830155,70.99284554299086,78.8752052283783,0.0394710579976814,44.77814152920655,196.39745901210412,1,4,3
1779,48.511331417999074,18.866179863822,90.60257242139264,141.8495577316837,0.0,30.24978615061486,88.77224792046735,1,3,0
2750,70.02092185134282,51.46719939639961,100.0,91.99806632103278,0.924366035447402,40.41681207216909,123.89394680480255,1,5,4
2321,51.13299849794214,49.701895469475325,85.88322988040515,112.60018806009644,0.0,49.28851246050224,157.711740244988,2,8,0
3400,51.38688674072501,54.67236288196685,69.05782198144405,89.4732529823504,0.6722823944636085,44.79119127782772,136.03636191480342,2,6,0
3872,59.167734071029685,53.12483762938388,72.04610836323847,90.30026037166874,1.105751096335049,42.905803478745376,137.21573211813447,1,8,0
2053,59.88060372565478,56.90407437473456,96.25122603883568,66.44925771687733,0.6669962882994532,24.52468917725554,96.23238793702215,2,3,4
3322,65.57873007024229,32.02411812571932,36.90122289451093,134.53504446743185,0.1687718255850204,53.83057398581605,142.46907886888056,2,4,1
2014,36.21624363820864,52.98020014321111,88.30202378582555,76.70245109639745,1.8484417840047935,34.27524976188409,43.34624134539216,2,4,2
2929,72.01919269997143,30.64157867080672,77.84307957242268,47.71525145610439,1.4253166945118614,34.763144673231054,125.47474308277644,2,2,0
2402,60.73305505054572,66.07894797817696,84.35104827210075,96.07058035428216,0.0,45.970560997385405,92.551416761782,2,8,0
2823,45.50288036383843,37.31490343258831,57.64524942332718,21.31854889415077,0.4735974351640862,19.902666331312822,141.06005748759117,1,4,0
3248,23.393727485220204,26.618195074642376,60.00433164283684,95.18076818425514,0.3159175601890071,39.26526945435782,143.70467013824745,1,5,4
3494,78.87264006937627,81.23990483164697,56.11817279967071,164.8958252830381,0.9564561661484356,30.09302490463768,92.37275261814408,3,5,0
3592,40.85396689826421,46.19072440404148,29.08992451983788,41.91243499117944,0.0377330406251226,39.67981195512929,20.89124442783964,2,7,0
1127,30.189273497386232,21.359658687390606,99.29525358184613,128.54728473019364,0.405079132069382,44.51547491239506,81.44040243692368,1,4,4
3092,56.00948719221657,39.41339775356953,91.15296173239834,116.4911530434255,0.3102232151472439,45.27330079480672,60.36885848144084,1,5,1
3135,42.91918578117952,26.266652498802834,31.74302160175531,109.01693453319436,0.6123934828081935,40.16906195590113,115.98827567409307,1,2,0
1888,42.81415818425881,47.56814036780212,100.0,83.22420839834669,0.5081561953796719,39.25181579649415,36.42279639366164,2,5,0
3457,38.39893517259914,40.57018542388145,95.18260893683156,195.8643984302877,0.8296082015627666,25.78330951940968,74.9385496278273,3,6,0
2348,68.68639822478548,26.26734854980809,37.80986790867347,169.92419965346608,0.0929898395600701,43.520248287892805,47.02407076529117,3,3,0
2008,62.70343603363939,40.551731714542846,100.0,60.91639638265562,0.2550961358464938,48.04787443527399,166.26544986338695,1,6,0
1356,29.949412707243823,47.51552884523552,64.11815225068902,124.12668549105923,0.8970525338037107,35.923394214340654,191.9377250456057,1,7,3
2004,37.061264445888526,57.08945518765108,64.15689855370687,105.52090234730598,0.0,35.37500846800031,71.19874147616662,1,7,3
2484,42.00727628770795,58.3008347461164,62.19820169868168,130.6085809309292,0.7466960400690201,43.299587878404346,70.72392190521305,1,2,0
1683,39.509594674404525,52.68042075215713,87.87935975320146,149.38642579623,0.981285503714746,46.81660651397439,81.61322083620168,3,6,3
1828,39.54279945693463,57.31340445630078,69.69253876729856,69.9626034680716,0.0,37.38212326375904,88.06914857446974,2,6,1
3851,39.03462410149846,53.64701982707734,100.0,123.4265628452562,0.0,31.83976928053797,32.939509406647645,3,2,4
3205,30.871272463639823,85.72570297598818,60.03886812526583,168.27801852160889,1.4618950769050765,26.651731824115068,133.67294378636112,2,7,2
3692,45.11839052651597,23.802999116314496,75.0434663699011,188.1236582434806,0.6089056284614471,39.43914273721326,86.5936484686075,1,10,0
1985,49.92794921818863,53.64323019725413,38.6459753251099,40.35133144904316,1.0701748217867268,33.063035075355955,114.47255364253292,2,3,0
2234,100.0,57.56724884574525,88.1698511600451,44.79871832638073,1.5745852178688564,38.75871625182296,151.42395045950553,3,6,3
3554,57.79228354741808,59.58015709820452,70.18900450985333,156.73843074333826,1.1026370731790238,56.83972030069338,109.01423864951182,3,5,0
2640,28.64934171491454,7.515111125237887,24.289852978950925,98.60152927565088,0.5751001062676051,45.496698134880496,79.79230471463387,2,7,0
1141,54.54919869208259,62.70156162824741,57.89354120172924,99.918914151831,0.0,45.76228719595626,170.51561532953227,2,3,4
1218,45.26362786519982,42.13327795606023,40.083360192890105,113.45263465078536,0.44935676739453,35.127790583317775,74.61540108083067,2,7,0
3466,67.74581674533485,49.681328310856365,60.471557583164525,92.94251638285972,0.0,28.195015130023613,51.04097818612004,2,3,0
1363,47.82479703086285,23.09161253198165,57.18528007553728,98.54136503867196,0.8645560139849269,34.312942934029465,140.71699072839368,3,6,0
3665,59.26412584198246,42.685498685675554,61.87855183753635,105.07114821198287,1.0794426500603422,30.545316600053415,86.73856238876489,1,5,3
1346,54.64099874715273,74.42702832158483,71.89183851533465,91.91163594171655,1.0950254766326988,47.37022855556314,123.80054000328128,3,3,1
3059,55.2512265800385,47.922316330891626,74.57532320778705,71.40357269007836,2.005217555331848,39.32883612464889,162.0567160007401,3,4,1
1023,51.35056409375848,43.82860089325996,100.0,48.21979719773029,0.8826128079820471,53.11480818960296,74.53274518346457,2,8,3
1712,48.06573776259215,30.262762753587392,100.0,133.89849854482642,1.108321892871588,45.42774673912562,138.8460927380096,2,5,1
3950,17.3905351256972,27.57865780325534,83.9957112207015,39.95905000824798,0.389176271183235,42.8483969535545,169.40441183201511,3,4,1
1011,40.73164614375075,48.59545716891244,68.53198932238428,117.08769603567696,0.0719389385731517,36.69947264755999,145.05718152646125,2,6,2
3417,61.02952550479046,44.26321403496065,68.38069350505309,98.27138872570904,0.0,46.64275204257125,125.99414658839738,2,7,0
2835,37.75125250719124,21.33024662506244,75.44295502717917,182.26774761353724,0.0,46.27398485621341,93.88989244796284,2,6,0
1794,24.46502848359381,46.3900223820468,54.81846464784789,52.19321485207304,0.2604284088972457,46.22861484961496,149.40479917883437,2,2,1
3766,66.40688025224912,45.21730466757903,58.6207054011559,136.27094135788832,0.8076400795970353,32.78559250169795,92.7216175128558,2,3,0
1095,42.15783693735685,37.04175559115351,71.80383092054403,160.822369363854,0.9632156284678636,43.4444494435058,83.39011419290333,2,3,2
1130,39.93048691767601,43.8276028315673,33.623634872736204,149.72072641037923,0.1333684962813216,24.381214282755693,143.6584646190794,2,7,0
2901,63.93908809021471,44.121848519197,32.803457412734424,53.6743372610126,0.4643404046556179,43.77639571786641,106.06218659101896,1,7,0
3410,27.034734224947638,66.77824916382988,68.97706162012328,176.50928118982804,1.2967970114227054,40.16707384737975,110.8178267295644,1,9,0
2933,40.693790864398935,73.01723152691773,65.6338013579593,41.70129071597695,0.0,28.396631438998483,73.75490185655008,2,5,2
3670,62.51261867292001,70.00828618250858,89.96416682776476,15.83089334785872,0.0,42.5786161729496,40.092079376249465,1,4,2
2866,16.750160239286515,24.7299863416042,44.56038056966561,173.58544491809454,1.561443226059438,45.95157323884728,136.20011275000078,1,4,1
2659,29.869148694407176,53.691254229746136,88.99468092382693,133.6378393599711,0.6187795636004259,24.889064515474765,0.0,1,6,0
1517,60.01834375248762,38.06664398088677,100.0,192.3933497851052,0.8400230032188217,35.230241400459406,123.17224690580312,2,5,0
2858,44.99906970802095,64.2321964470743,47.85073165255558,34.2280867056369,0.210332916964672,45.44612504184037,100.76937822506343,2,2,0
2278,57.86635678788744,35.50118163522027,68.31924232009672,119.57755876300467,0.3310795673786899,36.40307334299177,56.82158201450537,2,5,0
1951,45.17527884287341,57.72941482436701,36.68879130263585,143.3902729771223,0.957724827189717,42.594788230864765,72.53083080250249,3,4,0
2121,72.11051865915968,40.88530481939791,59.1052567594091,225.15858954528557,0.7203337930186146,49.49166070238161,178.42669693546634,2,1,0
1420,51.35036962820218,42.01747155309216,64.27297422695726,87.5053132093977,0.3808792280194514,36.46048612326232,76.61952332913863,2,6,0
1923,52.65939348293752,44.803602409896506,80.8088178550085,14.053479352307647,0.1362278652574552,53.82137994846674,29.716159614799903,2,7,4
3729,35.150315349232315,52.03789136122485,80.32868689881556,74.99236593926354,0.7516401578417005,40.413857623071145,201.9320962524133,1,3,0
1478,56.22500309087072,18.41529587239513,47.23783241171196,179.53978710856262,0.2161476434121386,48.83983160469668,127.73161003203408,3,4,0
3036,100.0,85.91542850873677,100.0,50.75269374414838,0.0,40.63537955156817,92.89244131990904,2,10,0
3178,53.69481157791449,22.204722756536466,100.0,146.6711477237932,0.0,15.582930130975132,97.05867954159748,2,7,0
2693,67.42594594914488,64.26959366449225,100.0,153.42747792276498,1.7598168042089686,40.61343664240864,120.88407025086238,2,10,3
3213,67.64666124646818,47.37058205143981,50.324093026667526,133.7745423632735,1.3140927169741363,50.41107816524563,89.49181762219962,1,7,0
2472,37.80434191361236,69.25725289780343,62.3511392117102,104.6371532889776,0.0,44.027181892698216,93.05136342224466,1,11,0
2203,52.44595006064568,35.21690598918605,90.33201015161482,124.4565278324644,0.0724661409877839,31.96469038572908,81.00543956562082,1,5,0
2670,60.93467136402759,50.5334911104949,68.9685086837485,69.95851804520427,1.574941685167722,38.10942079147625,57.636502789018586,2,5,0
3775,40.1769250571579,54.620148533260114,100.0,165.14642109729056,1.1985680254997848,27.862878010267497,29.007123270751364,2,5,0
2971,61.87113444561724,72.93121775811363,100.0,118.87773664189552,0.3219379080814066,30.343503603927,154.25944580671808,2,7,0
1821,39.65423099799256,44.00151406803295,100.0,114.7597684079418,1.5021122336498778,38.62835089125883,63.38587947848988,1,9,2
2998,32.36250697544564,96.69365301565762,49.12188740069412,158.96315792896146,0.2301087140262604,61.30104266320959,118.9176984676364,1,5,0
3869,60.69634672691821,40.198056564127896,71.11380413927878,116.8451631988308,1.0984612557393048,27.514183109002357,139.8155041426768,3,5,1
2249,54.67571823581496,57.394796877716885,22.066277849742526,139.95340365711496,1.405627209106172,44.62252329293048,51.37981301946893,1,5,0
3873,8.259459627958627,55.405530738572914,25.7960772061692,120.42426690732351,0.5625525170173676,50.81580728364782,131.94615111872758,3,5,3
3650,68.04554347573294,64.07960034018417,41.87005430655692,149.29741916573607,0.4781877446389657,43.108383975387895,96.9402129446048,2,5,0
2047,63.0464575682684,60.51050918180876,70.30424205707263,122.54061681659,1.337734257486307,30.91535662477223,121.7103588930943,2,3,2
2889,40.52321305858168,53.41243813598081,84.61310129593586,165.79109200081115,0.092413056243856,36.84432307465478,89.13069002917474,2,4,0
1616,52.58442363950455,61.01956318188995,69.9571461582734,120.34238175698916,0.8422926714620315,46.4837277770979,95.95192876316132,3,3,0
2319,37.809755956814335,52.31740498392877,78.88345488975342,156.64631936505174,0.4011307252520277,30.50399755934996,107.02782016033748,2,3,0
3885,0.0,27.818343142305714,100.0,102.02614711585048,0.9197505485075248,43.38594433115863,0.0,1,6,2
3461,51.51910535832175,49.45115038485604,51.2397468061336,129.42180901201536,0.0,32.77699812046408,110.1299262238037,2,4,0
2773,37.54701276531096,59.6838156826129,62.73896294972126,143.93274250901896,0.4039518078690597,20.329054370938454,28.20225109859919,3,3,1
3952,65.54814705529023,50.38077916958407,39.73143433427089,1.0,0.497261243493445,44.51662473284194,100.4673588182865,3,10,0
1132,51.371259496120544,49.43644032530778,56.31481193082818,200.677714732435,0.7192691855855314,28.534498362925422,85.48085041746016,2,4,0
1078,44.01985299068265,58.295601287785374,47.61430097687396,42.26828306355779,0.8078900205309796,50.41666733083351,139.892591273915,2,3,0
3053,36.837670218494864,55.124903479289394,59.4077320772331,119.35741580304531,0.0,64.26085613853053,27.61466159608223,1,4,0
1725,53.41730876255884,40.66947791668428,57.52152621324086,62.468658901162215,0.981434693993238,41.568987411985134,129.90873014952837,3,6,1
2315,50.20705239686761,43.86037288856418,42.05180979908151,67.31289850965163,0.9777424464824456,41.74367587768303,130.0058227622253,2,4,2
2852,85.50621785219025,88.23514563076583,62.31071457210502,134.63878848541188,0.3562952348600401,42.34194151498205,128.4650833944691,1,5,1
3297,58.36796441777368,51.193603024132486,100.0,59.813816955265736,0.2571185828264179,57.57826899501951,155.67998755932544,2,3,4
3487,42.2573870042097,52.01249623993765,80.42738311058115,1.0,0.5035597772897639,36.48126203713484,87.43595693376277,1,6,0
2373,22.56197714137287,33.61818199477149,60.16405259313624,116.53066305452028,0.6522073565080897,42.893046358737614,131.00465987934336,2,3,0
2856,36.5875958184671,85.15481079218938,48.62261313976988,61.51667954943058,0.679679661624035,46.67383103140568,120.01530465774098,2,7,4
2320,46.26057394029108,44.9517111518274,24.768307135293547,203.02113492223492,0.0,54.99012068233549,117.14914836831592,1,8,2
3875,49.37882134258196,69.0659798901055,81.58253775585577,82.17864397374606,0.9298740637027788,14.719954109795095,187.21556262116368,2,5,2
3172,48.48097952714954,30.89621677105101,100.0,116.71873734366493,1.5212197720427283,48.16603570357712,188.3121204835927,1,4,4
1376,34.65304874223901,34.639571136704305,97.46212190129546,48.71383025126963,0.5432142735222077,43.58741388108303,0.0,1,4,0
2909,26.12149987201889,54.017654567995,89.32119596359308,72.84890268071052,0.026843634637321,43.882742549264336,116.9570843103935,2,9,1
1334,36.456765769757766,58.611068313410016,62.78562207114747,143.58512927994067,0.969481019508363,25.73516843378835,52.26450831535387,2,6,0
3252,80.22309860494695,41.92139490055064,43.59721077032283,94.82060526764676,0.6013358437823483,38.60485971666929,158.36953393505755,2,10,3
3737,43.297244376570966,58.69020139635164,75.17848591946421,83.00081388242404,0.8010624093202265,55.8371754563954,143.89548988765011,1,5,0
2605,40.34512955635935,33.617876098569,77.6416392160649,109.1457281810128,1.136134434687051,60.36042832840112,93.49022335976191,3,8,0
2119,54.02198093429935,43.17807923933461,48.98767536233272,62.344133468971,0.0,33.88171183260097,40.92793692113451,3,4,2
3829,69.02898554116173,52.4088414975764,82.90991669466447,59.099890762912686,1.270853706509396,48.876229633803966,53.39567932213215,2,8,0
2944,43.136154490051794,39.07742148545277,81.1213384389372,82.64192587907752,0.1338269851808525,41.4321308320613,114.98980857864647,3,9,2
3262,58.08589509923395,38.314708677200215,100.0,71.31484278536742,0.4431043163904899,51.97494516564363,170.05346778135856,2,4,0
3550,91.7688554573985,69.92085333480452,62.20810285586914,52.6234629513944,0.1615612641173288,29.615006623857735,54.41010591696613,1,6,0
2343,58.738763394927,79.22513967184719,91.28977614732992,67.43562675084091,0.1077527907581098,35.536015011844846,96.1503167930831,2,5,0
1321,51.93991929985437,52.94197188535861,100.0,77.55458063434969,0.935938387659285,46.36235828430324,108.7771121917574,3,2,0
2620,72.9689141839351,48.41271863753453,79.84938064661006,5.514825818922731,0.0,27.6466602069652,49.78408078084959,1,9,0
3448,45.31184399367356,76.52253939589676,100.0,141.27785374347826,0.0,38.64869992924298,0.0,1,4,0
3061,67.01795924335944,45.42216731778872,72.63196559774195,40.939941342556,1.2584839663295089,48.81696426957743,122.52059799647331,1,3,0
2674,31.55179631002995,34.17338486779326,62.750466139084,53.99238842711571,0.4780611931311943,37.50878996511281,64.38994875746863,1,4,2
2943,55.38253882490215,51.2424885577715,33.90186132315608,134.3951041446199,0.0,32.185239341987455,148.00304373507612,3,5,0
1261,31.46139056843834,46.42834345531919,100.0,3.721631983356147,0.0,32.73110616795288,111.66437907786896,2,4,4
3355,74.23887970772802,41.90613168894303,100.0,136.72129264048334,0.0692802825484046,58.67231287180809,97.91601109352928,2,1,0
3040,14.618481902217638,55.747522846383504,100.0,62.86704171138109,0.8750998597420465,46.24606644894278,23.889734753707287,1,5,3
1690,58.8852662297208,47.72428349634156,52.62126604807819,114.6642214502426,0.4347175341207647,34.866869109943394,91.88757300207524,3,5,1
1902,42.13322375345279,48.0490955966957,71.37507340083437,118.49628065021952,0.4299804987410648,41.42621392668883,118.52510054140458,2,3,0
3027,86.01022363021707,34.52050574229231,41.45145452096721,110.83598210614414,0.2599040420784376,37.49212392789368,193.6788196948568,2,4,2
1139,66.27034434739339,57.10207848552842,71.0957199865107,69.44994379551855,0.0,43.059600244378366,49.94312210574252,1,7,2
2918,37.58304803497768,44.36549501351696,58.5695365170201,73.64669408801129,0.0,41.42404866628132,60.387295361262176,2,7,4
2829,48.02823735431477,63.85262924071053,74.7781058459098,72.360454122741,0.6607501388974577,52.313042635686855,94.22713414054051,3,2,0
2574,22.8683639075319,41.23317062224343,100.0,120.604173243573,0.0,33.72337303973303,123.30735652474772,1,4,3
1320,47.39713891264631,84.80061083025889,67.3477341164645,45.09068081109251,0.3282847596685384,39.47517317689286,40.90530128140053,1,3,1
1654,27.869481825166595,37.61519475796787,78.44415247636503,175.921101532609,0.7674820194147625,43.85821486432223,134.70483734058786,2,3,3
3138,80.98040302990375,60.93411791855675,85.1026863859761,40.90022390510877,0.0,37.71119836842058,178.13743925265058,1,9,3
3323,59.15545732303772,66.26297366065315,100.0,107.13442061008152,1.7343091602096985,34.881315989064824,81.35207448934372,2,3,0
1559,57.88904284756594,48.303079212263896,87.1322521177742,71.26990709083044,0.0,6.921000475026119,225.98538228226872,2,4,0
1113,51.204604198820526,45.48710379288761,82.01466896069282,153.108372379433,0.1806821567639586,36.79830491779274,118.02900079431508,1,6,1
1532,16.7695987546208,77.86553515306599,81.50105809651166,161.6164302607332,0.1099030832698125,50.634357218674594,89.76073711971321,2,6,3
1225,40.56136268421133,54.25626535492252,83.01890300896778,25.28682354668807,0.0751255878891551,43.081283365365046,120.79613295287952,3,6,0
1724,64.8652818804543,23.204368019679706,7.679737515116166,101.19900095077963,0.4638010466078103,35.53273134277171,4.48729093594747,1,7,1
3429,72.48706719741006,38.43199550676064,25.514026864414227,95.90629114045804,0.0,54.166613082979566,84.17271483951289,2,5,4
3571,50.76475989920057,49.95820833999648,51.98862323312353,149.68701314339788,0.3456062259137074,60.60826563902658,144.0235552714197,2,1,0
2434,38.33845122862123,41.576633805040615,46.89106665924061,97.60705361736214,0.7842595769121004,46.29135298257784,82.7148047186462,2,10,0
3330,66.98204221486287,23.796564629816675,66.87696011691087,77.0800818393603,0.0004012752940785,58.74424446933244,40.84846673410748,3,4,0
2459,75.79505508165491,26.727316264116062,54.58061596200731,78.50499473960566,1.0253289033545665,40.08537615179169,159.34465387979486,2,1,2
3702,71.81960850371934,46.74261789294715,55.30655076700254,131.40393484501243,0.7534171856919261,41.06435416431289,37.22659951537916,3,2,4
1847,55.78337287815637,66.36292505905547,72.3013784327998,113.42066368472813,1.7699769793901925,33.76819684691936,111.57307912493864,2,6,4
1194,25.08522442576024,40.73537484599455,93.9384290819942,117.32635091565002,1.0599211027941884,47.946412035736586,123.17301778331084,2,3,2
2465,38.389531003905546,41.29975501019473,100.0,86.60506329207506,0.6824593082936418,31.902394584000675,56.093246346367806,1,1,0
1947,19.48949658150522,58.064448544248194,24.037034418198232,1.0,1.0744252331360695,51.60048428906408,63.71661985584897,3,5,0
3022,55.54753875916384,38.97324798913118,55.86853151973991,18.804107871501643,0.0,40.49297425217159,110.2494573654455,1,5,0
2630,67.05547350244439,56.37981962495166,79.87394925808267,190.52612392104965,0.0,40.68874639513769,114.0678268769185,3,2,2
1118,26.62643924760936,38.66312749762456,49.075491139010325,136.46184746553766,0.8373774789370245,35.1236092650142,122.16879910511877,2,5,0
1646,44.54552860504659,33.2893032475701,100.0,85.36210406137727,1.6286180695324837,40.4323168964489,138.8774882762064,3,6,0
2871,27.885906630281283,96.15290555270757,100.0,164.9346645496712,0.0,30.260329557508992,117.30829105273904,2,3,2
1004,80.46059712816052,78.31531486010286,56.300104531471554,2.8751154519114976,0.4708379836330656,49.4686146164618,70.48191540973346,3,5,0
1075,0.0,39.00450506714016,100.0,202.725744470238,0.0,43.05172634580508,67.03504815747748,1,7,2
2756,77.47317090325916,54.42457183563232,73.1387146662787,99.82595757133991,0.0,29.88962869954269,69.9173785555438,1,4,0
1468,65.1501542009461,51.97891950157936,57.92540184817898,7.016847972510078,0.795279100312614,33.929228086243,78.66067645382874,2,5,0
1006,45.31726086101639,29.96777646350163,90.92886215828462,42.21462125415424,0.6263472392546569,31.5365300848734,86.29442623096392,1,6,0
2247,50.68166936518452,52.464421480558535,67.0586267099459,33.37751095008976,2.337713906188238,55.63961336859704,55.79818128975597,1,8,0
1920,53.88179985796615,49.10877228091259,69.2120371667974,104.77310206791483,0.0,33.515851910411875,51.64570636002297,2,7,0
1229,35.69392581480064,61.69023505857999,90.73309431457156,11.597164041280138,1.1768421807528275,36.59980209376543,141.86047433643407,2,4,0
2064,15.20572442443801,54.77781507198311,72.92810540374629,189.08423932334256,1.3050957625757311,19.800738260577248,60.989142593117926,1,7,0
1243,60.09974557960914,24.97101111682707,100.0,99.32483777035117,0.9543653690712504,45.921029832024914,96.38354993488466,2,5,1
3280,59.25182585707903,51.184460685021264,98.3905146372869,50.98058742582626,0.6926740812978549,37.68581938795008,110.65452874344857,2,8,0
2161,0.0118857025285379,50.19242965315528,76.8059181331847,25.340509389553432,0.4428559479921292,36.47819551880413,58.58971471703514,1,7,0
3514,44.900884128926045,53.881547078658826,81.99063298878933,30.273578106726177,0.1464879104783765,45.23160033402162,114.05361125088098,2,5,1
2527,87.69172611869217,29.18197174316297,95.3984305890889,71.84594614738131,0.0,30.085577156038436,163.44825127158165,2,4,3
2606,30.933427834825757,46.194858836864285,51.71863577967608,7.313387939043835,1.0569809140856703,35.83100363880611,100.82204643096908,3,4,0
3785,40.255941576101456,47.92876498007777,39.90215877584049,43.18124166480713,0.8816809381182835,36.14599023503042,146.76343776220995,2,4,0
3667,66.96348425333336,60.40884849786888,45.44951256972738,142.13870150495134,0.5705150656849415,51.89283453439643,69.27353304132333,1,6,1
3666,22.657243870795085,28.456192026078234,91.49076967137115,62.314617756912696,1.061632944519126,56.10076123189649,172.069955516088,2,3,1
2990,58.63845089347881,85.88164452910989,84.51419217589037,140.24712868186737,0.0,26.992649296126643,79.36279528892256,1,6,1
3610,75.49750082557445,50.56544859685884,50.780839749036986,62.559416448821146,1.5581713899298018,42.24816736691475,1.6231457315438718,2,9,4
2976,42.229630938222286,29.392477626520098,78.02325154814145,112.4152737867992,0.2684326363344096,44.918781505788886,132.95340144012425,1,1,0
2762,64.84254982143784,60.03260195819327,87.83165626991357,121.67262208497404,0.7386052194737549,54.6199283086832,140.9454153173642,2,4,0
2306,32.030640364179256,26.03191798257744,0.0,36.30813374328979,0.1256594207595374,38.99406894621792,119.6273907618703,3,7,0
2542,85.44503193339489,79.17792611415399,69.0018384156659,109.20596991640848,0.7810007615572234,55.51377721009493,182.96353321095955,3,8,0
1623,87.64048992950067,20.326621259377845,79.13485604812851,109.10853138560508,0.0,38.877362328087024,0.0,2,3,3
3314,59.95486178182789,52.827136415271546,48.72562298296088,34.565793450543055,0.3384057224674026,42.56324652968853,94.2014373619268,2,7,1
2494,53.69102606394074,43.120420458483736,70.04457602761522,65.78789097423783,0.4439419012256352,35.911038250105044,108.00720824576872,3,3,0
1111,11.624575694019171,32.57324234131454,96.02385434494474,192.40545520527763,0.8442177485293543,58.18278703742821,106.05169392513712,2,6,0
3488,49.091775641355234,56.42513075991087,45.38415782455111,44.93366856151451,1.5689926689085911,49.45689037497155,64.72831379713568,1,6,4
2170,67.06831117560615,39.32040159111616,70.96387921960795,74.34363768178585,2.6284808679116085,34.14554979080032,110.2222585261587,1,7,2
3462,64.85364836719445,59.89474997123556,15.949192501814032,121.8753101736518,0.846148272246225,34.21348945879545,0.0,3,4,2
1233,50.911436798076274,33.93721371973342,65.39919002002493,103.4453066560486,0.0,37.96867953676572,41.9377773759821,2,7,4
1067,48.55979756839332,76.32399607470862,49.1077748744991,55.17072296764042,0.7427068113693652,46.64552414394182,139.64808027227377,1,4,1
3708,50.47806086569911,54.48196670482643,80.22852306939984,131.11895592365593,1.4518027491006271,27.71055093528108,79.9888523800216,2,5,0
3073,51.77315181922875,59.14289067812902,54.54087449889675,44.24368686682561,0.0,49.0723466005762,104.26522575237271,2,5,3
3193,90.48619246573703,58.34033145263436,68.22907880209775,85.97141467007238,0.2742345166250602,44.26790193258645,87.90394364338552,1,5,0
1537,32.79173269432096,60.18420481643349,46.22616542263821,60.0896961820923,0.9922527783997208,51.21950491915225,41.47425349355456,3,5,2
1126,93.80911251619958,61.09479727587007,50.54763035418215,103.2203761215971,0.0745330139792396,37.59297428152691,138.7615364418877,1,3,0
3134,61.83628267482756,56.80378285263828,100.0,158.13240293430965,0.0,36.927101613252816,75.06574880318102,1,4,0
2255,74.55337984946584,53.50772038684398,87.97921665888593,102.45473656528358,0.3474343656295229,30.52577104981541,220.61883269619227,1,10,0
3485,39.0088572818284,14.235398168213813,100.0,70.36003834106765,0.716410403662225,52.194310829547724,159.92411761919496,1,4,4
2977,72.48225439972026,70.67704441192257,45.3033522465057,137.62416885371093,1.116340522156892,51.23080399340639,62.86272144514607,1,5,0
3463,59.64497905361314,66.3527520653067,81.4597252489267,71.13289921458332,0.5990352670542716,32.39807678259101,121.9585212216163,3,5,0
3489,50.5077684108482,39.328067088744426,84.27853105095184,68.64745772763247,0.0,29.719613409071364,104.4593848619272,1,5,3
3076,43.678542879459,51.5118660896721,73.85079604208968,109.74838529953792,0.146699176715394,47.13298176620632,141.89168387622215,1,3,0
1485,34.87298509431393,34.8410267010663,87.57850493090123,25.3948991427318,0.0,44.27768944350611,143.705704090893,1,2,4
2655,56.76967686923382,60.55160199708341,97.08957757774988,57.47173052482831,0.8310674952992897,57.79661887087689,119.18221924848206,2,4,0
3677,56.99300094599387,52.69433408947885,75.18721994630454,100.83504336337752,0.2160888502766248,38.73858450122682,71.5051040293947,1,8,4
3551,18.280333755240832,35.40853224859999,36.77480906941379,162.65291051219572,0.0,40.39462199303931,96.95658112898992,2,8,2
3406,76.80922103580696,50.09409734276628,10.878615680212192,128.5551314295684,0.9952410450437532,46.60488982345697,43.29027884423653,1,5,0
2775,35.15058828603904,15.19526602654365,90.39386216630172,199.706187036722,0.3859614646366353,53.61538202848112,146.30337966164228,1,2,0
1919,41.07132770898944,64.24391857046733,100.0,90.64712417631686,0.0,34.13384264440248,5.199905254105545,2,3,0
2647,46.25711469990903,29.10896791749505,23.17485422673449,198.1776416771908,0.5154473906558045,53.58949951267116,63.9815572551673,2,5,2
2027,50.760069563364006,38.28265432803329,77.76181885451878,112.27493408971564,1.063667900533085,43.35421320480369,108.43612886729386,1,7,0
2031,44.85246925153309,62.93335267830466,35.89735015454104,141.17115922811558,0.857069111845091,46.33066547497227,209.58851660254052,2,4,4
1883,40.21121114963556,22.34309624778881,51.776018749170944,40.03978374521784,0.0,32.90080867047936,79.22747584806253,1,5,0
2336,43.25828057763921,40.31641891946907,77.53517674452793,96.64949791373894,1.3858660449929785,12.454783716016273,50.200144651930486,3,7,1
3223,64.88383942999873,46.62720416307722,83.61561436248347,96.18609241302087,1.1461234060650105,37.58945785406036,139.9601359621071,1,7,2
1365,63.80287983422225,39.36468563554264,100.0,155.54555723672166,1.0249568750613869,25.526039079410594,105.2579990925606,2,6,3
3126,60.9423823035042,39.74548576570419,92.131408021649,144.97806883691538,0.3203836149473336,43.94111930370858,170.85385166715722,1,4,0
1028,57.51396036691344,56.73828081927552,32.336649245240025,153.5840186945295,2.2140108917218395,47.40333422556479,81.879878315596,2,4,0
1474,77.3374853488905,34.09092400405099,10.481522361912567,74.61529358051448,0.6086722364407955,53.22973308345543,58.4339295437192,2,5,0
1526,13.902357986709616,32.39180053386541,77.07632905646635,59.03065847506046,0.9573578686571198,50.97422687422707,43.35585933228634,3,5,3
1726,46.320333272946414,58.74106374760797,99.92920068119632,85.02252944004039,1.196712030370456,31.507190380899083,164.95906263145918,2,10,0
1056,68.62560238232398,37.148418592598105,100.0,65.48618833813977,0.6676268921463044,27.630467415571545,158.2578561947261,1,4,0
1639,24.20078200517892,48.14400979850365,60.07211671080368,69.44574687616412,0.8824792661670902,31.437118763397194,95.90287588040844,3,1,4
1303,64.94587210246523,53.24937463106929,93.9704076616918,126.7173606726892,1.40660398093674,45.21891234135085,34.04140210839381,1,4,0
3609,67.94132393774265,63.480037405087614,7.276070537623106,35.92545135655878,0.3213557058922628,24.3589823652072,121.16174012590632,1,3,0
2277,96.3865907996339,41.0234362912843,43.632388625852,105.91750328275886,0.2835292646570893,38.34159094337998,176.76668583192566,2,1,2
3636,71.43086304469772,60.605485394161775,40.806064602501976,108.98476905531037,0.4640235509652334,43.10186516828704,120.81981293719484,2,7,3
1625,81.86373253278794,78.46650525118966,53.63666072504225,38.64929613557321,0.0,38.0631633995562,90.0771780227982,1,8,3
3056,33.61484280557005,33.17704778862459,81.66111492100653,62.751061625747234,1.1605911440798888,59.39463549570124,143.79869189562896,1,8,0
2281,52.67081809564564,81.39796898314917,50.62592939840038,117.2810172325723,0.1995723968406419,27.62646309960832,168.91149233350745,1,3,0
2050,77.60182708294903,55.89960575007986,41.17289170650544,121.68738046742676,0.1930328460765126,24.820508850532967,128.94565118864497,1,4,1
1337,33.49005606414977,29.512637668768416,87.27277393480482,169.5728983477971,0.2867641461516851,24.595672828757035,59.83290123547624,2,4,1
1048,71.1424445243783,44.95617891978392,100.0,96.9575239998536,0.7302240757089286,42.01887194291483,53.82997637374597,1,10,1
1107,87.7237180242106,30.602876843620283,100.0,137.94908477300564,0.4017786403669882,37.870213434497884,63.32689544155178,2,2,0
2080,67.00443484226986,45.415713333975305,66.08806559692104,48.010338773588266,0.8742927647453387,34.885624712174604,35.84572818117788,1,5,0
2145,46.53856351432261,27.216337623648982,77.74316947840006,111.31190443337108,0.0802453419843476,53.42776964423003,153.12860028666813,2,4,3
3441,84.99167808410841,40.97083337097234,50.108621654354806,99.02348052664487,1.3791559280109875,41.247638628773856,93.05278245673328,1,6,0
2837,27.125475853586764,42.97255829959526,87.58730370562562,65.53616884238062,1.1312352815581987,45.19829002671027,95.45395984381022,2,3,3
2754,13.387342062870864,43.89672133243438,51.878472904998695,43.74518364884855,0.5630291087068708,33.81016549113877,158.17474998486907,1,2,0
2102,0.0,38.31744435769348,66.814828190251,110.03692703791948,0.0,47.06896290918512,88.31043162001414,2,8,4
2969,46.10183439294638,45.58316363617949,59.88011551449267,130.5117502846998,0.0,32.86047087840447,165.19370729656896,2,9,2
1524,61.41197337186318,74.43749547351418,90.17616041516716,208.59013336983008,0.1130744490535746,28.88149293335971,79.4271745116759,1,5,3
2429,45.57492752828456,51.53726963237311,75.05958426496738,155.32308854060358,0.2121786231126786,27.82500673784134,0.0,2,9,2
3608,5.888678858018615,44.32130385180269,100.0,111.28940170427606,0.0,42.41914984321499,86.07676431408075,1,6,0
1604,77.11275717609902,50.01024228436224,80.54292332507742,81.0187751661583,0.2571952084527726,54.39597927430136,116.02532062993188,3,6,0
2490,75.25168206854364,50.019885331016106,90.21427517225293,61.31097105546712,0.0821090782681278,58.17310819725607,99.882829842524,2,6,0
3352,62.34011899153395,55.6318378644088,56.082052553570925,126.92515783195218,1.1172224805320083,44.0317016663439,122.79513165838236,3,7,3
1061,40.4165152430942,54.76179891875263,71.2332041448711,94.89484705542806,0.0960968921909579,55.86114131421312,106.96756039494642,1,10,0
3750,45.910575580277566,35.35399927004304,62.240079906100775,17.218031991495877,0.0,44.868948111619645,153.80893668024575,3,5,4
1672,8.53219535183701,63.08473070042675,53.357663377661325,119.42123068387532,0.592086148124247,42.3664691267285,131.8271019037834,1,3,0
1093,35.95893812245295,48.58311928336996,65.93240746077271,42.17223914663318,0.4949210110740372,51.90699617555005,75.65890637408512,2,11,0
1667,44.900455651582895,60.97070378862489,38.66234969070596,94.32059431894749,0.5957225518539242,46.9403261096794,84.60520174807765,3,6,4
2888,58.48122088928179,74.14280998663959,28.619382195264173,57.76485006485086,0.0357863369334969,39.65187685242048,40.92346233349223,1,5,0
1281,52.27034690502496,37.074453946156126,72.8364010014138,157.17830224643063,1.9396100744953169,42.83224958610718,0.0,3,5,1
2720,41.29027258860313,51.67698737305082,39.107424448764775,110.06972793576404,0.0,46.521678851156864,117.72951393023412,3,5,2
1360,33.45538112895354,35.3041816292479,32.52046995105754,115.45234175120174,0.6041325133349873,30.659944979372856,185.5404272057158,1,4,0
1900,33.66128658025528,55.694594725789486,33.13743282379411,147.33091541652183,1.049837812880703,29.560790197510165,85.91558396054351,2,6,3
2936,19.940593432096936,58.150862418077146,91.23961327616544,46.48397256740813,0.2209855727603687,28.999833579253373,38.01965943097388,3,6,2
2995,57.028964150831655,40.139411690079136,52.3140113796953,34.375565483184374,0.2914732586795285,34.04575614756984,147.62952539760224,1,3,0
3313,54.60141518382804,37.92357228454237,76.05176675719919,57.55476718147678,0.2406406503842912,47.21161822084155,107.7959293025556,2,4,0
1761,38.487243475244526,54.83123466150478,90.49349293145237,29.02834017274951,1.3120577586790292,47.37070670617672,116.40048589917026,3,6,0
3159,75.63287590007538,47.23781276475197,80.89869074288681,132.77771791442262,1.3718897702785378,38.642043597429854,90.32271254162058,1,8,0
3623,51.67653255858722,35.900482562749005,62.907331790881706,91.6757207859227,0.3773296459249819,55.48917953418203,40.41757305506458,1,2,0
1043,47.68703435223519,41.202030956540966,100.0,120.1649802083412,0.4313993232516621,23.05960718774595,33.970185512669985,1,4,0
3174,53.03515984497481,35.07239060151144,50.39590354100418,83.7629032459013,1.8306221527225792,29.039879521289464,150.22989335622412,3,3,1
1205,22.446612640858177,35.71525428891805,40.94835449359292,43.95515131159203,1.5368656141365162,43.76325957646575,76.1296884201092,2,5,3
2474,50.29376389458394,58.16330528510521,100.0,52.342124762245405,1.203380404638266,51.64475847050006,120.7536254849542,3,9,0
3101,57.528190521950336,65.43153487135221,10.097942791739593,118.54338962355123,0.0,44.93254176193032,4.520861640154919,1,3,0
1069,57.23272050095268,53.378961758713245,91.67968532069348,174.58369294009037,0.8473739963717997,36.31667289960824,106.57613650390785,2,6,0
2876,77.91367621579911,34.78280409938879,61.14484028728029,2.520491363698369,0.3302384853317847,37.36171769599368,178.9307695239315,1,3,1
3380,55.20561013165772,41.64304141141653,75.76779372687406,102.83533244196327,1.097177185114818,38.88481103494207,112.28925086905952,1,5,0
3232,65.81251198325538,57.592364831910686,23.79353674803962,70.5419806005529,0.3586377518728868,53.18607828178045,35.11429876924808,2,4,0
1138,43.55876967588649,34.6825631365955,55.72040064789534,152.51597761381777,0.5519915831331014,47.74625635275151,103.73408197271196,3,5,4
1797,49.2088969228669,47.53497191171913,100.0,97.4245403123036,0.0,36.854996066498,58.130895782521264,3,5,3
3181,46.19921929997011,53.27988960135946,0.0,1.0,0.6343956520355872,21.505919941215943,26.732980827751646,1,2,0
3129,64.30762630882488,52.24396936278182,65.4459854035519,64.93752277979618,0.7010542416226956,38.506865781283246,171.02004615649278,2,5,0
1759,32.832844396375734,54.16037692947014,100.0,93.66679863261685,0.9107612955149584,35.5852419468709,84.63148401513843,1,2,3
1542,27.40586290684764,71.76502157197004,3.135821796146488,71.30900430449407,0.0,16.907959785911512,119.29783681293164,2,5,0
2020,58.48331892803833,48.6786313395639,71.37998106325223,189.7262424196106,0.3224031854535211,49.944102812176304,158.06111365770818,2,4,0
3289,38.049796106167165,40.92265646591004,54.16026211265468,60.734103986838086,0.3641439073668335,36.65946917943155,56.967543404263495,3,4,0
1166,58.25561853872996,23.72256789872421,54.70600901238538,96.80610835843268,0.9636142996578114,32.32652514061836,140.83123716311144,3,2,0
1249,85.30908480562194,53.434945886890105,27.643602600123053,166.4897182602538,0.8170120287564238,38.25637163587466,31.360437512679557,2,4,4
2332,74.37523703394633,32.69461577990212,88.1122765095432,73.36966216632518,0.0,40.72360389908385,67.47290019792152,2,4,1
3018,9.92275271186493,80.63266865802096,51.49419368628229,62.62853733753976,0.8155392920303861,44.885201384740085,24.15707917458407,3,5,0
1447,57.331964921936965,48.32736759285584,50.84886993999,59.98886323000481,0.0,37.0740525009239,145.6640309020142,2,6,4
2359,20.421768624517423,58.87163227627782,40.20313239521875,81.93849035428136,0.0,42.715822001535926,64.36110575862031,1,3,2
3146,79.79726877204165,51.85219713746891,69.37028291176301,144.91512748445177,0.0,43.53566146740464,171.8773375466323,1,6,0
2330,61.99857459992409,43.973074595875495,58.15886355872023,153.27123617987905,0.804533860148311,54.98958462667532,76.08836960707858,3,4,0
3911,39.29329825967554,57.58603148709199,48.008908111218986,112.68417771490483,0.2491238618803834,22.58283380133896,102.18263671514804,1,6,0
3151,46.48291191135858,84.13738141471455,81.68130537956975,96.30076092318656,0.3728373509699367,32.89729101688092,77.75148985064362,1,8,4
1435,80.04714104192055,84.08652080670322,73.37975852468465,177.12736056870585,0.0,28.044246717765542,80.40031876061425,1,4,0
3123,49.61479240531211,46.13569271733509,80.46761445730921,132.86605475597696,1.13077824674352,38.81147517979229,187.0909207479857,3,5,1
1578,65.41730387773933,40.42575910207259,44.803302169446745,137.65949748662746,0.4658566148495682,42.70921342707442,28.55669247751689,1,4,0
3985,16.902251275434075,73.85605352860458,64.36621287389501,132.1358576315742,0.0,50.94573291220567,91.24574248631473,2,2,4
3742,59.265770602362124,35.111329899067655,100.0,94.12948498275652,1.381132867832048,45.2654777915368,139.2268118764917,2,5,0
2849,69.38914401053474,41.57236850972451,53.733584466595126,85.89375284311325,0.6029075835290045,44.70967069785162,99.4116081088183,2,3,0
1763,100.0,37.80478441609805,77.43068053962716,109.910866386041,0.0892786674889918,53.88800103619577,40.96869773524446,2,5,2
1389,69.008476763721,62.92454186746916,91.0628474113751,151.35755179465755,0.1174161926344672,40.95303399153618,59.786603927529136,3,12,0
1236,62.67838044636022,52.84219731831621,94.23423256020136,34.3766348275725,0.113783503717395,41.940210045058,184.20852031703163,2,3,0
3606,46.30949284688301,53.30875306606041,98.44441951671656,46.11280325348282,1.9698267835971923,38.37043689194159,86.28782457617766,3,1,0
2985,69.06250090752174,58.47263537900184,75.95428265349071,147.2107420125907,0.7988885787034697,31.54769894563146,106.25664953848386,3,6,0
1268,21.397172440787347,44.32988151472674,94.21924739203384,3.701109077744931,0.940690856246085,54.215032852330935,141.08078761185817,1,2,2
1771,64.1550387091095,65.02737280522906,69.19881264590717,1.0,1.4085581354745926,27.417036147490947,102.14536630838457,2,4,0
3166,29.698116163442627,64.6043337414177,100.0,109.42267982146411,0.6422734119137803,38.16909215388716,64.39796722909884,1,7,2
1438,22.39797083570217,30.855433751924963,62.97089893838607,94.5736078717576,0.3510960581483564,58.14649167323078,73.08252712445116,1,8,0
1674,42.57118268008417,62.30237280133227,73.10714237127127,19.94094005942135,0.3793251101335381,20.516214932678487,82.49044848229991,1,9,4
1250,58.09963421921911,22.13147822902569,95.1651635258157,16.22097751879528,0.3136509347154559,32.743825434367125,74.80346600193303,1,2,0
3202,46.18192416545403,42.34758779524674,100.0,27.408262741578252,0.6270345173153391,40.11593859325372,83.18449772746777,2,10,0
2575,59.328599648670526,38.759634658658335,51.629727561645225,44.34679494064112,0.5731795718844513,25.117417871769675,61.74326664451898,1,8,1
3143,53.46683328740816,65.50821582386313,33.837544911482816,33.73593140237794,1.0347617546008263,33.432296416482835,4.2997085993256405,2,5,0
3082,62.024134978582296,52.03886850827522,98.45375827419046,186.52589759139792,1.7824837253041108,38.95227988318466,70.94663499699881,2,3,0
3618,51.63991112827121,45.10981256274727,88.16279055840151,145.15290833684665,1.5748715413603176,49.39029157499145,106.4501379006892,2,4,0
3904,56.59017471146018,65.90215728006905,74.00672143543942,51.14639269292994,0.3290494718770316,31.10747837529082,39.10983473387074,1,1,0
3740,67.07951953104447,51.48400680543325,32.94008032510578,106.74007116451016,0.0,31.81475194349935,53.10387536984579,3,2,3
1449,39.72266165326613,44.18450125387158,13.68016513171652,80.91844522933943,0.7239495032913413,49.359731592656175,139.66128589050493,1,6,0
2470,58.89205336440281,55.81057220949485,85.53366849922756,147.46482491876577,0.8167475192718776,42.52876657515667,126.70679711329922,1,7,0
1717,52.28455297324079,98.646394543921,96.20999719533852,112.94437578563527,0.420492692238448,47.93639294330103,87.34257499785275,2,4,0
3399,54.14534658797888,21.60856733614922,86.90892619187271,98.09327155876798,0.6831376845065396,29.72005926782561,174.64159456825786,2,7,0
3615,61.97588779123821,42.33516244706409,69.70006638430691,81.64429149638445,0.0,40.5135875880268,77.48027795922752,3,6,0
3049,43.44210566974164,66.82792257191377,37.671943739875736,90.67133734723176,0.0,41.63951480894811,140.8742890328096,2,5,0
2902,43.3236102048798,34.733535363845704,41.87034745672096,73.32281870884592,0.3416772986234673,37.80941411975391,72.26665627059658,1,5,0
2169,61.89508683330572,64.79564758858905,97.1305565915408,48.44469733528683,0.0910396347655402,56.88822192302676,113.74653905350436,1,2,2
1083,79.55788089483032,20.49395444619272,100.0,92.91686840638783,0.0,40.3580260003584,77.94880897381957,1,4,2
3425,19.37784994888556,47.336060078618914,85.33650414179593,42.325873455567816,0.2005160489974892,47.6459959763558,148.4014803598174,1,2,0
2461,47.23088032032452,67.82895234630513,54.85800000160505,36.66840024466952,0.2263782129793279,37.5979112899748,83.03976173950582,1,7,0
2894,47.80780392148338,48.13967918915005,44.68388896392276,126.22923415238073,0.4432504812943826,30.680088747164604,63.724084777904224,2,1,0
2669,66.81240053009105,37.15745239007375,69.89817907196412,103.28923447373748,0.5229850663709147,40.85477250348298,62.50152360136718,2,6,0
3001,36.496434500512365,43.643604769659454,69.17436840701099,41.09101563328616,0.3430313311162696,36.60178831691703,117.41431238334091,2,2,0
1476,45.01927920887243,30.73123601450046,85.39917515117095,101.5810986955124,1.4633623794449009,38.144514654071465,166.1880269006134,2,1,1
1518,30.448895104028978,56.36590906791519,73.60816179315093,159.52648218588382,1.9748581275842296,46.86846977063719,103.63447315177166,3,6,4
1405,40.99869057041513,56.539630842500685,83.03623497648823,131.17628994129294,0.0,43.08675294055617,133.7582200494147,2,5,0
1385,34.81734676892604,66.58850636535963,80.98631726144977,63.84157805853035,0.2234531657109534,48.881573217434415,106.97075796732032,1,6,0
3982,75.44707000213535,74.34885035792081,100.0,85.7744847830389,0.2766943786690027,52.91747850732631,159.54429664332596,3,3,0
3153,50.41772976591923,57.77152553044964,57.389432917570765,38.81275766718654,1.3170371883513663,26.154033752726512,168.45306499212325,2,8,3
2634,70.59921635162323,62.56646332319884,87.60840524635196,23.570435187035685,0.4826852054383193,33.89779307462146,114.22559912608224,1,3,0
3860,53.88215261906716,40.52844458775225,24.627904262964847,101.4160131838882,0.4889556177702305,45.42985202391105,99.59999758618594,1,9,2
1689,64.21919936406982,69.13086106998523,26.11405256723225,99.0932878245959,1.3205924717256476,43.26595959916356,81.27997760005466,1,3,0
2241,42.417445180250255,22.37153340563214,87.20513266132207,184.28508770174855,0.0,60.08909419096128,143.08244311615763,1,6,2
1063,27.87330051987944,48.599197116500775,60.86797854490288,120.03208191699184,0.0771790801676603,45.64864132155959,69.15723334482112,2,8,0
1853,37.252257453869646,69.44094592672094,70.80357867411402,134.33870352516774,0.0,28.901605107300927,39.7845533730245,1,7,1
3752,81.46039450429713,31.503480424777173,83.51473854530602,173.72486837852574,0.3969912863481977,38.24541564958237,17.571620019356146,1,3,2
3477,45.38267252310462,47.25048935710704,73.81314707244042,158.55595323687854,1.041379871247328,20.237839356096885,131.68579503625975,2,3,0
2263,60.77511984892738,61.39272331229162,79.66465574762981,129.55452656626107,0.2754775399648076,36.45790238334551,85.03030783338784,1,4,0
1224,17.745682576206967,60.42804350125999,100.0,23.511295994533185,0.8121634439877123,28.594215105114458,112.6463602106563,1,6,0
3194,22.73651990814379,41.13072816797158,72.27812168133443,69.19862281410221,1.2827179838617822,33.1452714731158,6.165483433106218,2,7,0
1374,69.18541652170414,77.10794965456827,100.0,116.55194514086068,0.0,41.33678838237624,12.256457422887436,2,5,2
2825,53.37309343933455,49.06027666817268,94.06256479883244,44.237673181159295,1.936056624859907,55.107316515392135,55.21557441521138,3,5,0
3537,69.51633438689419,34.165407653021056,85.96358293168997,177.85804448493298,0.6723287610071771,48.35969924272277,89.81606827138222,1,6,0
3870,74.57961004978124,44.2018757615336,35.84714797665788,122.61371888242894,0.8741279745479578,42.06816361791404,86.87515697696226,2,2,1
3598,54.225673845589455,45.84992342421282,96.20291898172889,226.1686665699779,1.1036734031423814,34.38401323623131,184.21916640907688,1,6,0
3685,56.70116058168235,41.53705730209271,91.78889915720356,159.1450244693762,0.0,51.22771240233342,137.72329144675595,2,1,0
1010,60.85120087171929,42.93313022273182,49.07274665962401,157.40454331987164,0.2146874587382131,35.1487005790013,168.40945118742889,2,9,0
2945,62.43143779712102,76.22205603681253,80.28914297910705,145.888607527575,0.0,50.7559490819833,187.04290385072176,2,9,4
2839,49.33540018711079,70.26278496048508,63.10121370759654,72.54367595052113,0.3958892885278244,41.28098884358987,127.04141051922458,2,9,0
1709,8.361411842325559,56.36100292277677,100.0,32.75361064674138,2.7988827409015187,27.757749916444197,45.76217829205931,1,4,0
1256,40.31531854267497,52.22134129697415,14.867640681102351,76.23038788927289,0.0036797683795194,37.3899651064832,211.4077216674825,1,2,0
2618,34.964178998096315,7.437403379039317,100.0,86.87121703421889,0.0,60.87272161793628,46.529880638225166,1,9,0
1390,38.46192688675194,52.08590597980127,88.87396915354911,140.41797748328543,0.4316655129581467,47.81008954607152,108.25203182688696,2,7,0
2582,72.9727469885743,35.23198924277048,86.68112868573104,240.0686494817489,0.0,45.50573593701598,59.51777701481775,1,3,0
1925,73.90093257849685,46.06010719525749,19.191155892540387,102.33186832829828,0.8114007544188256,51.8182829394204,102.81226687865896,1,6,0
3037,57.84831934357534,82.77642342554168,31.17411805400448,94.30876138462617,1.3572471118506226,42.4259593715346,144.65339134933865,2,11,0
3404,44.56689779347894,51.366404093838696,65.76813904168438,45.98664701096536,1.0204574692342177,37.39569413504887,73.82231286862745,3,3,0
2225,46.29424682244584,29.398956665453763,69.69891117600172,163.73265620191705,1.2310702363136057,46.68248123941353,63.7056208084003,2,6,3
2947,57.54200787804373,38.90343254040549,98.02417559035943,67.7535769838851,2.8000065995772894,28.888347011000143,86.85587634823119,2,9,0
1740,70.2874013003626,29.77929332089749,44.30190587473153,120.30470094243336,1.1582587820363082,13.4491798212051,102.1820066232869,1,5,0
1041,64.76933159990821,59.15324254383834,93.8521275539157,110.83445487488366,0.7288376049674224,35.95537712075896,136.03052743394665,1,7,0
1869,63.170885453456606,52.09830849258691,56.83612167158245,118.9849838708556,0.8461657444341408,40.630176588992285,140.52974865742962,2,4,4
1540,38.46216260953703,47.59459878432754,44.41866941561039,84.92100961044476,0.0,43.63098432661039,19.53564566562829,3,5,0
3511,59.63732123436983,52.03345124622064,70.07650291846433,150.42079849714958,0.0,44.550450942422216,142.01817997773892,3,6,3
2372,84.23416960284686,41.80937301774918,71.45531817712641,88.81667140982779,0.0607771834670088,41.54850448310384,108.9699019590223,2,2,0
2146,50.31158095162935,10.53904794756405,81.8937997957883,155.89669113635762,0.8015179537872955,37.294946959038256,129.4684803634786,2,5,0
2032,16.62831852244821,28.75659416311032,56.70305624276679,147.28167137838147,0.0991897663114309,28.21003827043104,228.0648888385553,3,2,0
1373,79.02287215590084,71.76391322418817,97.97236494826672,70.50423018750334,0.8765831788785422,41.71039492637147,137.91223880773987,2,2,0
1668,80.07985977165377,58.85633091877195,64.62612904802623,80.87080786387833,0.2732134045095959,18.939937986168665,134.7010043530371,3,8,0
1358,44.22682722159723,18.06898858377782,31.37660194616499,137.37730628932297,0.5328554088906594,36.48486623241101,56.233821620447735,3,7,0
1968,86.01880865821632,21.655260618557705,68.0626425026753,99.48971998045336,0.0,51.07272972003804,101.4436240087234,2,4,0
2354,65.18310320605293,24.906591480326387,99.47164842592348,56.97807659665835,1.1569997469419575,19.564616461037645,0.0,1,2,2
2036,81.47973526580066,64.35054779578488,100.0,75.23924509976325,1.0980585242445948,51.22141733919524,109.31262299506332,1,11,2
1471,44.49896605696712,48.62900663736328,70.93937148339664,120.6177984542974,1.53495971500148,45.51283332775587,49.82830946208855,3,1,0
2397,23.05747420940607,36.4899292623128,100.0,76.48721418668214,0.6977148348389203,24.563694781263152,132.8433031654751,2,2,0
3621,64.09013079649446,45.19422410844808,50.2495725796198,84.27781048511854,1.780282329378047,32.84662430905333,85.50005578265204,3,2,0
2550,74.53866447768615,46.5339578381348,100.0,135.62522210460804,1.034910809952326,50.11097005586991,114.81259659449826,2,9,0
2257,83.45144773675406,37.45906771849963,67.92276680642043,134.294522821896,1.7985830011247423,28.44503957871236,94.18913683743064,1,2,0
3095,70.78223574840537,48.27335459115141,71.04739802885692,70.13605320768761,0.4303145217705221,41.47822090303245,129.9755620582125,1,5,0
2556,57.34731013632357,45.493010769189446,76.60725525383128,24.27132454707217,0.2075714125554285,43.64601803704832,22.481156453438004,1,6,3
3590,48.7295085076929,73.1048596972983,64.76560966720217,51.612383022645005,0.6155176837070981,50.08762507133135,124.98963377394988,2,9,0
2251,56.617604644289145,66.13015102935347,78.40694723118906,72.09333701712747,0.1289372897965912,40.11208153195899,105.7084541744064,2,2,0
2700,53.59163563879196,42.96303718684386,91.26798486151615,1.0,0.8041780680780032,49.613603598188135,94.02884196320788,2,6,0
2253,10.12528714857089,53.14301345394192,96.41812278201046,126.4018002273982,0.0,42.47289999574252,74.30018608358306,1,3,1
3781,67.49034148265045,31.5118953316958,51.63322265807851,96.0075423256102,1.2392212600959995,40.0827449434232,149.12194153644538,2,2,0
1080,10.248621707982146,46.27207072888326,100.0,15.81337161929757,1.0082251994605336,36.59395922256233,104.96148116905364,2,3,0
2173,52.08402207903752,42.73739073126895,65.78950719927798,132.00133091921646,0.0898344619003315,33.395526319924166,42.24850797959908,3,4,0
1815,70.6368907893727,31.03252389567552,34.40104719505983,93.33606423854222,0.8879000485589241,42.55784252326365,198.03589160193516,1,4,3
2853,26.1272633648704,57.96539142341315,79.00565092693572,89.7646383238856,1.53910382690816,40.64048845017702,0.0,2,4,0
3221,42.83319695957556,76.77162558777643,28.69393306616276,53.84638018422112,1.0590537450338005,53.05776578287521,173.12651913457222,1,6,0
3629,41.13911957743035,37.836590956996254,86.17261308141414,225.41531365282816,0.0,47.037958837508185,129.56600802869218,2,4,3
3106,82.85345906511927,53.02479357693882,20.479088226934152,6.256717224914453,2.094382248221652,27.15055338045172,74.05814785891559,1,11,0
1134,59.47184861270363,72.42407341179853,70.8701885124958,113.69555434235896,0.7583364340129777,40.3322323851696,153.9325972979863,2,5,0
2141,44.04872993280016,59.2832944703473,0.0,91.06595561960084,0.5234973536483043,28.78171199587416,154.34578088945003,2,4,1
1934,6.023880867598365,61.412699814672166,69.75838946716632,63.88262976924853,0.4937903473972986,46.8834703703802,103.53485108324196,2,5,0
1929,81.31048058468681,32.30946317551074,68.31806337716164,134.41298553862066,0.0,38.49651633713733,75.57769543306745,2,3,0
1824,42.74322879120682,52.7375154589882,83.92844046008705,77.03898010053797,0.9495947796697222,26.180372150129955,190.31411481912997,2,3,0
2532,14.63121268874297,64.17817301917225,85.41659941177795,73.67588226025384,1.109042151835239,52.81978362376686,16.830664432023354,1,4,2
2215,44.10100643415944,50.68237214496128,70.35012418428452,4.332983263859859,0.1104739555050167,28.673927094787462,126.52117319876189,3,6,0
1505,36.98714861756346,42.47323710782702,96.63440680649006,192.40200958854248,0.4030492846420326,29.33636924615181,156.5649525124873,2,4,0
3965,74.4616613419065,70.52119025732901,86.67663681820885,58.74513500272378,0.5689682174337715,43.64170063142411,145.91815574669354,3,4,0
3396,21.0070956060294,62.047321139210325,92.3949054558982,65.4472811303052,0.0882928122756019,32.90157340555276,160.26847778922453,2,5,4
2997,49.4695748150188,60.67115869198243,78.17486283175245,116.2625837927172,0.7916613423840155,50.5331027964187,168.86832893905756,2,4,0
2959,71.12113618132103,49.22715607213031,72.28286821528374,117.48076655141926,1.587348289339126,20.134728580224778,187.36186642549453,3,4,0
2385,64.84190744018613,40.88791568569539,63.77565861798312,83.24284306109037,0.0,32.639347814593506,149.94310801641072,3,4,3
1895,77.64317982075055,44.10420864407899,52.31119286764734,93.1788924861192,0.2560736660466138,32.19956841850048,72.93527554307856,3,3,0
1829,41.59626365808285,67.72836639439942,65.67885812964722,126.1260383221195,0.8214129211849907,59.24940513187056,0.0,2,7,4
3921,35.623352247825395,68.7842549293496,100.0,135.7274880731753,0.4028425193381247,21.34160244796564,138.5391573990628,2,4,3
2684,56.48718563443206,39.50757169748535,100.0,138.95653127941762,1.105689810106182,26.01917960081217,175.13638403996427,1,3,2
3575,100.0,35.30111637826633,66.37833112134764,70.44265850371947,0.1583910377795399,49.48339279329189,45.383185102449474,2,1,0
3970,55.40114716782844,41.11638732780778,100.0,1.0,0.95170787090173,29.385270270763723,146.46557936038027,2,5,1
3513,60.97767670634729,59.56408718346813,75.9457385189584,66.58209180045557,0.0,50.86530557898822,147.152032078052,2,14,0
1653,44.62222618890339,56.67160711747392,51.26460032607567,109.64309215750951,1.5564680138792504,45.0431901556456,66.21442349206538,3,9,0
1173,48.45796581171792,30.243021200801227,60.46276462939768,131.56121784858917,0.0,28.66053664032196,56.96310057634484,2,6,0
1039,23.43627902203139,35.55901152073082,90.5058099576496,138.70113870355263,1.714333955186504,28.684946986478373,146.43837675378873,2,6,2
3861,39.375714107848026,68.65108695780742,77.39833100865238,121.06801271533544,0.0908545970439209,33.418865069083054,98.60080036646023,3,4,0
1714,57.98272228704142,18.011065607677455,77.11886483463921,83.44878328959597,1.1070098223701303,33.434230366530784,199.3767080511684,2,8,0
1091,51.941550986960806,22.73031161919268,88.6340181019469,134.86190231951565,0.9116965659398616,31.857953226146243,146.34998143670845,2,3,3
3955,31.02166958350325,57.96341471323924,62.94398520191928,58.4356052259055,0.8521624773356637,36.40023826419099,87.29897169146628,3,7,0
2206,50.811833824077645,40.605270857254894,73.92057540245483,159.8313560413621,0.0,34.227790436178864,82.38475633254149,2,2,0
3586,37.48645425007575,39.14052904298319,83.92186805920365,154.1630888147152,0.7210035956075669,59.961523197549255,168.29283126656702,1,9,2
2828,78.2186475949254,61.969918244183546,64.47670687650968,114.04455633005855,0.2853182491356499,50.17147674379312,58.11291628255712,3,5,0
2156,70.19634178685268,46.743033875806965,18.215570516546062,152.7847124441575,1.0489993272846263,32.25974349637394,203.55856512665557,3,2,0
2325,51.28948829620241,38.56221141280103,81.8658371391698,109.11401117689348,0.895672986782311,36.54346343394331,199.897410225645,2,6,2
1217,34.54349570924856,25.150651884833398,70.30558871037924,160.32678617271512,0.2404605823376432,31.157239636395825,48.67829446820574,2,2,2
1511,55.40913651559678,68.31231948219572,100.0,1.0,0.0,50.02809751955141,119.06345734839894,2,7,0
2681,58.07460180673219,46.53048585605451,83.31958023306561,58.37616891383056,0.0,43.93378344469712,149.84787407613098,2,7,0
1500,22.34400538071328,44.64990298730193,61.04801384551703,183.25711912718907,0.0,38.4424469141679,95.68075078242506,1,5,0
3549,70.42766590858797,42.62064642695776,59.1230689605921,172.59633161573612,0.896240221182447,59.69656684951096,93.07910738300129,2,6,0
2857,77.84930600128658,63.06119966882605,39.84944071479703,116.00290957466224,0.0,38.07696815718373,85.55537928329763,1,5,3
2389,50.64008298131533,52.18754705323076,80.97875334251044,190.57778865969567,1.14935187226231,45.177578157088405,34.442808910651195,1,9,2
2520,87.08185132668376,36.53254900361556,86.7512417953881,205.8662072185477,0.1014471655363922,58.23358962036466,102.675713715678,1,7,2
3387,45.39198571588465,70.265236287305,100.0,142.54913392533825,0.0,42.77479241337466,124.40771322694118,3,9,0
3722,39.88506591476127,75.83232646712293,74.80010592421692,49.83490845122517,1.193209682969667,56.07404549823429,9.769854530538836,2,3,0
3077,62.31542299542284,50.6193118338116,67.93255637454003,72.3537991881883,0.1965417251575266,47.32348079650525,166.35956114008934,2,8,0
2541,49.44970189898727,34.39709420276153,85.24700117976047,30.30911760628973,0.0,38.926531775490375,66.68413917276871,2,5,0
2218,55.57988324447604,42.77351043359787,100.0,1.0,1.3548160250028607,29.52815644751772,0.0,2,2,2
2417,51.14026249794169,53.93100213630088,89.55068468935319,163.62141914082977,0.0,20.92778000311197,63.394561265581466,2,7,0
3218,48.67734770748355,42.39487011094917,18.814070355731246,93.64207015625578,0.2469960625547814,46.77149974133293,100.0956468010497,2,4,0
3622,65.78113374751038,23.30901604239169,87.32038025752307,166.27501098606285,2.062642223230017,42.52231479919298,196.6481587734267,1,5,0
2677,74.34317041650993,60.39153547773291,64.63655838705091,155.1346023037189,0.2523464882003803,31.36401607268182,15.795313532629734,2,6,0
2198,61.04979908834295,26.515279525916057,67.39103876404783,151.52193928183956,0.932923674671753,34.636539730434784,219.85119591005932,1,1,0
2543,83.2251842909574,22.683708960582557,89.87307784688898,103.45425963621356,0.0492895922241531,42.25841834037307,142.44183979897608,3,5,0
1954,78.87529208146519,58.55760812531774,53.28862722867056,51.96102208775549,0.0,51.79538267607738,125.16643869227832,2,6,0
1751,31.53533507778192,41.21108490023367,92.35581936252336,75.76857176999593,0.0,50.759341227008,64.13680470778263,2,6,0
1235,92.87888178650653,30.793166434963,64.45546490709661,158.85003183951687,0.3904473188535529,48.56665119869407,86.95645993770549,1,7,0
1733,58.16505511428944,19.722682034170436,73.6824500097271,163.48066312999214,0.0,46.252895125420686,44.83536285876868,1,5,0
3993,51.440737225674894,35.02539837063418,66.13375733597917,79.69242917130983,0.6486097323623337,35.70323872925405,118.83584239346791,2,3,0
2157,36.23699309644552,57.898050255084605,99.19354813819449,45.14280651147682,0.0,33.23948911711413,12.966028175630823,3,8,2
3574,48.99590765916511,44.38198773874624,100.0,101.08565092424212,0.0,28.87235921678945,98.4298491537748,3,5,0
3446,55.26974430662119,46.67167593061597,48.72048793881287,129.65270251415106,0.0,52.22345256467975,107.59095463718792,1,5,1
2210,84.99153486373879,33.10919058633425,98.867344167918,65.56527832773827,1.3798146221724452,31.29357209033333,153.83323257511358,2,4,4
2066,27.606602107477123,40.50679587672812,46.52111075573296,97.37630719684752,1.6746389203168166,42.50147716035356,107.36594295156976,2,8,1
3157,42.49607239352126,52.06028719110554,74.55245614539655,79.8583285762598,1.858109642284544,35.97331788763269,67.68413511512917,1,11,2
2063,72.97531400744207,35.73633905469152,52.21741932626301,144.27885408475225,0.8251272288064918,56.85064345333184,104.10434498137158,3,8,0
2168,61.27818240104719,46.30424896228178,67.15468653965605,105.83308755847516,0.0,32.58428741106492,44.18549148494304,1,2,4
2493,38.71504802685223,41.16001652858957,54.93439238463606,45.605349394537086,0.3432424029807082,29.9565973770041,102.63110650086304,2,2,0
3475,56.07637191209752,47.45221463483404,81.95351438889521,76.77991092950447,0.0,47.56087880695006,136.77342546408445,1,5,0
1885,63.63782979252623,49.03883353776925,74.5073720125861,127.22299347637312,0.5948626019542568,35.07555887587783,3.060004530921105,1,15,0
1144,53.692677170646085,40.95769016324058,87.0831127879023,80.44218138735788,1.6219909730245787,43.11261699667505,99.78739516400287,1,4,4
3943,62.80959590401648,50.0166491703094,66.36626444215287,139.3638146561457,0.0,35.085895833104374,83.5397718335542,2,2,2
1851,37.53718947150471,42.13006389399796,41.98955202659028,68.04032331249209,1.3323908470174264,58.331141483984496,158.11305552855788,2,5,4
1718,53.006035229237554,84.61874375924165,67.97332236411457,46.709864432562085,0.0,31.27488723394364,39.82165518855837,1,6,0
3865,58.17214615403535,41.49942337917421,81.78478156912477,91.35933240532968,1.1455214195549603,27.90034971332824,62.64418694836899,2,7,0
1265,44.9486369721368,59.98125235537668,54.99035767822235,53.34404556569292,0.0,43.07309353736338,77.91549477857598,1,3,0
1076,66.43805008750448,77.27092883836737,50.72952993178277,177.14033868848412,0.8184130604646903,32.33520227091431,88.19227160713868,2,4,0
1396,40.61648695790591,29.21018086401503,90.23161745604963,135.0911520271672,0.3884699957434543,33.514783704953466,143.4881029088146,2,2,4
3546,58.65919650721392,24.932453412589023,100.0,164.8128354874001,0.0,28.05316531983448,113.32230378093212,1,3,3
3225,37.01253923357148,94.03486853491668,93.02564599327484,143.01662797083603,0.0,52.40939187384807,100.37185694049572,2,1,0
3800,56.02214678383484,40.25952770579178,99.69283460346138,25.446003819426323,0.2490876674853275,32.9401483450109,55.46659333771495,1,2,3
1397,15.737309418182448,57.58383862753812,72.92075435430459,131.84540395014926,1.7491912221975103,56.51638948685879,137.69560325960666,2,3,4
2366,46.8294085394606,81.46909008698647,89.10533008347139,132.28988208018558,1.2472274957494802,49.34717745828492,96.49429279609843,2,7,0
3501,61.41225994439062,60.54713813330006,100.0,127.6813704679116,1.3210259950420349,52.40965598738532,45.037572121674266,3,2,4
2904,57.39284384396188,44.40097631088029,40.65316684234928,127.435023819745,0.0,39.76156231863884,112.35428278437028,1,8,0
1596,39.79967202290506,67.19661305601092,100.0,77.42773048375332,0.0,58.489386185618585,119.09608350015048,1,6,2
3110,62.06374862164687,51.21623814351236,80.36961155198102,33.02410382174814,0.0,18.407310646802323,77.18829976957528,1,6,0
2297,68.38152965975537,34.173659477349574,49.38469975587445,1.0,0.8967322667823605,38.27968637884331,123.156923998752,3,8,0
2822,51.53703765917536,47.242191602611854,91.33372443350366,96.78981025236432,1.672590957783158,30.38748512548932,88.178703081466,2,3,0
1873,22.413615439709456,33.539475215434,36.25185905346817,84.00463609985431,0.6621708789365426,35.60383846982994,89.52358092414723,1,2,0
3912,57.1690723641924,48.69948295777687,49.49178847168832,34.26255698447885,0.0,31.456903495856373,93.35968489616523,2,1,2
3327,28.165982477213717,42.23363829166671,65.99813783479237,106.67827077679893,0.5944576711142748,34.314606951109994,99.65730025492546,2,3,0
2549,65.32160556769381,56.158251279914246,88.4986012844829,80.6254342547283,1.9740994410543289,54.7737256063086,16.766700748724347,2,3,0
1037,54.17727190009511,44.86176198713353,91.56358711537924,101.65116535965166,0.3166384955029522,40.43423408816411,38.40656559334599,2,4,0
3527,58.40188980903682,66.77948501231317,61.90227866960196,114.5018901526951,0.5289287823139022,39.54814471574838,216.57430462784183,1,4,2
3144,54.87906395817001,43.88809839062598,58.37310134497485,167.305171193124,0.4685563232918968,56.76189507502015,70.99361786505303,2,5,1
3941,69.93141021158894,30.18682466934024,100.0,149.22964474478985,0.3040237070354296,48.24884037728784,119.81354604725556,3,3,0
1978,1.5224134674208685,71.7095854908771,95.05590416757312,54.95394407229236,0.0,40.41080864094754,167.59786526992292,1,10,1
2572,24.914211536615014,45.51227341358848,70.74490412803561,73.91166713504641,0.0,45.20677767080074,78.64447256336841,1,7,0
2123,62.774604440583694,64.36687421709358,58.05400373240522,134.96062193359933,0.0,46.76837654111007,38.137250856268615,1,4,0
3240,63.726369139134015,62.56745802844221,45.87766749534039,106.44248106779573,0.5460939482961429,57.897907703084,126.52259265445754,2,4,0
2893,41.27228218946863,41.458253382618345,40.145333714703895,98.50981090742796,0.4313782501041484,43.45086186015082,63.31960269566802,3,8,0
1676,34.443666248182495,51.09311147023273,89.4234175732879,174.23209309382537,0.7495339732686445,34.5986096053639,103.50929262113723,1,8,0
1729,39.20480639381277,32.00453707452038,43.87909215242322,76.87335168433106,0.5347142793631101,32.21260484630847,140.16580213689144,2,6,4
1413,19.31771658528756,79.873299533071,24.9062378976876,127.93476414609096,0.6687302945034782,35.66152476647428,154.9536531276983,1,4,0
2517,80.26899486484263,43.73854427015851,100.0,43.58292148671086,0.817291829493223,37.8452328383566,128.02646424352562,1,5,0
2650,100.0,46.55926502216799,43.52407194969756,23.626932194064796,0.926868763912327,41.97368462234691,71.64024244924495,1,5,0
1826,79.06768954235402,67.57576872074239,55.06302854938991,23.293765327557423,0.8371296919816661,24.412377468618583,51.96934117935869,1,8,0
1617,52.187895892097856,35.2129428699826,97.238414576916,150.76961643376117,1.6731431513265635,36.1301516112184,150.51854250951658,1,5,2
1115,46.15278070437755,55.83468094028276,64.82538527254079,100.71436059419943,0.2697773523304335,30.670515298269795,140.87424903851596,2,5,0
1418,52.31349268585717,53.1170376102997,100.0,119.21046108247312,0.6211473539993875,36.750205557386735,131.9681421743315,2,7,0
2626,71.60096131429297,68.92278878803273,91.11139680179164,85.72291873463881,1.4715759087813574,25.646311729531103,118.30279577303956,1,2,0
3940,42.15057787878254,83.47248366541623,66.16848616501736,182.9434847227665,0.4480235247548423,43.6516063247517,173.72301633034178,2,0,0
1090,60.26534866226712,52.1538190475774,68.9916522446489,71.12328679903936,0.0,18.429632747766497,112.58269344932768,3,5,0
3083,21.122903677329163,51.26700179584921,56.77709052238362,126.99754503775516,0.7413424808146061,34.865116362259464,0.0,1,3,2
1754,71.07283593215679,43.27663075549776,79.14399965232289,116.82915227295176,0.6540904312414431,43.654318428247095,97.3694063321812,3,4,0
2631,59.6946563458895,26.82593979984862,96.82324036268366,160.74720534274846,0.0,42.8981119556662,97.0195077305733,1,2,0
1012,40.68540492859486,69.88694971313285,81.16341267351778,35.083703016554864,1.0512803270288056,55.54962727725765,181.1930706161071,2,4,0
3445,39.94050458897314,61.33498758116472,74.70183392479433,30.73197407777528,0.2100524533507272,46.1762066508465,36.25742144938487,1,5,0
1285,92.66066749312532,26.57760166337211,55.14472819045834,109.88377834771224,0.4022834110189738,27.448509327948425,187.76555353166523,2,3,0
2067,24.106370485581884,52.83992460938561,60.39031558517697,86.18323524778913,2.1789144999116488,49.2398267912015,53.23013700088532,1,6,0
2192,23.31949010163591,53.953262179321776,70.83608669932877,86.70858171765039,0.0,24.918307906278223,189.87724223429933,1,3,3
2441,63.257625373348255,29.64596645450637,100.0,84.0849492947833,1.3910371520731966,10.66229352770523,198.6866721367926,1,5,1
3802,100.0,46.42649487416574,41.1573419092409,101.7071946670106,1.0200323138035192,40.55230436481112,86.23387359564231,2,2,0
3801,53.676690326450085,54.42848862560905,49.602261621286175,99.97606409657472,0.3600490538171083,51.6876891701112,37.14734626782787,1,5,0
3711,33.63142668115997,51.3052472058858,67.20382239784217,200.0961229624181,0.0,54.57437949370436,0.0,2,3,3
2569,18.749082862269148,71.7817654877384,99.41333134469411,76.0237502684108,0.0767234049108123,46.400560810329175,100.18869282776032,1,3,2
3428,48.75617966001378,49.69851872345522,47.35506966572131,70.48890168471826,0.0,55.08336098057729,91.85829802244476,3,5,0
3578,69.93717546931616,52.90069177886239,45.32643158746108,123.4261801409418,0.6753011981007314,42.9952041941616,138.47286554014516,2,6,0
2688,54.02319311745679,35.74904753800809,83.5758069822413,87.0201639095365,1.2631709985606454,45.17000302513935,82.83869656476621,1,5,1
1852,38.890457616794905,57.40482271464727,51.12834508570198,92.18618316474785,1.7292711127854736,25.20910711902478,297.1165505403343,3,7,0
3208,57.1122669757132,42.41050701518217,31.014105521844364,70.52105020319361,0.4111085307565136,48.22859222783352,30.031347692724932,1,6,3
1896,62.97419775179286,65.0244773781284,56.53024238558223,61.08457234967483,1.1958019518581926,33.95324818368081,88.59476577742417,1,6,4
1497,29.255076913470877,62.23251533666394,94.93163919147182,162.14134466634138,1.143482764176904,59.44017650000441,143.58525655306886,2,5,0
3306,100.0,66.23168469489711,89.95227621653905,72.53806733437123,0.0127180640575887,48.569052705051,160.62454720409897,2,2,0
2783,19.905592519379955,24.63992558590322,72.69959801813071,62.94186656825854,0.2773001571370012,53.99097479263414,107.5342114425957,1,3,1
1336,47.05885236995723,29.868083772723278,72.10235970625492,90.63348450893496,0.0,28.470980563526176,75.40602725927664,2,2,4
1516,65.10782451651512,57.13146023789936,52.40724001671417,32.66071689422827,0.4587515518338638,58.83811031184803,146.84071584613332,2,5,0
2349,22.662426031691577,35.8940162527347,47.48878846554933,139.05876681437996,0.0,40.07153256097487,83.72728355474969,2,4,0
2016,53.95821566925296,41.313138355463806,80.1205852202067,102.07709202819473,0.0,41.41878042628496,124.63596732835126,1,6,0
3809,68.30780551120324,90.54541346607624,82.18045486576068,153.66832912224862,0.0,40.1069331179648,133.11731598766434,1,7,4
3804,29.918908063159797,77.28347798300487,85.87750028994813,77.82392000814426,0.5288256618642544,41.92368927037512,74.72752393222427,2,9,0
2782,48.3378885474261,54.37345515022959,95.38052229535764,18.44661874025105,0.0,41.4599591431264,106.9611699231808,1,8,0
2786,20.84897001070139,45.41584078769295,71.4922970144934,145.82838068888506,1.2687650624663984,35.02865976130064,212.9230398077322,2,4,1
3071,69.30794969182341,32.31614763052512,93.68779771438918,65.12290287624427,0.4220519183301421,49.62613574711632,137.1914817291062,3,9,2
1357,49.6297372801522,51.17865544578725,100.0,133.01715272813408,0.1526558869809448,31.76138689376913,180.28450539104216,2,3,0
3853,27.9027441387496,59.18498321003768,28.371867592398893,161.61021187069557,1.0149765346318134,37.78601741814905,138.55959526648695,2,1,0
2313,77.80415098034626,57.420584806625484,75.59817184866516,71.65933410988303,0.952231740400112,20.02952563382025,24.878770117822413,2,3,0
2636,41.92703073516007,6.286160152745886,59.55542468715953,44.23913860145405,0.7630228172037609,31.691173361448698,183.80107293799648,1,5,4
1551,51.731795749458,42.028181729611774,69.59442206010146,118.03778773319176,0.8556614000945505,22.425766295972448,138.57612654380597,1,6,3
3389,67.80396822249574,30.039423030036108,55.26865673012331,130.25665078794748,0.5720756697252274,57.21964288132176,127.32622080267566,1,5,0
3480,63.85837246063223,66.48475036162947,36.30726924226492,38.70538682800271,1.0296497255748562,33.83899846760716,42.995869948827824,2,5,0
3522,100.0,40.07687836227062,75.04997526893303,1.0,0.6075543905076333,47.204568950760695,79.49318691145089,3,6,0
3266,73.8501502495595,37.72092460009882,65.1141288369309,168.31073926028938,0.2340644234215961,51.17520548774607,116.90701626789658,2,5,1
2228,47.05995996743023,56.295584125358985,68.72998028451165,104.33805377313232,0.0,39.78637627558523,45.311579988724574,2,5,3
3823,49.02205633051789,33.27766718971378,76.62909806866469,136.14984673121617,1.077657093427138,26.635975766417367,56.56615422595135,2,5,0
1958,59.13506438307568,46.40747116967376,100.0,48.27010201966726,1.052127830719813,48.341005719100686,79.27418912661747,3,6,0
2774,53.89214910474485,50.29071856547038,81.10362927718144,167.43465993227562,0.8943869655754926,25.296198653242826,89.24689819695683,2,9,0
3142,51.01775403712036,58.04620849837015,51.64595334697465,173.53309953261447,0.1033305849269918,63.40300215856979,88.58407869874154,3,7,1
2009,70.9910543063867,42.67589236322683,100.0,57.61863937515579,0.9547069321523212,36.7194354932324,139.92306694889413,2,5,1
2093,64.5525908727396,48.29779031176788,33.4874775145378,1.0,0.8159259773203882,33.28619556355048,128.81780088069044,3,3,1
3675,29.82890631847584,30.21547252546234,61.44237891377128,1.0,0.2198304019476801,56.88311811452882,162.2910777481752,2,4,4
1997,85.95373053699045,18.83282270215705,89.22579138605688,1.0,0.4453236929210473,51.90361419752066,113.52317543652784,1,2,0
2680,41.36759374563904,53.769749723571536,48.10462938384266,140.24279690900397,0.5134531965520892,40.05143140541849,205.86864082101712,2,4,0
1154,54.64507394322007,44.37766915067291,48.231805708906464,128.77809629151827,0.0,47.348113435104175,107.6066859432058,2,5,0
3783,25.935982892217112,56.85986421630148,99.58872756454012,8.199735832158439,0.4702860296917708,26.12246918998563,78.33222794146812,1,6,0
1581,56.76992814988828,81.87157104525443,62.802348078302,173.32211955942898,0.7436667042511413,39.53375234785331,126.86827124674124,1,7,0
2471,73.93262973291303,54.84778223687309,93.70357376180124,126.1999477792164,1.02752077641187,57.84635606949772,48.63432884745138,3,6,0
1704,21.830774072728808,37.4461894430558,35.007962381682844,100.32743289022696,0.0,40.73104254380743,137.35932950625465,3,6,0
2213,35.63185468861605,61.9676566984365,37.7264445126694,133.47191857712343,0.5910906066686294,52.91052232702434,27.13476155072321,2,7,2
1897,46.657638393662914,70.90181791286648,51.994699474830256,77.82852908824822,0.4704124010956448,62.40612120174282,165.85293389836824,3,3,1
1488,28.3690399277121,59.97390743452611,34.82556344740028,159.75887057557082,1.447416093033283,68.74082698009914,146.45947807738554,2,6,0
1560,41.58031038359474,30.51175454831264,100.0,83.21106911297889,0.0,38.486370964242575,106.7453558169064,2,6,0
2142,77.51413626623238,74.57539598406412,79.88997086907355,137.64455407468924,1.262565885308225,39.46766332436568,53.44210749216994,2,6,0
2120,71.01308792015224,34.402902034596735,87.18096125988221,43.85426612762146,0.837994122023676,31.876186453099614,96.69890070269857,2,6,0
1513,45.22103906267181,75.68060426026838,50.96030337409451,148.96298721434815,0.2520469688583516,36.70558895275165,120.11955845141028,1,6,0
1634,41.4623786010516,61.16278565472552,50.93955123492714,65.3967400667654,0.0,39.61348231172675,89.86399852816648,1,3,0
3585,71.92938467621767,67.51264734479669,63.3519981451112,127.769943032587,0.0,36.10864904023436,34.66385153940213,2,2,1
2665,75.93989093122218,60.77626135207461,92.32970868018128,133.8818550962444,0.8228597830491587,41.06544676434374,149.86696128795387,3,6,3
2013,91.5052174525053,35.225103112744776,91.82042707945836,34.21012958909294,0.0,27.587007272590437,83.2481053990824,2,6,0
2932,59.93398446473044,17.13119223252078,100.0,192.53905712178667,0.0,46.96757862714301,59.83435707964417,2,2,4
2151,30.172153010873856,49.093944062046376,87.1641936688294,101.71023422690378,1.0544961794018284,39.47445838079807,103.56156987295071,2,3,0
3806,14.475073330670966,52.05119971098846,19.64841814405592,71.89188290326364,0.0369584803029362,29.825089371119216,132.5966700515014,1,6,4
1117,49.305764605895135,47.08596302032221,90.55876177239384,180.64890852965272,0.6187852105798985,36.49326606341403,1.697579351604091,2,7,3
1741,13.182515373367096,39.279789845143526,27.234916139087147,59.29233717011982,0.0,26.054404866739247,35.3516993798236,3,10,0
3764,37.368445416693376,28.9277458410874,84.47274545172836,104.2671977760255,0.1587188105153851,54.92609947464035,114.82337830246128,3,1,0
2975,49.62582487108205,27.91944390459813,71.99788159350094,51.58320683732205,0.6830630177080811,26.882795670893103,46.77517894135236,1,4,0
2082,43.01484591363143,39.527004880834255,100.0,34.61787094532798,0.2402551797694032,30.32745262018934,76.57611746340439,2,7,0
2811,40.33877896633121,61.34732531474148,84.4268045958785,64.34038478169336,1.860508861164294,42.05413270457751,199.12565318489385,1,3,0
1831,23.11098977931446,46.96213659402755,81.05792170411213,49.059740120464326,1.157441996163433,39.68066109949189,57.90434795829724,3,7,2
1120,65.03866065373549,74.83110669632443,61.39754929344168,168.8667514764171,0.0,60.9884123035244,0.0,1,2,3
1657,50.27858583825893,50.10767700361913,38.26772236892239,130.3471304193319,1.4412796212614305,25.956835833038305,45.67945233221909,2,6,0
3733,61.25761720348709,65.34262207326147,77.32072108966709,146.81900673083112,0.4734750177437173,41.96272338440863,81.99010457575324,2,3,0
3693,49.21385424744738,54.97471500688644,83.25922972496998,174.19450768838806,0.0,51.629808803918415,103.45848965179916,1,5,4
3933,32.21518343543352,51.54376085784856,70.55876387415914,80.0371677027019,0.4402068170168535,49.07860637704491,0.0,2,7,0
1636,16.902866562684615,54.00227594443103,60.15971044917475,29.664028372022106,1.470871923191296,47.24075050744304,74.44011007193076,1,2,3
1370,34.539804322890674,51.96597779323773,59.32989512661856,118.46318888249525,0.9689191431510188,27.84156017174632,122.08125339071086,2,5,4
1269,41.19911026606032,53.47168883788358,94.17945306097374,189.36199823023344,0.0,49.98726570083098,0.0,3,4,1
1047,40.78722458080425,67.38611097433846,70.04942111889527,163.91404737297432,0.958554612341368,34.98762042499922,65.05669097790032,3,7,0
1992,9.165302631514187,42.9310438894622,94.05862923166424,109.57253579786764,0.0871685315330052,46.3695253999487,184.76817470899675,1,4,2
1877,39.64777401927657,64.25023743004468,83.77542650565749,194.80616381271733,0.0,37.18706347330431,73.35742295699077,1,3,0
1774,69.4510889925346,38.604453237795695,40.79555430374499,89.3774148643472,1.0061492268949048,45.85991768978782,71.00724092683359,2,9,0
2220,92.90298255546776,22.942058111564528,26.51987119568,126.06149953222706,0.0,45.03636636177861,135.64024024774312,1,1,0
2127,56.05270930478066,36.78868865595905,70.57701647376052,123.64075349639162,1.237185016766662,53.33638561859827,106.95842308663104,1,4,3
1005,45.31693250553328,58.34829686800637,64.64624223222029,92.22887837361202,0.5111360608797417,32.527826915132565,137.47775187225642,1,8,0
2596,29.80538590580125,52.37133837984776,53.479144104746354,125.00564148104334,0.1573731032606065,34.1983627787548,50.30873555713645,1,5,0
3312,85.90422711824644,68.50586417504289,100.0,46.34543358186923,0.0650677935346145,62.59602027742479,41.15400539342079,2,8,4
3492,36.20544451871652,65.32434476109559,45.723449272306674,109.02340709156032,0.4227191852688881,29.12066541370925,139.92193629912765,3,6,0
2078,41.43769678068175,19.88814708882485,100.0,46.08424666853861,1.7984911502364596,35.790664354162345,156.29651653170282,1,2,4
1838,30.03291918522418,55.69651454061344,25.73797155559805,158.42901821366905,0.0804880479633922,59.3065825905626,176.01389944414166,1,6,0
1682,27.418964575655416,44.09705216045407,76.70126068974383,30.77409902875017,0.6092635169197966,45.43524332550028,135.1578158209809,1,1,0
2716,48.189334353916784,49.431603774247534,86.6887020092499,24.07921505856588,0.0,38.64955398137226,94.2591480175787,1,5,0
3353,63.67138646400955,52.51355158701485,80.7190314720191,177.7141220805513,0.8897025836433932,44.220143594106936,115.18462969605984,1,6,0
3362,22.94659428312931,51.7115223833978,76.42493613964577,70.52882942565545,0.6522594471571498,49.510213361781545,52.351558324629735,1,3,3
3198,50.38295554831504,44.94657309822292,100.0,188.8647384015227,0.1910357476937595,56.08077135453547,162.22744953815294,3,6,1
2149,81.89010126449944,42.27825987627888,100.0,13.375270251633635,0.0946098140951867,34.20694691420957,25.896336225878684,2,4,0
1575,66.58811162366979,30.94908366931952,73.96890127343858,120.25176929278564,1.0313090794075324,43.01001233918476,142.41586098523027,1,1,0
1051,56.4816793878959,29.42489454154301,100.0,121.11623987249374,1.2527733880914895,38.7869132861042,108.94658644690804,2,4,2
1854,73.78033062215104,33.392647747963224,26.855721879685667,67.90892980278292,0.1776037791683097,29.96212184536364,121.15399801621764,1,4,3
2983,37.4656555082007,54.30161168573879,68.17855777897363,79.69854227936423,0.7818598871530127,14.717548996862856,62.34442099013442,3,5,0
2824,36.99994838353081,49.78851551139993,77.09611418256841,118.6040739333693,1.0297089019973995,34.50945568841134,127.7433620107244,1,4,0
1834,34.64404869791743,28.655376121074905,72.7270742587458,82.30705185899481,1.4605952394126025,28.21563287069324,75.08385135287935,2,7,0
2116,57.29922004932451,44.40986624072038,59.16526083284617,106.17095667504805,0.0768402976081434,55.30047441561629,78.59238734560427,1,2,0
2167,77.68545637021036,45.5393588113534,100.0,175.9668175545322,0.95472340557902,39.76129031690547,85.7117641981822,1,11,0
3519,45.404007388496126,31.406565708796407,54.14313207956715,142.19757002594656,1.4345732320880369,46.37333041272193,48.25974182773112,1,4,0
2907,18.58247695863001,42.55202396777047,72.13986759861314,58.258504472666345,0.4081738920146117,42.96295365503668,38.31529178357253,3,2,0
1972,36.37896685050238,33.465953893162165,68.7114447848087,135.06949469047498,1.0826803770133917,29.3195286163376,171.78385518998982,3,4,2
1400,74.75632623946923,43.93403865224058,34.15485440178964,131.99514785760422,0.1491760041328754,32.8417408612525,144.27352914700478,3,10,0
3560,68.4854027907566,61.62672682383629,99.0750242426326,44.19679119640525,0.2721406109035444,28.399796180567115,109.0280469098735,2,6,0
3369,27.66951120102682,42.66670821434463,100.0,35.51619510194722,1.5152381811313431,26.551132192188007,49.276125449184846,1,2,0
1020,21.75392597329417,58.27611199866381,94.09813557638928,133.29389118531952,0.6489082848342493,37.89511969462966,35.72172031444447,1,2,4
1685,25.55744382216109,59.0464202742325,70.40311969751181,61.00966621311999,0.0,51.256799321234624,100.74080049652528,2,6,0
1036,25.583127000579555,56.70308751204047,71.7334290428837,119.76536263246656,0.000682369803852,52.22194180106796,82.30912368939094,1,3,3
3830,42.66985959263896,70.43198605527618,38.87371941240012,106.1509336763378,0.0,38.39335151625279,56.51944825484064,1,8,0
1525,34.73481686914966,41.27326949911919,97.99219446383452,53.8824335469041,0.0,36.096958508883006,130.5553047723012,3,5,4
3456,79.74492310671855,70.99229640458515,88.30378065136838,130.475494810622,0.0,49.01619448924745,176.49417442025754,1,2,0
1921,71.47263499719544,77.83254972191395,76.43432766043374,48.51945144552997,0.0,41.326846191330766,100.28925574133268,1,7,0
2842,12.363019090047215,51.1354241000764,58.80305887670104,43.789995152651095,0.5711254030830075,49.98304568578384,145.63634065599044,3,3,0
2891,60.925684960074,37.66885982258109,74.16594738279596,104.1432420934498,0.9942468648988012,43.54818118178393,136.37451020783828,2,2,2
1538,42.308889115403495,37.8139647659387,87.39830252352124,150.92687138251972,0.7270561819706604,24.62496781765275,151.58809522498123,1,4,0
2706,45.17484690762915,48.07010830471916,62.50759858339215,64.67622496171018,1.306549564148068,42.515879179988445,69.56858562669674,1,5,0
3932,40.88920947952258,38.05903793419049,74.4190525812566,208.86467237745327,0.0,39.06378680929389,138.30687922633388,3,4,1
1246,43.30997528318103,61.578802322550125,82.44470773544444,61.82673483454442,2.56167240295457,28.979154352239348,124.3442975150286,2,9,0
1785,61.1958089586208,56.96554795319861,87.1112619409107,22.621510293184443,0.2418377143677919,47.23997032401904,86.18948093998371,2,6,2
2410,44.983339670899056,63.1425375078685,99.49971324224468,109.68308822583997,0.8216325412783063,47.09029775318304,21.9478712206611,2,4,0
3538,68.36908887884827,44.69471360649491,100.0,109.35038607373602,0.0,49.950175796158895,71.25455856471483,1,8,0
1155,55.86144946597362,34.421842687340416,88.11479446807806,85.2471905097179,0.9901468932631357,29.053079559726285,44.53462337510026,1,6,3
2687,40.70765405403214,38.05794795220257,57.50318923972871,18.08771704527332,1.1352726105548878,34.81374998735617,93.4439768375164,3,4,2
1626,39.7756864713763,35.78160924096521,18.76213709529187,66.00470516265842,0.800327697297284,64.63013688775024,8.545279303939154,1,3,0
3877,31.26987250420808,25.732990792769943,63.102606963995655,90.26051893583822,1.127095616071964,36.96913922887986,87.15550080375556,2,2,1
2347,0.0,49.28943946183346,49.445859832764825,144.39019677894242,0.4895522392899279,40.01655855621952,155.61341465175536,2,4,0
1570,42.96973031917383,63.56026332141972,100.0,80.96526881024538,0.1691154055934998,27.708289664816828,124.07476602835622,2,4,0
3934,69.10601116475506,15.289339009998422,45.33352430689724,145.34352673051424,1.859222285436192,40.17414248998231,166.3777325354618,2,3,0
2759,82.24556515977291,40.018665528058094,34.81766391268994,120.40480292849722,1.0028320802359725,45.17720764027072,164.6146873442354,1,7,0
2817,6.963691973413901,69.80621014675751,55.52620606627692,104.8004633998525,0.5588071336470459,33.96562165511392,110.51422819476142,1,6,0
3066,38.34482684776836,46.92685004202925,72.25774498016088,83.64632845681068,0.9059805197235272,49.86514003804201,12.444569706384002,2,3,4
1128,38.67404540794456,69.77453487279004,100.0,59.27985895034047,1.050194968892192,42.665216499782005,52.82650877959219,1,3,3
3978,33.07368045068529,59.34631021833643,68.71910411169522,29.45988574545204,0.7557773457653351,28.12398882622653,113.002725773039,2,3,3
3007,50.02410950724448,65.72723976575888,72.54308021179425,76.66905159121772,0.4405233821782968,45.130478674102505,0.0456093551096046,3,5,0
1981,65.71600317301665,70.43844279068678,37.11396732375386,77.71023430865915,0.0,19.970515861348076,126.0280397921935,2,3,0
3975,68.22725444349443,56.70472575514778,90.4366781674593,66.83308382438491,1.2385381842597858,38.51444585099418,96.66145911446272,1,3,2
1191,41.06970095865958,43.85470111055754,97.07499846292173,53.021741637302085,0.8171277596004413,29.41141991142005,86.2408781306827,3,6,0
2140,64.02345484621796,50.06344788491227,100.0,35.19756535880359,0.3988585109888994,36.95934741934242,219.5936694728642,1,5,4
1993,45.056452349588064,20.36768343174294,93.64720391386598,133.108437697375,1.4101235687691975,44.644876055772336,120.5075783856797,3,4,0
1700,46.30195727114022,46.6591894883509,49.40407825897115,25.535786777989102,0.1333097807806234,29.81962328077185,47.44181968249031,2,4,1
1607,34.52421601792854,38.30220580667542,49.7568791058179,1.0,0.7038985659831795,42.44598069649217,215.86768828074304,3,6,3
1181,62.51334695530012,64.67633168042053,94.10389710429946,95.242593846134,0.5003775538402151,36.00669977099788,67.47630002703914,1,5,0
1302,38.79637919606061,35.93111635195402,33.975459136877035,142.34199727345828,0.445944801881102,50.87940253268552,56.09318409572965,1,6,3
3545,98.53432972691044,44.52138533765231,71.51963431253257,109.30465104379677,1.3280264572145477,24.603743057940395,144.0680743303061,1,3,0
3776,44.302490132606586,30.45732854712882,35.567612768197506,66.74840548480374,0.2176796628748047,48.63605506886287,40.46452840274195,2,7,0
2061,65.43397421296689,61.24850359135566,100.0,106.99106792591054,0.8669611259664209,37.01016002628159,107.25743480851776,2,2,1
3820,11.446548413087797,46.021436892946966,76.68688472245154,133.1153448323984,0.7266285470620454,22.9313743780695,158.01053840535474,1,2,1
3879,55.84385456652746,37.7388779837849,84.16352467704141,114.9599883044448,0.4257075946713787,23.496454958454706,21.95611467595964,3,4,3
3566,41.83798321679559,60.35110514504919,70.45631152140282,99.79287075279228,0.3268543509957607,44.0043199385628,89.18498357682452,2,6,1
2070,56.93007763461432,65.80978656774315,17.98148686522554,82.372687863169,0.1158364840559821,45.844887886474616,147.64093886117274,1,9,0
3525,68.43603003954505,37.15477222578194,26.380990309867464,59.01424885663051,1.3565057618314915,19.52833114836529,177.68759428648178,1,3,0
3206,59.44812555760755,62.40854161486135,58.83392382963484,97.6751709436721,0.3032837619067619,38.75922773896961,147.90176343144148,2,2,4
2244,29.704865386142664,60.480332202755655,53.92041644932424,125.78303150416971,0.0,14.32564090261,129.29086487337253,2,5,0
1017,29.743377593311525,27.209808867847364,100.0,14.968637517431103,0.9328850510208944,33.11917873419682,66.42446973494617,2,3,3
3981,55.2804016266734,35.02338720684923,62.31884435845672,33.53204705329681,0.0,48.54317339173783,225.6821734104452,2,5,0
1547,61.5414425436108,60.30598693788375,30.514092532060037,133.56350683526767,0.3398509592564329,38.66324085345188,80.65079504211548,1,3,4
1659,53.961695215357096,52.4073443596022,67.21702878005499,165.24173816596647,0.831251946068388,40.504710536834615,125.21286222420758,3,8,4
3705,54.98617191283458,44.85191109735443,100.0,125.6804647207611,0.0,52.19943199232832,114.66356877217152,1,2,0
3736,39.38058204376071,45.783117726678704,54.077940276526064,94.30017235801868,0.0,46.235995270520135,90.5559931643272,1,4,0
2505,46.59630754950143,46.78898453408208,53.31666546958799,101.12501941227198,1.0024923602973868,45.32116134186381,42.81643492304708,2,5,3
1960,58.954171200346295,52.7962425461607,72.4288946771562,121.29554835507057,0.0,33.312217612188775,51.30669231533717,2,4,1
3332,48.56801496283866,46.17579544394616,98.58495267873882,117.10497407786907,0.3418129182591564,33.91846448379591,34.76031131895792,2,5,0
1798,63.63001394745249,53.18140029611263,100.0,118.76798480722368,0.0564520938625959,42.31669939018727,82.38913405512716,2,6,0
1226,71.77901193934733,35.181899886488765,61.80483850308693,109.04355557412164,1.434578867462868,39.22819723886304,45.46231420888768,3,2,0
3075,37.646962091313,53.01267639673564,18.191120457600043,67.23362383996027,2.0837981658347227,37.63182156963141,78.73758271352466,2,4,3
2800,50.42623297343884,61.08770742052352,24.15735580926413,161.1403961066704,0.0,28.28958960338184,98.4302031466988,2,7,0
3486,67.19175773959604,61.17726296427226,88.92942052755056,98.83030198780268,0.0211677787346708,33.23635496964394,85.35545848985016,3,5,4
3963,39.420445838719694,50.52331920634113,76.41958143311807,39.8664246114004,0.7010875503845546,27.82328622393516,79.39721726197116,1,3,1
3278,27.02411929682688,31.05845336452154,89.5374309865158,100.5684954399247,0.0,26.86727712747752,66.42512430262569,1,3,0
3086,25.585751481716827,84.87009958779227,75.87838248415471,98.3465999319116,0.1403401731043755,46.29476497114477,69.38000701971437,2,4,4
2694,23.08040639506503,57.903468854986905,65.99674651005157,95.57144663656052,0.1154549361590686,36.87868632458713,104.66825964657974,1,2,2
2046,67.67319874973344,43.773495665549454,56.122269301791256,106.00992793730276,1.569587101547658,46.62678357686165,88.70083983238756,1,7,1
1470,38.4836351871064,46.72020083847446,53.4140960695128,95.28654646175497,1.037256357272108,31.203261865853637,107.77625187918282,2,6,0
1955,48.35697643214863,41.29027546169073,45.04763430577412,112.70638435357176,1.2174205029361511,45.172754273613066,95.16252973348226,2,3,0
3977,75.27413355309338,74.79964455767796,77.67598093129554,110.1741001726144,0.0,60.18096732835487,46.06696144847239,1,4,2
1640,24.09842455872768,56.86708414888677,68.96320555002131,87.96378480054746,0.2490202307061731,28.330821986285567,196.86921205896925,1,5,0
3779,48.76471600279742,50.43785755903351,98.93111369327562,82.62498501470448,0.4136818806536876,36.68835734144179,70.55992166902496,1,4,0
2219,33.293058934804854,54.86687906528776,42.13669212479846,159.3713575841,0.4156492592436728,31.965905402075627,139.21835678852733,2,9,0
2159,69.63530973983188,40.25259671753845,48.637663431548646,125.12731232270907,0.0,41.5184754964157,22.63607243765405,3,5,0
2416,68.55680256162475,59.13358034381948,25.91908252741288,90.266815248766,1.1835483919410223,32.01479607815972,113.9372877065032,1,7,0
3714,22.01387650396117,55.97072324763894,61.79061851457994,114.65044036293276,1.4698064471594674,29.680021086347608,127.855122346807,2,1,1
2528,80.86487056544378,61.45790527450134,59.91550635078293,52.67177407360926,0.9375773823742632,31.203936908360102,185.16354630086724,3,6,4
3922,64.90010625754562,52.41949313994043,79.81920907627811,115.4527219052144,0.0,40.2846894043841,133.6363488878345,1,3,3
2301,36.63819092713902,43.64602127407734,53.47437363431264,195.37453362766345,0.6099690554506811,38.28828804758465,170.7955320246338,1,4,4
3867,33.22828403105538,40.14297556582913,76.94956100547306,96.66994864890133,1.216591635613069,24.971982886949306,117.0915160923053,2,6,0
2604,34.016159866994926,69.67540173908992,48.77237872524441,40.7039200406572,1.4433746598588368,37.86703424367922,72.46595766716187,1,2,0
1161,30.50636659545357,40.90244917676391,73.58566417143733,72.92634967464156,0.2094360642922699,31.60202592651299,187.34948490877483,2,7,0
2705,58.19637313857025,58.66045287659992,50.955990732933856,129.40786322179326,0.8651166122467551,31.143476022467347,105.90138569719096,2,1,4
1957,56.85450692755408,48.60583690079618,72.3631891897117,119.59406311227924,0.0667078380066221,34.92468656474232,113.07022512736052,1,6,0
3916,86.97217666592823,36.5972736122108,80.83906150479699,112.9797823349477,0.0,49.12023670988306,50.54289599596895,3,3,0
1878,54.47575903277797,53.645070830816,51.66294833304302,31.95825108494604,1.0722741568917082,38.81465765971136,43.34967171093015,3,8,0
2920,40.55818844605746,69.3911793427731,81.69225259647214,85.71567259538682,1.9134394768978849,43.10175827182838,15.078654538132495,1,5,1
2885,49.47188486082146,59.48681324963451,73.53989466849707,143.28373255836848,1.467703338633803,41.72891684787693,85.26179628872336,1,6,0
3201,86.08696219573486,45.03837655965421,0.0,145.3417073186463,0.0,42.69783929399936,80.64413632100978,1,5,4
1099,50.102269132849216,48.05724129704839,75.8260737882371,105.36146442095765,0.9963800727432988,46.83861113931992,69.97765172056627,1,3,0
3828,48.75991981267936,50.5156296353969,78.39618161800172,99.88768991214395,1.5903754902755696,47.29369795129751,83.49159687465846,2,5,1
3558,50.06751013194322,65.73296212813042,100.0,1.0,1.4212696162953369,39.75828573641791,115.6611995503282,1,4,4
1254,70.64930521102293,65.87177487630726,77.54683451802529,34.2560667797794,1.099233666342859,42.87296572749087,109.69609732407676,2,7,4
1104,33.95445461556762,66.05915839968779,78.74809288123481,168.90713402488063,1.2786047149242092,24.829269630943674,69.33121857634066,2,3,1
2446,36.97286212416342,38.57967095286589,100.0,109.86567061451332,1.441103735658103,22.772775184346447,133.6226387693078,2,11,3
2444,24.06336104088307,60.20345312626444,89.70510351992966,70.8438584337851,0.7376701511829513,47.16727647717343,142.7998645153273,2,3,0
2649,73.74772103129501,25.749299375779785,45.0692928140306,81.85721863131964,0.0,44.16523544715172,139.22636302378191,3,1,4
1587,40.81278200919512,39.56457684204404,100.0,120.38448684185886,1.493891141161137,36.93005954116598,206.3959037378628,1,6,0
1628,47.48426159800704,61.460446723592895,100.0,220.0791830515176,0.264657384333265,45.86851538784868,148.75535716444045,2,6,0
2697,29.993373507888503,57.65236203372776,95.79134436437936,168.8987166962707,1.0011372912901666,39.77799776564675,64.280672014799,2,7,2
3102,31.95896891284979,57.52527567753182,53.0254913384217,50.433280388287486,0.2052280594867178,39.710984765021394,60.48343091507661,2,6,0
3200,59.75744569742148,63.88508314254082,71.99123956534812,97.88340521698936,0.3686142480047644,40.29174426768096,74.4153064044144,1,4,1
1404,50.93961187529485,48.51732198141041,82.6067687009596,89.63419519958777,0.9783902714920214,58.47660002942449,98.32625948365472,2,3,2
2155,82.84030320272738,64.85249358438934,60.36266897719105,103.85393056907468,0.0,52.08439989136088,93.74125398525688,2,4,3
3256,57.27263765249936,32.99254464790469,100.0,131.02504495495813,0.274215902841365,46.60258706706549,69.06850246266404,2,5,2
2683,31.92596278539744,72.06552036225656,64.62215499573776,91.01848136372423,0.0125944946633236,29.70344744307581,64.8968218822344,1,1,0
3057,40.475582529106816,60.64028771682976,71.97619505375698,58.01958139796639,1.554570045418587,47.89907746853893,139.44321079260624,2,7,0
3845,54.335511275252586,60.814954293584535,80.88028820724006,103.57104162905466,0.6405770027721316,19.56231298473504,180.25990076047623,1,1,0
1453,30.285479073289125,48.08517977722715,42.539769550936185,68.71134781341118,0.8843886728908557,37.51276575917468,61.6135428615694,3,4,4
3302,30.03878745371174,45.30997331401464,58.000883932194775,101.7647695372608,0.0,29.914691917473537,137.77524532327948,1,2,0
2328,47.11824888556769,63.50799615997387,80.20339781945891,124.90559978222709,1.3952116352902624,38.09514302194894,67.87339155968814,2,4,0
3050,53.10381367717958,47.19981556529832,72.09681254402334,208.5596430531248,0.0,44.10460221902078,19.104467710497275,1,2,0
1881,100.0,54.52550013352603,74.6747552431166,102.29804680244668,0.7147529737230163,32.796116411995285,34.72437812085141,2,9,4
3919,51.961350790778894,59.68835630413839,27.120500732414484,128.7193175566938,0.457803475680413,40.84341032198211,98.00772886096073,3,3,4
1624,76.90840092309955,50.704023530905545,69.02094711393102,144.59388172851374,0.4688031704021626,40.29562286872101,119.41074957955364,2,6,0
3394,36.99952131186204,52.240128665898204,61.3523179833293,1.0,0.5967349234539243,33.45396979071012,130.1267682793433,2,4,0
3773,46.46451673768436,60.46380455508799,50.2988094191748,128.95307863473352,1.1129594542597654,24.058173202745994,179.609895701909,1,3,0
2788,34.95687188818834,40.24010258947425,54.0547826785016,95.95922134182211,0.128258580734927,52.17548021950716,26.307955159514208,2,7,1
1263,0.0,36.43078437509351,66.05406225399351,130.55354525552855,1.2784327894722445,52.14884030183035,201.20142681896283,1,6,3
2635,43.304493357869184,39.81154020210568,100.0,115.5269818957102,0.0,46.882851084882326,86.6530156430187,2,3,0
2439,59.81949903276502,44.89101939635208,32.15423746887866,180.82608272568743,1.1540182163695398,37.96116531020145,73.25710472469012,1,6,2
3199,37.17026181911381,37.30348547811532,100.0,124.19205625132308,0.5705339760311191,47.95432706807433,0.0,2,9,0
2970,72.67540193734129,71.79133317689275,98.3201174293702,123.73710524199456,0.0,45.45140879510541,83.57313889557298,1,4,0
3521,53.50422837817024,38.81086810286598,64.15982597542836,165.81724187597598,0.8528656823607592,41.20349915377171,61.39176565676742,3,3,4
2803,35.831864661790746,29.06827242867392,50.100740653737546,114.5043949817716,2.2092520097308395,40.48848393209485,131.4406914166381,2,6,2
1641,43.28430601419743,42.54601962323033,42.52401938670352,14.942976286637917,0.0,41.980786170316,136.55187626927676,2,2,0
3386,34.83009330599861,50.34793967836063,33.54467215453124,91.96733568169628,0.6787297202215311,34.730448564350084,77.25496659474334,1,4,0
3599,74.00157912853723,51.70091587950034,43.28698114793903,70.48926938997552,0.0,28.00717578035868,88.67004179927012,2,5,1
3831,15.92256826346562,46.45326744896211,60.42956297533125,72.47330158996493,0.9432366250703408,26.1562185578631,132.75501358112655,1,5,0
2960,54.4647782825832,57.546355529356205,60.48860239584122,106.67497095306857,0.5278596178812113,48.326657578803605,127.78656595515012,3,7,0
1489,83.74283270145129,36.1315382843285,80.05670193003245,75.98927829338002,0.4926104955834027,42.66177865204181,93.62460105454234,3,2,0
2844,51.85689802282229,47.875271209848094,60.11791129959549,129.57855092265487,0.51268293433811,41.07186464782416,4.451081072737097,1,9,0
2735,65.998838038841,54.36421046509228,72.94268546152395,50.779347691239394,1.2150206728107635,44.10506791486382,159.45863915525013,1,9,1
1147,25.26098578243836,39.38561157766961,71.59122653741294,87.60228963360552,1.2513381238044818,27.324222954669224,128.8096375164211,1,5,3
2535,40.67926996263515,61.1368837038893,56.77503964492183,18.85125189982179,0.8077688055911165,28.241890196608026,47.244918486665775,1,6,3
2987,64.50191573695994,46.68436304694424,75.51577010767907,183.2626116972348,0.5772348032115631,41.85877883622266,44.76875129530037,2,11,4
2370,32.30394571946198,53.34906253880391,57.36275611388722,188.2412941895868,0.390664269931963,40.216055475916846,32.61576000262588,1,2,4
3451,31.67616169037515,43.37226609138765,26.11236028238431,70.9209618386391,0.3823022477655829,39.61830413033572,122.52991656395662,3,3,3
3937,37.92038748061541,68.40551895573309,45.286774803352486,139.58726370043613,0.6442947657358227,54.876884464035136,83.97411381670153,3,7,0
1660,47.11279176152115,83.18796559095864,77.47714335052764,106.75881206713343,0.9314760033712514,32.641464240876395,84.24039700382778,1,5,0
2795,54.26393256475378,47.7482457311929,71.84658586027201,142.65075941217486,0.0,49.130708059288594,91.84693601365126,2,5,4
3512,60.94529594755934,60.92777965271805,84.61557381216852,104.7034920595762,0.3023815706525493,58.22392832551398,86.20184517724996,2,5,2
1187,59.4647524914709,32.04817030360533,80.42003936207784,14.5386800398702,0.7864488050245827,51.97423199804908,141.10782163285813,1,8,1
2148,21.198982348114114,48.57763653078692,3.704298423876281,92.49260839912806,1.1305425922533905,54.316359869379696,113.67607837375084,2,2,3
1609,14.425595021914424,29.756356826727018,50.32064825032509,28.66753945948264,0.0,40.291519123250126,164.27502482422068,2,7,3
3192,59.24345332163885,49.38060969489076,59.74926471152723,85.9944496124997,0.6309482565836199,42.83678449698853,99.13079452286723,1,5,0
2931,25.409008110951664,66.4482067734538,85.20667915860473,79.64920540966145,0.628269337321103,43.46782554594196,66.88809606671883,1,7,0
1198,53.07450211891056,21.752746879121243,58.086154964161885,170.70551953033907,0.6217464583826067,39.16667799375653,88.8802924460172,2,6,3
3328,42.25800595051198,53.26703509623089,63.9147424358023,133.78322266284883,0.0,37.12641125850365,155.9234705721672,3,2,0
1294,66.99204194042049,55.07035221652562,80.90589262002638,120.3545191699416,1.621394858229389,32.324929633261895,113.71075175650836,1,7,0
1767,49.300230190060766,35.369509590826254,100.0,146.65333028604925,0.510067397370986,39.84134081546487,75.25440633500753,2,5,2
1401,18.111446824112654,57.371441790803,78.25284476177359,135.76182919456164,1.0299392012735915,41.26770601142113,23.49345356283341,1,4,0
1123,78.05588621872198,57.36811498117994,50.95438320852878,134.08171118341946,0.6995243194695531,45.92521009760872,57.510249848852766,3,5,4
1203,71.66102486350553,53.334347837012814,100.0,75.46938829866737,0.0,27.09832585548543,110.54361792552574,3,2,0
1836,54.684294650730415,44.03663351762418,40.583876402498674,152.7310314243659,0.0,53.70791833805777,95.88347249913974,2,5,2
3295,33.39111186886869,69.84116700327704,92.0599272447495,11.428872427807804,0.547229017680056,38.02892012062605,88.66776882168455,2,6,2
2440,64.69755572099635,57.50214549670826,85.77189008990389,67.03379326114162,0.1973191689054269,47.159171404855655,17.423014328490467,3,8,0
2734,43.93640434331449,57.101111235687,70.04487182195268,73.08814349626054,0.0,31.61551749102425,70.42558714645415,1,5,1
2696,88.77857998116569,47.0270648543042,100.0,46.15227295610268,0.7073403103483866,50.55365546750707,100.20006301182976,2,4,0
3929,81.56236115124369,67.71484857958508,44.89155434265234,69.4405748874857,0.0,60.96161276050951,142.7133780789181,1,8,1
2708,87.9976386979043,42.73822258122773,68.80501874038025,55.3083389680455,0.7463727519456389,31.708410775146,150.13607075886569,3,2,0
3914,65.1584369984724,56.09084183642121,77.05090526155551,64.11804311947296,0.3952902792778366,39.77322474512659,103.87991948726685,3,6,0
2154,23.538204131850037,38.79615072394749,86.51149880878876,29.588661584627506,1.4145878474141504,49.08090298262139,175.7588196721778,1,5,3
2662,47.63862946017842,45.75172941582152,73.55111197076363,112.26179239471182,0.905704492979693,37.79165507962917,136.50400462687986,3,6,0
3433,49.52895698251524,51.60586179488445,54.07886964324026,1.0,1.5127759880780738,59.17848001606666,43.07687044228479,2,8,0
2760,76.29828907168095,60.82855228157212,37.54740240782105,54.835344461044535,0.4291616608777276,37.432661965199465,30.20548827681905,1,6,0
1855,78.4100849597971,44.517410945221016,70.5584809829652,71.53242882094312,0.0,30.560593566675628,71.44767110628291,1,2,4
2590,51.722877660927495,33.8023632832777,74.24369419926654,81.49887670813779,0.6434001101523835,58.15677455080316,89.28055340116109,1,7,0
3268,56.393036518379546,41.78142043689597,43.30693557403637,140.44943046145045,1.1020595474199744,41.92679929849472,55.1205497621569,3,4,0
1642,83.38043050578786,47.26146538430688,100.0,118.70310440655216,0.3592728596933555,44.79354258818502,142.6220632410671,1,4,0
1002,47.23471397657631,37.09422483830747,54.22672915655525,153.67063512052226,0.0,39.6734409625969,60.932115219152685,2,4,3
3161,27.77084086125936,54.09516076241579,66.4572819574544,166.25023274728193,1.2406952787971952,52.552262466345816,117.30734719762006,2,5,0
1699,68.48054038413802,63.99692108511604,41.753753569536,160.17890272667302,0.0,51.73900931574208,70.44771396365792,2,1,0
2637,30.89754841301294,57.8483477860555,42.55972544310683,60.34326681930316,0.1239850163281759,59.8327265592076,98.5022676936735,2,5,0
2292,99.8599903486558,43.54536020068036,53.95682140869677,30.4008356601462,1.141694530812313,29.7396475244476,106.3994181838632,1,3,0
3857,35.641622185047964,16.646387480942046,75.19651252667701,88.13438829023909,0.3832122326142555,19.780064772519367,116.02308107557911,1,3,4
3490,11.606536876046874,44.23314681534362,51.912834439505005,160.37515974759603,0.0,40.68750056763572,110.12604413669683,1,4,0
2521,74.42067391050706,42.68441940576883,94.63499278625125,79.43697847582584,0.1953646674615448,40.80713726726447,103.20512824751128,2,6,3
2854,68.38308347220003,52.23315205876537,83.53303235020695,80.6752554838605,0.0265621989655182,30.932710346499057,67.68212314253182,1,11,0
2137,73.78940977849281,49.161193272166805,53.686792669583866,40.33121157283424,0.2105281188334688,34.40345819174838,75.69317665755838,1,2,2
3899,44.25104961199289,50.563127622302325,43.56213324266422,14.49124493041029,0.4060926711053163,33.02670341502541,161.39939047928004,2,9,0
2632,33.07286690018253,41.91042478305094,48.665013149022215,105.28851917620617,0.0,42.78079595573527,197.3410981173057,1,11,2
2999,46.73866072112472,62.12054284103107,100.0,139.55700021779418,0.6336466122285742,47.5127770514261,185.676486467014,3,5,0
1664,39.13150457732471,54.685673156998575,2.3114036154705677,111.35144301944726,0.2668721569827568,41.16565656815336,91.50104068945348,2,2,3
1684,59.78749122455836,68.43822176445576,68.72203267461556,61.21968192811985,0.0,63.803877461644895,119.78487533040024,1,5,1
2258,58.3803801873209,71.36743731870422,86.22204814759598,86.88832153085721,0.7647583998020571,14.298524514196473,73.10858150674888,1,3,1
1318,43.79466486813088,35.26544629434028,56.776330931882526,50.136752101579226,0.7922129240875599,37.537098573912,215.9051130231901,2,7,0
1649,45.38130939582644,61.74310602422859,97.65578897149922,115.7485935777666,0.0,15.70244702317455,108.0305651077584,3,4,0
2435,46.65756572427177,41.703652746288014,58.72514957426726,112.55017715750732,0.0,24.765579418643803,97.09924528030348,2,9,2
2480,41.25083399353179,65.80837328443825,61.168396614046046,119.66475690832404,0.6407234526015995,49.63737877173107,101.0986647981608,2,6,0
1710,83.92912736580077,50.59170572361109,62.73865209430527,46.244847594162216,1.048312965962099,26.42301273132448,138.65659319016123,2,8,0
2283,64.1621735337718,67.39071564950783,100.0,152.10952884915088,0.585052106873254,48.50004267969593,145.31405600880103,3,7,0
2769,52.46409613568972,65.44119651432989,87.34558634647755,139.7379261235967,0.0,33.819679260939424,147.9353922480914,1,7,0
1973,66.81287097977449,55.21342420705328,100.0,142.2636648521048,0.3401474451396525,42.92035721730908,106.12775784753858,2,4,0
3676,10.74748616654842,50.30159700303648,92.55228278970672,59.99123506679479,1.823588294027416,33.9403701605249,146.03772826286192,1,2,0
3681,63.58285550876391,35.73223444418066,41.896953528480665,50.46729612503808,0.0149397388970524,44.92949810466969,74.57582129907314,2,4,0
2307,50.563623147382565,40.54962530699159,95.5408803456902,100.73470477721834,0.1605311185856695,33.304476736241895,111.92920939653024,2,7,0
2401,29.061780346361207,57.309578555674925,54.24642924644133,96.83483886093316,0.0,38.18054561657581,136.377368689531,1,5,0
2409,43.54640322315728,58.11362777841485,23.124815313201587,157.74987802708088,1.9378669080465505,42.56577395849308,132.95129760105482,1,8,0
3238,30.921211612067104,68.03864757837842,45.32384552659212,101.9784862066824,0.3102193961466635,45.32596487614065,199.00771757656963,2,4,0
2497,91.23007153272796,37.92242372385685,57.09708395321413,25.63127767980116,0.0,45.77205652527951,118.10921610523472,2,5,2
3039,49.48851375616011,74.35827489216729,67.90542250277338,108.19620317967149,1.0917845897474387,28.04530283334488,160.8564960578056,3,3,1
2530,27.60765133421977,41.73527294692626,18.763137858257977,101.54035674989753,0.8966254829845622,34.73834628939812,129.6585495499015,1,6,0
2664,37.84356025811135,42.93026418273323,86.57102732554081,14.24533264087306,0.0,50.38839711982094,63.29975028554245,1,6,0
2355,38.46979198546561,56.06319297915998,100.0,134.71631905746494,1.0298669152894742,34.69419644352791,140.89332124748182,3,9,0
3925,51.83504968896746,23.71434357288505,42.03691289470919,75.15619363292359,0.47496964893854,27.734394200980347,131.9258289624182,3,4,3
3945,56.481140564431215,57.393259577778046,45.29992954992648,200.88879065875324,0.4711034586253405,55.59741947283964,146.5255382768051,1,6,4
2644,59.04743592499468,70.83536544444142,70.19319732939212,89.58973710050171,0.0,29.096078011925613,117.48152708348138,2,1,2
2052,57.91607066874818,52.71876743903076,79.97480393754239,131.84350791977016,1.605864870181085,38.44073902517092,92.63118874010908,3,5,0
1796,71.06305706665808,45.115834217772445,100.0,162.25205041116283,0.5171357688963375,37.82344878861883,84.8669478162225,1,4,0
3694,47.31006431196535,34.292636469646034,67.0110310843401,76.54346419362687,1.1762649987494245,33.80128929375448,110.44596367388772,1,8,0
2598,91.14990939423396,69.36910758523818,43.68632020324724,144.2221218690869,1.0133436050247266,27.71220649094986,102.21030874402264,1,6,0
3605,37.51309220573552,56.28139940191245,85.3316386165286,72.7862783537731,0.0,13.733152440013882,74.61660753951466,1,8,2
3730,40.29388329264263,49.21242397192022,64.16978754484015,126.6011216136393,0.7907657357541928,38.47622502728823,163.34018042216672,2,4,0
3626,32.77824179652859,48.537119243815646,75.28023498061141,8.751112651944155,2.0712775788011792,39.966423799600186,120.66127248430178,1,1,0
2820,30.25640945697632,45.807388050552,75.85648161141914,185.2681178256542,0.6190071532861467,46.55919139658837,58.77883556683266,1,7,0
2723,64.77620961775006,50.39307129161053,74.13100125162313,101.30925745928992,0.1826525849295883,36.32856428952768,113.5024806722598,3,3,1
2184,18.58998792753646,41.22638519873345,46.72495720918896,130.94301650723176,0.6130594494668851,32.44024708684988,168.53479944524878,3,3,0
3573,44.00646703986426,44.8390406494366,80.2595819196723,79.00765020843855,0.6430239187918239,38.14263236581501,0.0,3,5,0
2060,42.58771335827788,46.444820449810585,87.17391580246694,28.01959346005863,0.7921305111623077,30.629423235338663,70.73965515481993,2,11,4
1541,66.71384224130284,54.962769569233664,77.0011335674351,116.43220129024044,0.0,32.3784153697378,98.11291018956996,3,2,2
2679,69.9662179629592,62.92154788449207,52.46776073021125,73.51161470384797,1.4866040968356369,36.931682556114055,101.56072948347824,1,4,3
3797,61.462556264824,96.47449151106886,57.14777989080255,6.687703257520525,1.2013092894787618,32.44966004089501,0.8212160942676263,2,3,0
3956,84.94726395831117,62.87208606401024,96.26935726180284,75.45255251340669,0.6925654338606279,44.12114300730602,129.96314127003993,1,10,0
3533,61.11025292684496,69.73262436410155,82.0015904476026,68.48839631767805,1.1297191165855844,36.7116917341276,36.28563884745381,2,5,0
2758,69.05749094405877,69.2140936500009,100.0,93.91556571563652,0.0,43.34299963751008,158.26627996116406,3,6,4
2924,54.78493728222299,71.21280932496634,100.0,87.01394144617338,1.6778640402536795,50.8591841150672,88.58912327827346,2,4,3
1096,20.72970103735763,69.19197397486627,88.45593077040405,107.77558018817804,0.6597311022726688,51.812216342206014,171.31171290398822,2,2,0
2021,60.45670976070999,82.54904882120815,100.0,177.24207312091292,0.3885588018893523,40.17855301482175,56.11517432417197,1,5,3
1564,43.47952935664318,67.91888330770595,100.0,169.53217979749786,0.4416124856774071,15.174560140891614,118.1792136923095,2,7,0
3791,61.90058931671129,25.616839496569085,17.132660023156618,22.448690900833995,0.6747147332520683,34.11307475308008,85.20362298956182,1,9,4
1864,85.91755346191044,46.76585632147967,76.41876996654469,46.34048629664753,0.0,19.907846559744385,133.16915244236927,1,7,0
2485,54.49369451503772,49.49112161108137,61.55462264521492,128.4644661635032,0.0372846829201014,32.4588752020894,142.75945266964138,2,2,3
2882,82.31165647096464,70.60871577817174,64.03118494841414,63.56049018113083,0.0,34.104828675034895,134.58525568039937,2,5,0
2039,54.48903637119944,49.6654957442292,12.855568887626248,130.9278178488962,0.9913175764415056,32.97167187064559,102.93019697628596,1,7,0
1207,60.3007053441732,38.41010832093764,60.01336273817868,152.62736553673744,1.0830618099775289,44.92609486813053,103.48903511076092,3,1,0
1393,23.59533585958716,48.89040704608433,30.246454232992555,89.0997184439438,1.434831728495458,48.43828774485625,19.718329846860613,1,7,4
3843,79.53868852236549,27.59735332620285,68.24440948563436,138.39688317582687,1.4683968549891824,34.155007843780496,104.62803085857172,2,4,2
1871,46.46105545011901,29.14667112269806,80.22662345835143,102.93044586858964,0.6381608238077621,27.87478052916321,154.7936727488413,1,2,0
1398,77.07744748330825,72.33669662492434,37.86022498109931,76.24373607776984,0.3842031634726746,38.79728060674234,125.39399225343104,1,8,0
3815,86.65114086958403,13.470315023256674,77.82164128727277,132.2799039479773,1.737550066787673,44.92523446206357,149.51931183056763,2,2,0
3883,37.86269644285649,60.08440112060603,94.52874288925882,83.42503058502429,1.122258003915126,43.77618406420093,192.093900104562,3,3,0
2029,62.27035945460833,73.97807168144512,41.07646506926322,14.768902091144213,0.0891203097856757,56.73743753983425,103.95369289813064,1,4,0
3691,29.66633742847005,51.02557348951488,82.7633844612809,71.41320886253331,0.6947432172146859,50.47176655002997,105.07779928051222,2,4,0
2486,68.65181663746179,26.07866062755001,54.31448163934067,103.5834276940122,1.0594725202620716,28.83080488087841,122.36332791255344,2,5,0
3661,26.488107887502967,49.178324594917626,100.0,55.90907505072903,0.934653376929794,36.23224530262145,158.60631547946912,1,3,0
1961,62.85445519735088,39.02552391637208,97.91703187668806,46.46667969049109,1.2633305183398955,25.83009860319009,90.65142435913592,1,5,4
2571,65.88529359243654,41.05382888046681,42.85630723046127,7.594494380573167,0.2941137737366813,43.663274835410775,101.85071887480711,1,3,1
3774,19.027634022725067,37.458624946705605,86.42322665855221,123.35454719967872,0.0,40.30268671108619,33.837132161572626,2,4,2
2896,42.59977940235745,49.85232787024425,56.27102645590559,113.44024672196154,0.8975961776669692,47.98504904615669,44.30778112994916,2,12,0
3732,83.70028557417018,50.64561306275581,66.7299851568261,222.28847845568416,0.332332978162252,17.40613742095814,107.08190640678252,1,1,0
3147,17.981920430469685,48.135713342563456,85.69201044686186,65.31166962516248,0.0,47.324765292381,42.26907162311366,2,2,1
1805,41.31007545135369,36.60818726762174,48.400503773098045,141.12864606002404,0.0,29.76265554722182,75.25596709103402,2,8,0
2752,63.55750639061815,46.155787636226414,77.92380017460289,154.97922321638347,0.4616775230266491,51.34924281599199,89.07208308307918,1,6,0
3455,63.6410413142524,64.6406107903392,42.4678377540043,222.062792263267,0.032552323998197,36.90671507225703,125.80674830439716,1,4,0
1503,22.02864852361717,50.678340634999735,80.96448227302514,108.77870424629108,0.0,56.62777289179469,21.987901122314145,2,6,0
1780,62.41344195101356,48.7089546081366,65.89626468195566,118.42487934195194,0.4389961253652024,47.57754780208183,47.077475528948106,3,9,0
2864,15.029360535236384,29.741660534855253,53.9305904275013,83.58395286547201,0.5778879634172426,29.600318483829486,33.22673532759406,3,4,3
1201,57.155747206965664,52.77763305244872,56.193468697184784,183.20960273919496,0.7316044717468383,49.59508057023329,149.15892404995105,1,4,4
3183,46.39216636475184,46.99041051761852,69.95428102889748,138.1951454287822,0.3703138595487493,45.21003896604904,144.90619162906296,1,5,1
3089,40.93503181953973,51.26777713722991,81.00884984694784,1.0,0.0324408306783467,51.285940674785806,90.62480581356137,1,0,3
3279,63.32625001818424,38.36187765250274,48.392868451486606,121.30782798230923,1.0162696444265764,54.58819135856469,45.64848359993624,1,5,0
2797,43.61892128666764,57.29277187342908,36.48778396583908,4.812029717770329,0.218565489807647,25.915766157939917,73.40621035488655,1,5,0
1379,93.79605866435344,57.58948330183798,92.6636039277491,80.01147442784713,0.818602466664663,46.68333229606161,114.34319214096752,1,3,0
3337,60.0133144276242,42.31198834030175,45.743216852294026,111.47863205371266,0.3967232683298937,53.2240432481173,99.44487046885828,1,3,0
1419,73.58594368127653,30.61061979271606,82.28613777236005,105.38800277262716,1.398856193579601,36.85039587545255,242.35047944788204,2,8,1
2699,60.2781569931783,51.894712992248,81.1223973752471,126.06078955943624,0.0,50.68161034875985,83.1924998641124,1,2,0
1392,59.83838343013012,37.95763334073737,69.90489665823002,175.71403678602417,2.0415702913610394,46.451834964809024,158.77270061695674,1,1,1
3641,86.1861269946622,61.796093179937245,100.0,118.3599899387694,1.9314571586217184,50.39762289604782,23.826474534822623,1,7,3
2523,45.47031802300336,57.44600176600912,74.41210459157382,5.398321375716492,1.3945135647293805,43.52011591090864,85.52583654060753,1,6,0
2163,22.20855066472808,45.97031370035386,83.70167311767926,114.15654111597624,0.6297776595274329,24.3514557504454,113.34130855401936,1,3,0
2496,90.12185776318246,75.16065631708234,57.49347458533311,86.9695833833021,0.6857018413486657,33.67560961923825,59.91054460244748,1,3,2
3696,78.62733563662367,57.85940768115102,92.64294001243414,49.31970788227657,0.0,32.825013979155784,39.06444496153173,1,3,2
3028,74.77892705878875,43.396111934204,71.49763141991096,29.158823602540508,0.0,38.67318220280104,55.32904570803572,3,4,0
2153,37.22076504620996,51.29166302388467,48.08257285951768,77.15040830873843,0.0,35.09809093771312,73.07367732157607,1,7,0
2368,31.33464081853608,50.486105200102045,58.26633833933222,126.91058027461288,0.0,31.29233623559261,110.38136990079542,3,3,0
3569,67.16902233313331,54.09677651440467,81.14597188073117,128.49381879897615,0.0463072962785556,26.184509411205617,30.58477458432532,1,3,0
1065,66.25051644788397,27.28294536228849,74.50177594239953,122.8177986566348,0.9714001689275854,42.079296919616745,149.2327899068805,1,6,0
3063,57.80929699857779,44.9713387719796,32.42382851606298,10.549380474927943,0.0,34.855741817382565,62.62878770047819,3,7,2
2181,53.59788302306957,54.17522951967004,77.86111477187131,29.03078221019797,0.6716938525523253,39.96522790298064,83.79639080991092,3,3,0
1493,51.54736615295237,57.44298781044974,93.94984853700048,78.3670243301704,0.0,38.35786215958505,101.67757984091212,3,7,1
1380,33.83403429289697,39.0759169639008,71.80630120594789,107.85728918512672,1.0409098645435753,28.70514422404596,166.26318015636943,3,2,0
3236,64.61528238133049,81.02339062258736,89.70729141590009,109.07305317403194,1.008074803627158,34.08354184657554,101.88225325485747,2,7,0
1764,48.078802005507,62.34919873516558,100.0,116.26297491147908,0.5537130015750698,36.44453328809294,47.79570320880796,1,4,2
3265,63.60432210900899,67.86628782160216,14.6044393744833,115.81368901298568,0.7337615335993275,55.29101006673248,47.3034576072389,2,2,0
1792,54.15375374326222,43.8137927267528,58.65271459617179,116.7658628198654,1.723694900766999,28.03660100789788,176.26516460372957,2,5,0
2077,18.86836202680498,44.5532500826665,90.01754868863942,67.15822656527848,0.7807967828849607,46.69075254496365,161.40576468904644,3,5,0
1879,49.67154207854496,27.00949160165104,62.47935109919253,44.52722222768901,1.0793602568146392,34.85731028429359,134.71055214726127,1,5,4
1338,43.57228316694013,47.76546035349055,58.87982904573774,89.38778450800348,0.9005211917262244,43.86226064104582,191.52342374993876,3,7,0
3768,59.09481824282269,48.80137321006176,74.68648455222277,48.063278291866496,1.8896585749699495,40.63107121492024,105.65103551494144,3,2,0
3344,39.47930314664839,41.57993005336691,36.74434360896655,101.50703306575888,0.7028810293094981,44.410826618604034,111.23161579280377,1,3,0
2017,36.97163992771103,42.78749315732031,69.12258833038514,46.31535769012679,0.0,28.51159880384137,116.22521611854064,1,5,4
2276,52.83433827279809,48.480789219477,52.40209186461139,128.5470496971099,0.0,35.93643148629577,0.0,2,11,0
1456,34.14254335475312,80.79458036752494,44.89273591264367,63.38502251314558,0.1481894402660204,56.38281183136422,125.09471949303108,2,7,2
1816,20.28879253926056,23.103403211981348,74.46322924301195,110.274321378001,0.0699035328865106,46.25076797004073,233.6078371314007,2,3,0
3318,37.65493626906154,46.691926562651936,91.01516781958458,120.29251333464497,0.910069088488259,40.80159760487553,159.7592701201549,1,5,4
1996,44.377994142280905,50.42686371774738,62.55332987607847,165.05510315120463,0.11899819479116,44.70392742009157,97.62013774407464,2,3,4
2982,22.40763670422139,63.3061966466943,57.39678315870841,114.98359886689632,0.1012589464175357,42.42902540711251,125.62997556363992,2,4,2
1202,61.215690527364686,56.381672962762586,42.57140875927965,76.19687211110666,1.6751486651707983,47.57734114209904,100.61950380970038,1,4,0
1162,65.74169207484904,56.83856292756054,91.78810965219836,94.89968599363692,0.9936040612567236,34.88894787671215,71.54693045767132,3,1,0
2580,33.79495125971238,62.474251792706056,34.27738483720683,86.56891880309679,0.0,61.63976333301581,108.59604244537228,2,3,0
3778,45.17005108258442,44.66038873421251,98.55518482213895,96.49851115959775,0.0,38.290899465252565,0.0,3,4,0
3450,36.18917895367481,28.89584899230246,78.30930833059962,16.345799374712996,1.2924678165842822,41.80910675225025,116.04678771604338,2,7,0
1703,35.91312618914482,36.2551862138987,14.505551313703728,129.35287672972677,0.0,30.51378098791033,43.15644091827922,2,4,0
2501,65.56722152333276,35.618323157198375,100.0,177.06605724006602,0.8015922036188227,30.954087862869255,116.63103923905194,1,6,0
2130,56.57524820606961,74.84312378085943,100.0,42.51292723160536,1.1587465860163515,54.60818718289113,107.67136901926943,1,6,0
3614,49.86957369541084,51.397375065496135,65.82963148254017,54.13691789113562,0.5302428340798527,60.14113723359744,76.03334780175592,1,6,0
2022,38.52599992122842,28.64476044674116,29.36269324500418,130.20487131777836,1.2090600192688468,64.75313800936102,108.53994519669013,2,4,0
2586,63.86211214526288,67.89669418776542,49.4286024620392,36.636165581363485,0.8646838114442401,14.569068105252214,149.09109722193017,2,6,0
2956,77.48876186341634,29.160519046835145,100.0,92.43012540292952,0.6772285869895093,45.74081282106535,51.923865633539286,1,3,3
3254,49.75822104307891,27.75523352026373,44.369522856564174,133.96865852870604,1.0935501273486974,43.42119420109657,127.0187065465519,2,8,0
1035,66.45089824206377,50.88476332384396,34.32933558046644,98.53241489421528,1.4139079010673663,30.03955059830108,148.1303637038326,3,3,3
1776,18.595505602190872,57.073135706273085,90.55165195081318,179.37003012077685,0.7231789305056713,27.730843237047598,124.13325130206532,1,5,0
3557,0.0,51.13364559005057,61.18865670905645,121.1314308596283,0.0,43.92907359014392,72.3176757724604,3,3,1
2479,32.250156443958,29.082573967111077,100.0,195.03245208610437,0.7447548300032315,51.16430748782207,87.39384206139619,2,4,2
2391,59.19944285878233,57.72325394114559,100.0,1.0,0.7609559109704441,32.20455524640624,212.3094006779133,3,2,4
3140,20.6494946849512,40.11441087667033,78.65781775562216,90.85492162880364,0.7428722078191368,56.7665080276136,84.76605187031348,3,3,0
2364,30.53862118236889,67.93220976238219,56.11798757736676,37.87495815403064,0.0,15.786202481227214,49.68459972034566,2,5,3
3613,45.97016932104964,65.57909103813225,75.46795665353719,123.87944097765023,1.1986589208225586,47.17931385822665,71.47576571794613,1,4,2
3825,48.95191098845061,41.046578229020426,92.09016964985425,44.08840303219843,1.4497099434984846,50.96724207629284,103.091583600906,1,6,1
3042,41.81435123773792,24.61593752535007,65.41886891976796,43.3478826311269,0.0891292530166009,41.71244047684996,96.40934285744828,1,2,0
1242,47.70527117066202,93.02604583500153,46.51896148294984,96.7294883202303,0.5719699702085482,49.901247868928166,65.14605435996516,1,8,2
3062,47.25256423201207,65.7036769173221,73.76506232111585,68.86930500203405,0.0,45.66270708058688,73.51959002152206,1,8,1
3364,72.2537674997985,36.08670003782408,59.10246327273917,104.87444695118484,0.0,43.770609096284,83.6336279739282,1,5,0
1601,65.13977233290704,37.64096769542,37.76298531975781,1.0,1.376511325876277,42.30533667211339,97.76567992799052,1,5,3
3436,42.60946142333283,40.80525093093966,73.76186246934752,39.584824217033365,1.992502522100591,37.29707682375505,101.06165328879106,1,5,2
2298,44.194509116226975,51.89401604351102,43.5299962938045,178.72931788811712,1.2480495537130594,32.65679997686626,82.1849341133969,1,3,0
3215,40.59915704480997,55.4059009252712,57.334129155302016,125.3293835848638,1.0009263475811636,64.84144080745335,200.5860787721373,1,9,0
3889,42.299563765742725,16.009218587760756,68.29284480589273,90.9596277456387,1.410790896525001,17.606773334357747,119.86331678107489,3,5,1
3069,78.45496272199881,49.69159163974239,70.85833471422089,173.7241003689128,0.0,31.770513741376423,106.83663279357552,2,7,1
1647,0.0,53.87991721783082,83.82263071498704,125.0950116850336,1.338241978026722,30.975852792558747,94.48000479504783,1,9,0
2529,40.22301156427452,49.20339797454634,32.8703459325017,156.52633097686555,1.7469798016206004,43.94820020412177,46.2768616821999,3,6,0
3880,46.2534196318725,54.81937206136082,53.78826999952156,68.82015598336804,0.1666605877207089,30.179075931997843,133.06699820711464,2,7,0
2268,31.921847170704204,20.06702329322392,71.96098115209175,93.7640920881757,1.037490586267678,51.05593145289484,43.29361687607837,1,8,1
2900,44.0903936394168,59.056857804168416,57.85803138562383,81.28049833965429,0.0,54.80992404117493,129.79159322552738,2,9,0
1563,67.42249406863385,17.1511744253217,65.16739433880075,128.56121051181196,0.2079142442743244,39.92828789018673,8.704945294369708,2,5,0
3735,89.74122223398882,41.38876134369096,30.765260115632906,61.35831345555181,0.5333710262356072,43.44133704828065,155.24349773493546,1,2,0
1190,19.70305550628271,77.4443030257413,100.0,180.51464902414355,0.0,39.970545886674046,133.7252516577411,1,4,0
2807,55.34253302022967,38.91457012965151,80.69906566381587,71.24067751782418,0.0,61.64892589101457,114.11888755997576,3,5,4
1976,12.209185381089384,52.87366094291134,70.61079600445085,72.9113381994199,1.0534803470180882,40.61788270229648,65.2748419307595,1,5,0
3748,26.97971832760986,53.03420611431829,63.18932747672821,1.0,0.0,12.435372029092887,51.53600101306014,2,2,0
3048,49.81399357722771,49.66947703993594,52.33233079067486,70.59907404815165,0.4676866392210196,33.9687991177388,59.09605063470115,2,4,2
3559,56.55642345686171,49.56175391219022,67.65241078217382,105.91651094491012,0.0,45.19436623191738,88.94358860429391,1,6,2
2083,43.56729897565235,75.1801201005885,50.51561686849708,113.6830059606251,0.1442143977416757,43.90484293874335,122.32233916523889,2,5,0
1475,82.89935427002567,39.24475776308096,24.25795461979793,1.0,0.7457639041737143,31.209837310495487,139.6972901816086,3,3,0
3905,19.656526066566418,36.593809713744285,59.40416154483792,87.86667692864387,0.0,44.34376922028368,121.50388241837427,1,5,2
1748,34.89234135293355,52.67714995828084,82.9554737611353,42.150177216781806,0.0,49.3798960029134,121.32839558918388,2,3,0
3301,71.03895235445837,46.86997443169301,100.0,110.9654456566027,0.6003006703174177,22.128614124155487,117.16851748977376,1,4,0
1022,45.48447399026929,43.05257956871902,79.98070482348318,180.40336235863649,0.8700443707341914,41.34583284812247,205.78854047814923,1,3,0
1460,26.04244214822303,32.42518479023657,73.10439211861534,89.92900499615132,0.466176224885959,45.37462086725202,152.7091582318654,2,10,0
2185,30.20743726859325,42.81862142717467,71.07577433303203,68.53831183062903,0.1975152698094062,43.66146525965682,66.40119233232522,2,7,0
3325,49.88807962341907,52.9759027576623,71.64471621622407,122.9818659037408,0.0,54.14743819359813,75.15504764237008,1,5,0
1956,72.34591663176255,40.829221289170576,26.142878679437523,134.85254894198633,0.0,46.292381802952406,78.57891349999821,2,8,1
2216,74.95484145347467,58.37504634817558,84.09469687517287,51.74772097119102,0.8620471513112722,52.75771820758322,80.08306886556237,3,7,0
3434,46.512914841943285,44.82279678292959,88.52542378341123,97.15815738965252,0.6707903315983528,38.709200119531474,5.515110670104988,1,6,2
3854,54.410828540277336,35.32117415017019,19.95649581309346,121.86863370898342,0.1008644816112927,31.958623118393117,170.66864623426034,1,8,0
2516,47.56504983233433,36.3078362105523,81.71350403865173,148.3069830430524,0.0,46.76101613649913,119.7261802580938,1,7,2
3392,31.4097827961518,52.425477900571295,67.07069987564061,120.6035568533012,1.3409919222509172,51.30164692266117,21.36247971542555,1,4,0
1770,86.24897115993858,41.70618743949047,54.26969626176394,11.311243389874065,0.5806679068804128,37.9624048650558,113.4617566443129,1,3,0
2686,73.75358776923127,59.980534025492446,92.55678499858632,57.49011270926721,1.5299802437165655,28.70184969735437,109.5439967959354,2,3,0
1131,18.986731378677348,48.66148768667826,77.54902250429411,161.02753019656163,1.8717787873691176,35.32076277666752,80.64734868831363,1,2,0
3920,75.91743563726028,33.51432872667691,90.64808957576632,75.13152334298687,0.0,48.49456255104331,70.3833897572986,1,7,4
3136,38.52796454206198,50.753415487485206,66.93910025631506,32.839530470804974,0.8946715915705529,43.54772868628009,90.86501140390564,3,5,0
2483,84.53927702466811,37.32269062360761,56.03010452787606,33.11629069561579,1.5080770840484214,41.46747472205226,0.0,2,7,0
1331,49.75506454306171,63.70657432078379,100.0,170.53461602104474,0.0,33.86636399376764,98.60261143608535,2,3,0
2239,61.37966158370551,71.79913214063816,46.67234807032227,24.71260997179168,0.9938593702421724,51.28545777531187,241.98114574039565,1,2,2
1467,62.28333400086851,43.82264946554514,48.7569769630576,171.6816804408939,0.2969787189736652,48.71993465426864,103.90578462417324,2,5,1
3170,59.32716748892669,33.0790616778846,67.16019595745088,94.35094384466947,1.9603848705656568,43.02613525946254,104.2719342609955,3,6,0
2639,91.25049838486292,19.739918028163828,100.0,76.98038336716724,1.674576085878088,31.17610696921379,102.11248022134176,1,5,3
2096,48.385668397828354,34.52067136858348,27.09916879223277,179.9561620418367,0.9459833282878592,30.91658748292015,108.52830133850632,2,6,1
2131,56.42714430900546,46.35408201678701,68.14136675603689,116.2172855597462,0.4834674144070806,41.436308339881975,23.34127023188327,2,6,0
2295,51.6365871709513,68.09912232295872,73.05607511367666,105.15587912228185,1.5079678290000411,25.531170332392968,62.283768072679656,1,5,4
1861,54.058460417026,43.22075942132184,49.35418066904881,130.27022523813733,1.6479696772800625,59.5532621614979,98.28433346250957,3,2,4
